S00E0000752D626F6F742E73726563C0
S31580DFFE00950000EA414E594B4148334400E80300F0
S31580DFFE100000000000000000000000000600000077
S31580DFFE200000E0800100000000000000000000000C
S31580DFFE30000000000000000000000000000000005D
S31580DFFE40000000000000000000000000000000004D
S31580DFFE50000000000000000000000000000000003D
S31580DFFE60000000000000000000000000000000002D
S31580DFFE70000000000000000000000000000000001D
S31580DFFE80000000000000000000000000000000000D
S31580DFFE9000000000000000000000000000000000FD
S31580DFFEA000000000000000000000000000000000ED
S31580DFFEB000000000000000000000000000000000DD
S31580DFFEC000000000000000000000000000000000CD
S31580DFFED000000000000000000000000000000000BD
S31580DFFEE000000000000000000000000000000000AD
S31580DFFEF0000000000000000000000000000000009D
S31580DFFF00000000000000000000000000000000008C
S31580DFFF10000000000000000000000000000000007C
S31580DFFF20000000000000000000000000000000006C
S31580DFFF30000000000000000000000000000000005C
S31580DFFF40000000000000000000000000000000004C
S31580DFFF50000000000000000000000000000000003C
S31580DFFF60000000000000000000000000000000002C
S31580DFFF70000000000000000000000000000000001C
S31580DFFF8000000000000000000000000053504950D0
S31580DFFF9000000000000000000000000000000000FC
S31580DFFFA000000000000000000000000000000000EC
S31580DFFFB000000000000000000000000000000000DC
S31580DFFFC000000000000000000000000000000000CC
S31580DFFFD000000000000000000000000000000000BC
S31580DFFFE000000000000000000000000000000000AC
S31580DFFFF0000000000000000000000000000000009C
S31580E00000150000EA14F09FE514F09FE514F09FE5F3
S31580E0001014F09FE514F09FE514F09FE514F09FE55A
S31580E00020E000E0804001E080A001E0800002E08026
S31580E000306002E080C002E0804003E080EFBEADDE9B
S31580E0004000FEDF80A85F040008922B00E8C0040071
S31580E00050DEC0AD0BDEC0AD0BDEC0AD0B00000FE148
S31580E000601F00C0E3D30080E300F029E10C039FE5A5
S31580E00070001090E5021081E3001080E5010000EBBE
S31580E00080850400EB1EFF2FE10000A0E37AFF17EE68
S31580E00090FDFFFF1A170F08EE150F07EE100F11EE92
S31580E000A0030CC0E38700C0E3020AC0E3020080E3FA
S31580E000B0010A80E3100F01EE0EC0A0E162D600EBEC
S31580E000C00CE0A0E10EF0A0E10000A0E10000A0E1DC
S31580E000D00000A0E10000A0E10000A0E10000A0E1B6
S31580E000E090D01FE500E08DE500E04FE104E08DE58E
S31580E000F013D0A0E30DF069E10FE0A0E10EF0B0E1EE
S31580E0010048D04DE2FF1F8DE8B8201FE50C0092E84D
S31580E0011048008DE234508DE20E10A0E10F0085E8B4
S31580E001200D00A0E1680600EB0000A0E10000A0E180
S31580E001300000A0E10000A0E10000A0E10000A0E155
S31580E00140F0D01FE500E08DE500E04FE104E08DE5CD
S31580E0015013D0A0E30DF069E10FE0A0E10EF0B0E18D
S31580E0016048D04DE2FF1F8DE818211FE50C0092E88C
S31580E0017048008DE234508DE20E10A0E10F0085E854
S31580E001800D00A0E1580600EB0000A0E10000A0E130
S31580E001900000A0E10000A0E10000A0E10000A0E1F5
S31580E001A050D11FE500E08DE500E04FE104E08DE50C
S31580E001B013D0A0E30DF069E10FE0A0E10EF0B0E12D
S31580E001C048D04DE2FF1F8DE878211FE50C0092E8CC
S31580E001D048008DE234508DE20E10A0E10F0085E8F4
S31580E001E00D00A0E1480600EB0000A0E10000A0E1E0
S31580E001F00000A0E10000A0E10000A0E10000A0E195
S31580E00200B0D11FE500E08DE500E04FE104E08DE54B
S31580E0021013D0A0E30DF069E10FE0A0E10EF0B0E1CC
S31580E0022048D04DE2FF1F8DE8D8211FE50C0092E80B
S31580E0023048008DE234508DE20E10A0E10F0085E893
S31580E002400D00A0E1380600EB0000A0E10000A0E18F
S31580E002500000A0E10000A0E10000A0E10000A0E134
S31580E0026010D21FE500E08DE500E04FE104E08DE58A
S31580E0027013D0A0E30DF069E10FE0A0E10EF0B0E16C
S31580E0028048D04DE2FF1F8DE838221FE50C0092E84A
S31580E0029048008DE234508DE20E10A0E10F0085E833
S31580E002A00D00A0E1280600EB0000A0E10000A0E13F
S31580E002B00000A0E10000A0E10000A0E10000A0E1D4
S31580E002C078D21FE548D04DE2FF1F8DE83C808DE275
S31580E002D0006048E900E088E500604FE1046088E579
S31580E002E0080088E50D00A0E194009FE5009090E588
S31580E002F090009FE5008090E5089009E00000A0E38B
S31580E003000110A0E31110A0E1010019E10190C911EB
S31580E0031001002DE9A203001B0100BDE8000059E3BE
S31580E003200100000A010080E2F4FFFFEAFF7FDDE8DA
S31580E003300000A0E13CE09DE548D08DE204F05EE27D
S31580E00340F4D21FE548D04DE2FF1F8DE83C808DE278
S31580E00350006048E900E088E500604FE1046088E5F8
S31580E00360080088E50D00A0E1FF0500EBFF7FDDE8F2
S31580E003700000A0E13CE09DE548D08DE204F05EE23D
S31580E00380A40100084C000008240000080233A0E322
S31580E0039010209FE5082283E50322A0E30C2283E573
S31580E003A00000A0E31EFF2FE1E02E00000233A0E371
S31580E003B00C2293E5012382E30C2283E5081293E580
S31580E003C08C3099E5010053E18C3099358800993578
S31580E003D08C0099250030833088309925BB3D833267
S31580E003E00030832020308332033061E0883089E535
S31580E003F08C1089E50010A0E3880099E51EFF2FE1C7
S31580E0040008402DE9E8FFFFEB08209FE50030A0E3F8
S31580E00410FCDB00EB0880BDE8E02E000010402DE913
S31580E004200040A0E1F5FFFFEB000064E01080BDE84E
S31580E004300021A0E1F8402DE9002092E00050A0E301
S31580E00440203FA0E10530A3E0022092E00330A3E064
S31580E00450002092E00530A3E00040A0E10312A0E195
S31580E004600202A0E1221E81E1002092E00130A3E0B9
S31580E00470022092E00330A3E0024094E00350A5E03E
S31580E004808532A0E1A43D83E18422A0E10240A0E19F
S31580E004900350A0E1C4FFFFEBFA2FA0E30030A0E316
S31580E004A00060A0E10170A0E10400A0E10510A0E1F8
S31580E004B0D4DB00EB006096E00170A7E0BAFFFFEBCB
S31580E004C0002056E00030C7E20310A0E1000052E3CE
S31580E004D00030D1E2F8FFFFAAF880BDE8D3FFFFEA5B
S31580E004E008402DE90233A0E3083093E520009FE53C
S31580E004F0FF2003E20F1C03E2033A03E22336A0E186
S31580E005002114A0E1920000E01113A0E18ED700EB68
S31580E005100880BDE800366E010233A0E310402DE985
S31580E00520084093E5EDFFFFEBA418A0E1031001E29C
S31580E00530011081E28110A0E183D700EB1080BDE855
S31580E0054008402DE90233A0E3083093E5010413E384
S31580E005500100001A0840BDE8EEFFFFEAEDFFFFEB81
S31580E00560A000A0E10880BDE810402DE99CE09FE571
S31580E00570070051E384C09EE50F4200E20FC20CE221
S31580E005800F02C0E38110A0810C0080E10720029277
S31580E005903010818201200282040180E18111829102
S31580E005A00210818184008EE50820DDE580009EE5ED
S31580E005B0000052E38110A0E10700000A50209FE589
S31580E005C0010013E3002002E001304302032C82E3C2
S31580E005D0032582E1013082E1040000EA010000E2C5
S31580E005E0020C80E3013043E2033580E1013083E1B0
S31580E005F018209FE5803082E50C30DDE5000053E38E
S31580E006009C309215013083139C3082151080BDE8B2
S31580E006100000142001010000070050E30200008A78
S31580E006208004A0E1120380E21EFF2FE10F0050E379
S31580E006300300008A8003A0E1120380E2030B80E2DC
S31580E006401EFF2FE1100050E30500000A120050E380
S31580E006500500008A0003A0E1120380E2530D80E2E8
S31580E006601EFF2FE108009FE51EFF2FE10000A0E3BB
S31580E006701EFF2FE100180048F34D2DE90040A0E170
S31580E006800100A0E10270A0E10380A0E1E1FFFFEBC1
S31580E006902860DDE5000050E37B00000A083087E053
S31580E006A0000056E323B3A0E107C080E02851A0E133
S31580E006B0031008E23F3003E2032004E23700000A39
S31580E006C0000052E304E0A0010C6064002300000A0D
S31580E006D004E06CE00C70A0E10020A0E304E08DE58E
S31580E006E0050052E10F00000A04E09DE507E08EE098
S31580E006F000E08DE500E0A0E30E60A0E100809DE5EE
S31580E0070008A0DEE70A80A0E18EA1A0E101E08EE20A
S31580E0071004005EE3186A86E1F7FFFF1A046087E467
S31580E00720012082E2EDFFFFEA000051E31400000AB7
S31580E007300221A0E100E0A0E3044082E00E50A0E1C7
S31580E007400470DEE78E61A0E101E08EE201005EE109
S31580E00750175685E1F9FFFF1A02508CE7080000EA98
S31580E00760050052E100709E150E70861701208212F8
S31580E0077004E08E12F9FFFF1A000051E3021194178C
S31580E0078002118C17013043E23B0053E30B33A09117
S31580E007903C3083920020A093002083973A0000EAC1
S31580E007A0000052E30CE0A00104606C001D00000A2A
S31580E007B00470A0E10620A0E10C8064E0050052E12F
S31580E007C00B00000A07A098E700E0A0E38E61A0E1B5
S31580E007D03A66A0E1FF6006E20760CEE701E08EE2DE
S31580E007E004005EE3F8FFFF1A012082E2047087E2EC
S31580E007F0F1FFFFEA000051E31E00000A02E19CE7F8
S31580E00800024184E000C0A0E38C21A0E13E22A0E189
S31580E00810FF2002E20C20C4E701C08CE201005CE12B
S31580E00820F8FFFF1A130000EA050052E100709E15FA
S31580E008300E7086170120821204E08E12F9FFFF1AED
S31580E00840000051E30B00000A8111A0E102E19CE780
S31580E00850011081E201C0A0E31C11A0E1025194E7FE
S31580E0086000C061E2011041E205C00CE00E1001E03B
S31580E008700C1081E1021184E7013043E23B0053E34F
S31580E008800B33A0913C3083920030939708D08DE271
S31580E00890F08DBDE80223A0E31C3092E50010A0E3D2
S31580E008A0023CC3E31C3082E528309FE50120A0E3CB
S31580E008B0802083E50322A0E3842083E518209FE55A
S31580E008C0881083E514009FE58C2083E59C1083E502
S31580E008D0022CA0E3ECC600EA000014200000C390DE
S31580E008E0A85DE48028309FE5070050E3A03093952B
S31580E008F00001A0913300A091A83093850F0000926B
S31580E00900080040828000A0813300A081030000823D
S31580E009101EFF2FE100001420F34D2DE922B3A0E164
S31580E009200BA3A0E1010053E30080A0E10160A0E118
S31580E009300370A0E102506AE00040A0E32400001AC0
S31580E009400B0054E10C00000A0600A0E1E4FFFFEB97
S31580E00950080050E3FBFFFF0A072004E2040388E077
S31580E0096000708DE50610A0E10223A0E14030A0E30F
S31580E0097040FFFFEB014084E2F0FFFFEA000055E331
S31580E009801E00000A0600A0E1D5FFFFEB000050E361
S31580E00990FBFFFF1A0130A0E307200BE200308DE574
S31580E009A0110000EA0600A0E1CDFFFFEB000050E376
S31580E009B0FBFFFF0A072004E2040388E000708DE570
S31580E009C00610A0E10223A0E14030A0E329FFFFEB7F
S31580E009D0014084E20B0054E1F1FFFF1A000055E389
S31580E009E00600000A072004E200708DE508008AE030
S31580E009F00610A0E10223A0E10530A0E11DFFFFEB98
S31580E00A0008D08DE2F08DBDE804E02DE507C002E276
S31580E00A1004E0DDE504E08DE5020380E004E09DE4AA
S31580E00A200C23A0E113FFFFEAFF4D2DE90260A0E170
S31580E00A30122F6FE1A222A0E1070051E302B0A0915C
S31580E00A4001B0828300005BE308008DE50140A0E110
S31580E00A503070DDE56900001A2683A0E1800058E366
S31580E00A6003A0A0E11100009A070018E36300001AD2
S31580E00A708050A0E30800A0E10510A0E15CD600EB81
S31580E00A80000051E30600001A0800A0E10510A0E18D
S31580E00A902DD600EB01B040E2FE005BE30400009A55
S31580E00AA0560000EA085055E2F1FFFF1A530000EACB
S31580E00AB00850A0E14C219FE58412D2E7000051E383
S31580E00AC04E00001A8402A0E100C082E00D10DCE551
S31580E00AD0FF1011E24900001A08309DE53F6006E20A
S31580E00AE008808CE518608CE504308CE502A0CCE5C6
S31580E00AF00170CCE50C10CCE518309CE5000053E3A2
S31580E00B000700000A0130A0E30C30CCE504309CE518
S31580E00B1008109CE5013383E010308CE508309CE5D5
S31580E00B2014308CE50C208DE508008DE5C30100EBE3
S31580E00B3008009DE50C209DE5C8309FE5001082E029
S31580E00B4008C091E501E0A0E300005CE30A00001A3A
S31580E00B5084C2C3E70DE0C1E5100091E5142091E57C
S31580E00B60183091E50210D1E5FF2002E282008DE89F
S31580E00B700410A0E17BFEFFEB200000EA84E2C3E7FD
S31580E00B800431A0E1023283E204C091E5053783E2D5
S31580E00B9000C083E5FF5005E26C309FE50BB885E148
S31580E00BA004B183E7403043E288C093E50210D1E5A3
S31580E00BB00150A0E3000051E3081084E21E118C117D
S31580E00BC01E11CC01881083E540109FE580C093E537
S31580E00BD0002082E00C1001E018C084E2151C81E15F
S31580E00BE0801083E50130D2E524E09FE5000053E301
S31580E00BF09C309E1509408412154483119C408E15C5
S31580E00C0010D08DE2F08DBDE8A85DE4804000142030
S31580E00C10FFFD000000001420080051E30700509318
S31580E00C201EFF2F8124209FE5080080E38C3092E52B
S31580E00C30011280E1FF30C3E3031081E18C1082E58D
S31580E00C408C3092E5FF30C3E38C3082E51EFF2FE1E6
S31580E00C500000142028309FE5070050E38820939514
S31580E00C608C2093850110A0E3180080920800808292
S31580E00C701100829111008281880083958C008385A2
S31580E00C801EFF2FE100001420F04D2DE9EC409FE59A
S31580E00C90187080E20180A0E3803094E51877A0E1C7
S31580E00CA0030017E10050A0E1F08DBD080CFFFFEBDB
S31580E00CB0CC309FE585B2A0E10B2083E00210D2E53F
S31580E00CC00360A0E1002090E20120A013000051E340
S31580E00CD00020A013000052E300A0A0E10200001A69
S31580E00CE098809FE50B4086E01D0000EA0500A0E1C4
S31580E00CF0FBFEFFEB0A0050E1F8FFFF1A0233A0E3A8
S31580E00D0088C094E5900094E5941094E5202093E5DE
S31580E00D10022982E3202083E5202093E50229C2E3AD
S31580E00D20202083E50332A0E3808084E5843084E577
S31580E00D308C3094E5053283E38C3084E588C084E5A5
S31580E00D40900084E5941084E5F08DBDE80230D4E52A
S31580E00D500500A0E1000053E30500001A0810A0E3B7
S31580E00D60ACFFFFEB803098E5030017E1F6FFFF1A52
S31580E00D70010000EAB6FFFFEBF9FFFFEAF08DBDE880
S31580E00D8000001420A85DE48073402DE948519FE57A
S31580E00D900060A0E18032D5E7000053E32800000A36
S31580E00DA0070050E318208092082080820130A0E37B
S31580E00DB028019FE528119FE51322A0E10030A0E3FA
S31580E00DC080C090E50C0012E10200000A013083E267
S31580E00DD0010053E1F9FFFF1A08219FE50040A0E3F7
S31580E00DE0020053E18642C5E70600009A0600A0E1CC
S31580E00DF0A4FFFFEBF0309FE5033086E00331A0E10E
S31580E00E00004083E5310000EACC109FE5861281E060
S31580E00E100C30D1E5000053E32A00000A0130A0E35C
S31580E00E200D30C1E5100091E5142091E5183091E58B
S31580E00E300210D1E5FF2002E212008DE80610A0E163
S31580E00E40C8FDFFEB8622A0E1023085E00D30D3E5D8
S31580E00E50000053E31B00000A80009FE580109FE5B9
S31580E00E600030A0E380C090E5020C1CE30200000A9B
S31580E00E70013083E2010053E1F9FFFF1A025085E079
S31580E00E8060209FE50040A0E3020053E10D40C5E508
S31580E00E900E00008A0230D5E5040053E10900000A1D
S31580E00EA0183095E53C0053E30600008A0600A0E191
S31580E00EB0D8FDFFEB143095E5073003E20333A0E17C
S31580E00EC03C3083E2004083E70100A0E3000000EAD3
S31580E00ED00400A0E108D08DE27080BDE8A85DE480E2
S31580E00EE000001420E182EC00DF82EC0010000508AF
S31580E00EF0020050E34A00000AFF3000E228119FE535
S31580E00F0083C1A0E10C2081E00400D2E5FF0050E33C
S31580E00F101EFF2F1114219FE5F0412DE910719FE509
S31580E00F200040A0E10050A0E10160A0E302E0A0E182
S31580E00F300580D2E5010058E30700001AFF0055E37B
S31580E00F40B680D2E10450D2050870A0010540A00128
S31580E00F50070058E10440D2350870A031016086E28E
S31580E00F60080056E3042082E2F0FFFF1AFF0055E313
S31580E00F70F081BD0804018EE00020A0E30120C0E5F9
S31580E00F80B220D0E1012082E20228A0E12228A0E17D
S31580E00F90000052E3B220C0E11000000A0160A0E345
S31580E00FA090509FE516E4A0E1102084E2880095E564
S31580E00FB016228EE10C1081E0090053E3002082E1E5
S31580E00FC0882085E5833083900440C1E568109F954D
S31580E00FD00A3043828330838060109F85060000EA72
S31580E00FE00250A0E102008EE0042082E2200052E37B
S31580E00FF0B250C0E1FAFFFF1AE7FFFFEA002091E571
S31580E010000700A0E31023C2E1000004E0103382E190
S31580E010100400A0E1003081E50DFFFFEB0400A0E1D4
S31580E01020F081BDE8FF00A0E31EFF2FE15438E480A5
S31580E010303438E480FFFF0000000014209000142084
S31580E0104094001420FF2000E2C4009FE58221A0E105
S31580E0105038402DE9023080E00440D3E5FF0054E3D8
S31580E010603880BD08ACC09FE501E0A0E39C109CE51C
S31580E01070093084E21E33C1E19C308CE598309FE5EF
S31580E0108084C2A0E100E0A0E30C1083E001E0C1E5CA
S31580E010901CE081E584E2D3E700005EE30200001A0B
S31580E010A00D10D1E5000051E30300000A0010A0E333
S31580E010B08412C3E70C3083E00D10C3E5020080E0C4
S31580E010C00030E0E30430C0E550309FE50150A0E316
S31580E010D0043183E00400A0E10150C3E5E9FEFFEBC3
S31580E010E03C309FE50020A0E3033084E00331A0E1BB
S31580E010F0002083E51C109FE51534A0E1100084E212
S31580E01100882091E5154083E10440C2E1884081E58D
S31580E011103880BDE85438E48000001420A85DE4807F
S31580E011203438E4801000050808402DE9013040E2BB
S31580E01130170053E30600009A40009FE540109FE5C4
S31580E011402D20A0E33C309FE5107B00EB38009FE547
S31580E01150BCC800EB0233A0E30120A0E3201093E5B6
S31580E011601200A0E1012080E1202083E5202093E5A4
S31580E011700000C2E1200083E50000A0E30880BDE82E
S31580E01180C6A6E380E3A6E380BB97E380F5A6E3808B
S31580E01190E4FFFFEA0010A0E100009FE5FB7A00EAA9
S31580E011A0FAA6E3800C309FE5802183E0042092E577
S31580E011B0800193E712FF2FE1A85FE48001C0A0E100
S31580E011C0111F6FE1A112A0E11F0050E30130A0D111
S31580E011D0013081C3000053E30C309F0580218307F3
S31580E011E08031830004C083051EFF2FE1A85FE48081
S31580E011F010402DE90040A0E30400A0E10420A0E136
S31580E0120014109FE5014084E2EBFFFFEB200054E3FE
S31580E01210F8FFFF1A0000A0E31080BDE89411E0809B
S31580E0122008402DE9CE0100EB710200EB770200EB7E
S31580E01230180000EB0000A0E3170F07EE0880BDE87A
S31580E012400030A0E37EFF17EEFDFFFF1A9A3F07EE20
S31580E012501EFF2FE11F0010E30120A0030020A01352
S31580E012601F3011E20130A013030052E11EFF2F91DF
S31580E01270010050E10200002A3E0F07EE200080E2E6
S31580E01280FAFFFFEA0030A0E39A3F07EE1EFF2FE168
S31580E01290011080E0EEFFFFEA1EFF2FE16CD09FE5B4
S31580E012A007D0CDE3A0D04DE207D0CDE30D90A0E10D
S31580E012B00000A0E3570000EB40D099E507D0CDE3EE
S31580E012C0009099E5A09049E20CE08FE2440099E530
S31580E012D000E08EE0300099E5100000EA68FBFFEB65
S31580E012E02C009FE52C109FE50020A0E3010050E153
S31580E012F00020803504008032FBFFFF3A3A0000EBA5
S31580E013003A0000EB0900A0E1301099E508F09FE58E
S31580E0131060FFFE80A85DE48008900B815C15E0802C
S31580E013204C109FE5014050E01000000A44209FE504
S31580E01330000CB1E8000CA0E8020051E1FBFFFF3AA7
S31580E0134034209FE534309FE50300B2E8FF1001E2E8
S31580E01350170051E30300001A040080E0001090E5D6
S31580E01360041081E0001080E5030052E1F5FFFF3ACA
S31580E013701EFF2FE100FEDF80A85DE480A85DE480AB
S31580E01380E8BEE4800000A0E31EFF2FE108402DE9DF
S31580E013900C109FE50C009FE57C7A00EB0000A0E353
S31580E013A00880BDE8E937E48032A7E38010402DE984
S31580E013B00A10A0E314209FE514009FE50940A0E110
S31580E013C0C07100EB080084E50000A0E31080BDE872
S31580E013D000C2010039A7E38008402DE99A00A0E326
S31580E013E0638A00EB0000A0E30880BDE81EFF2FE1E2
S31580E013F01EFF2FE1003099E50221A0E3182083E566
S31580E01400002099E5343099E51C3082E51EFF2FE116
S31580E014100000A0E31EFF2FE1F8402DE9A020A0E325
S31580E014200900A0E10010A0E317C400EB08219FE5C6
S31580E014300233A0E3002092E5382089E5FC209FE591
S31580E01440082083E5042093E5012282E3042083E5F6
S31580E01450042093E5010212E3FCFFFF1AF8AE00EBED
S31580E01460DC409FE5043094E4000053E30300000A87
S31580E0147033FF2FE1000050E3F9FFFF0AFBBD00EBED
S31580E01480340099E50129A0E39C2089E59C2099E533
S31580E01490020180E2000062E02008A0E10008A0E10D
S31580E014A0980089E5B38900EB98209FE598609FE5F1
S31580E014B01C0089E5384099E5000064E0FF4EC0E312
S31580E014C00F40C4E3015544E2022084E0835D45E2B7
S31580E014D0002089E53C5089E50D0100EB066084E05B
S31580E014E0002099E5083099E5003082E5C0FFFFEB02
S31580E014F058009FE5003099E51C7093E5177A00EB7C
S31580E015000700A0E10010A0E344209FE525BC00EBA6
S31580E0151040309FE5A020A0E3000093E5304089E5D8
S31580E01520044060E0406089E50500A0E1444089E54B
S31580E015300910A0E1F840BDE8EAC300EA4800E0808F
S31580E015407D130001DC38E480E0DFBFFF30AFBFFF12
S31580E0155042A7E380EC26E4804000E08008402DE965
S31580E01560043099E59B00A0E3013083E3043089E50C
S31580E015700140A0E1FE8900EB10319FE5002093E574
S31580E015800C319FE5002083E58C0100EB3DD100EB3B
S31580E015900EA300EB010544E2F8109FE5020A40E263
S31580E015A0117B00EB99FFFFEB66D100EB004050E248
S31580E015B00B00000A0400A0E10010A0E3D8209FE51C
S31580E015C0F8BB00EBD4109FE50120A0E34C0099E541
S31580E015D087BD00EB000050E30400000AD57F00EBF6
S31580E015E0050000EAB8009FE5DC7900EB9FBD00EBE3
S31580E015F0237F00EBAC009FE5E47900EBA8009FE554
S31580E01600037100EB0410A0E193D100EB9C309FE5E1
S31580E016101010A0E398209FE5000083E594009FE505
S31580E016200940A0E1277100EB4C0084E54C0099E588
S31580E016300ED300EB010070E30200001A4C1099E52E
S31580E0164074009FE5D17900EB000099E5CD9800EB39
S31580E01650B68E00EB0F8200EB60409FE58E7A00EB62
S31580E01660BB0000EB1010A0E3002094E550009FE55E
S31580E01670147100EB000084E548009FE5B77900EB44
S31580E01680000099E57CCA00EB5F8D00EBFDFFFFEA89
S31580E016904C00E080AC60E48000204000EC26E480F2
S31580E016A04AA7E3805BA7E3806BA7E38081A7E3801B
S31580E016B0A860E480000030818AA7E38099A7E38070
S31580E016C06C4FE48092E3E380C0A7E380003099E545
S31580E016D073402DE9043093E5606090E50050A0E129
S31580E016E088009FE504308DE5024C01E2C87000EB8E
S31580E016F0000050E30500000A1010A0E304208DE20C
S31580E01700E6C600EB68009FE504109DE59F7900EB57
S31580E017100F00A0E3968900EB58309FE5000054E384
S31580E0172054109FE554009FE50310A001977900EBE4
S31580E01730A100A0E38E8900EBB8FEFFEB703095E563
S31580E01740000053E36C2095150930A0010030930525
S31580E0175008209305000054E30200001A0400A0E18B
S31580E0176004109DE536FF2FE108D08DE27080BDE85C
S31580E01770DFA7E380E6A7E3807C35E480C8A7E38043
S31580E017800BA8E380002099E5003099E5182092E5E2
S31580E017901C3093E50D10A0E1022083E0011A41E2BE
S31580E017A0022061E0E0C100EA1EFF2FE170402DE9F2
S31580E017B00040A0E1E4009FE5957000EB702094E5A1
S31580E017C0000052E30800000AD4009FE56F7900EB41
S31580E017D00400A0E1278800EB000050E37080BD089C
S31580E017E0C0009FE5697900EB20BD00EB0030A0E109
S31580E017F0000099E5B0C09FE5084090E5AC509FE5D4
S31580E01800082084E50C2084E5102084E50500A0E32B
S31580E01810142084E2000053E3011084E8002085E58B
S31580E01820002099E51400000A0360A0E10120D3E4DA
S31580E01830200052E3FBFFFF0A000052E30E00000A9D
S31580E018406C309FE5183084E50600A0E1ABC200EB82
S31580E018500610A0E10D0080E22031A0E1000095E5D0
S31580E01860143084E5080080E26FC200EB003095E535
S31580E01870002093E5023183E0003085E52C009FE58A
S31580E01880C8FFFFEB0020A0E30930A0E1003093E53C
S31580E01890003095E5042083E5002083E57080BDE88F
S31580E018A024A8E3802DA8E38039A8E3800100415491
S31580E018B0B060E48009004154F8402DE9C05010E260
S31580E018C00050E0131000001A0040A0E1017C14E211
S31580E018D00360A0E10300A0E10100000AB2FFFFEB94
S31580E018E0090000EA065C14E20300000A0410A0E1A5
S31580E018F075FFFFEB0750A0E1030000EAAAFFFFEBCC
S31580E019000600A0E10410A0E16FFFFFEB0500A0E177
S31580E01910F880BDE83C3099E528209FE5041043E255
S31580E01920001082E53C2099E51C109FE5082082E2C4
S31580E01930002081E5023A43E210209FE5043043E24D
S31580E01940003082E529FEFFEA5000E0805800E08022
S31580E019505400E08000300FE18030C3E303F021E102
S31580E019601EFF2FE100000FE1C03080E303F021E1AC
S31580E01970A003A0E1010020E2010000E21EFF2FE1CA
S31580E0198008402DE900009FE5AEC600EB59A8E3804C
S31580E0199030402DE98CD04DE20040A0E100119FE57A
S31580E019A008008DE28020A0E3CEC200EB303094E5E3
S31580E019B000308DE52C3094E504308DE53C1094E5DF
S31580E019C0382094E5343094E5D8009FE5405094E59E
S31580E019D0EE7800EB281094E5242094E5203094E519
S31580E019E0C4009FE5E97800EB103094E500308DE5A2
S31580E019F01C1094E5182094E5143094E5AC009FE53E
S31580E01A00E27800EB003094E50C1094E5082094E54C
S31580E01A1000308DE598009FE5043094E5DB7800EBB7
S31580E01A20010115E35A20A0137A20A003020215E3F0
S31580E01A304330A0136330A003010215E35610A013D0
S31580E01A407610A003000055E368009FE500108DE561
S31580E01A504E10A0B36E10A0A3CC7800EB403094E596
S31580E01A6054209FE554C09FE5800013E30210A00157
S31580E01A700C10A01188008DE2400013E31F3003E2D2
S31580E01A80033180E038009FE500008DE50C20A01151
S31580E01A90803013E52C009FE5BC7800EB8CD08DE29E
S31580E01AA03080BDE87077E38070A8E380B5A8E380F6
S31580E01AB0D9A8E38009A9E38039A9E38008ECE3802B
S31580E01AC06CA8E3807C35E48049A9E38008402DE971
S31580E01AD00040A0E10C009FE5AC7800EB0400A0E1BB
S31580E01AE0AAFFFFEBA5FFFFEB68A9E38008402DE99D
S31580E01AF00040A0E10C009FE5A47800EB0400A0E1A3
S31580E01B00A2FFFFEB9DFFFFEB7FA9E38008402DE975
S31580E01B100040A0E10C009FE59C7800EB0400A0E18A
S31580E01B209AFFFFEB95FFFFEB93A9E38008402DE951
S31580E01B300040A0E10C009FE5947800EB0400A0E172
S31580E01B4092FFFFEB8DFFFFEBA3A9E38008402DE931
S31580E01B500040A0E10C009FE58C7800EB0400A0E15A
S31580E01B608AFFFFEB85FFFFEBEDA9E38008402DE9D7
S31580E01B700040A0E10C009FE5847800EB0400A0E142
S31580E01B8082FFFFEB7DFFFFEBF7A9E38008402DE9BD
S31580E01B9020009FE5717800EB1C009FE5B1C200EB69
S31580E01BA06FFFFFEB0DAD00EB0100A0E315AD00EBA1
S31580E01BB00000A0E30880BDE8FBAAE38050C30000F4
S31580E01BC01EFF2FE108D04DE20030A0E304308DE522
S31580E01BD004309DE5630053E3030000CA0000A0E102
S31580E01BE004309DE5013083E2F7FFFFEA08D08DE21D
S31580E01BF01EFF2FE110402DE9F1FFFFEB104F11EEB4
S31580E01C00EFFFFFEB014AC4E3104F01EE1080BDE821
S31580E01C1010402DE9EAFFFFEB104F11EE040014E3CC
S31580E01C201080BD08E6FFFFEB84FDFFEB0540C4E3D3
S31580E01C30104F01EE1080BDE8F0402DE99DDF4DE2CA
S31580E01C400070A0E104008DE20150A0E10260A0E115
S31580E01C50B45300EB274E8DE25A10A0E37A2FA0E32F
S31580E01C60E80124E50400A0E12A0000EB0520A0E1DC
S31580E01C700400A0E10710A0E1145300EB0400A0E10A
S31580E01C800110A0E3290100EB010050E30050A0E140
S31580E01C900500000A74009FE574109FE51520A0E317
S31580E01CA03A7800EB0050E0E3110000EA0230A0E36E
S31580E01CB00400A0E1B4308DE5AF0100EB14119DE5A1
S31580E01CC0FC309DE5030051E10900002AF8309DE5EE
S31580E01CD00400A0E1930101E004319DE50120A0E349
S31580E01CE0916323E00D10A0E100308DE5E50100EB86
S31580E01CF0F1FFFFEA0400A0E12B0100EB0400A0E184
S31580E01D00450000EB0500A0E19DDF8DE2F080BDE8B7
S31580E01D100AABE3809098E3800030A0E35A0051E379
S31580E01D2070402DE90040A0E10250A0E1043080E55A
S31580E01D300900000A003090E50D20A0E3142083E539
S31580E01D405A20A0E3182083E5003090E51C1083E557
S31580E01D50003090E5003093E533FF2FE17A0F55E3CD
S31580E01D600A00000A003094E51620A0E3142083E5FB
S31580E01D707A2FA0E3182083E5003094E50400A0E103
S31580E01D801C5083E5003094E5003093E533FF2FE186
S31580E01D900010A0E37A2FA0E30400A0E1006094E5C0
S31580E01DA00C5094E5B8C100EB0130A0E3103084E537
S31580E01DB00400A0E1006084E50C5084E5DD5600EB8C
S31580E01DC00030A0E3083084E5183084E5A43084E56B
S31580E01DD0A83084E5AC3084E5B03084E5B43084E581
S31580E01DE0C43084E5B83084E5C83084E5BC3084E529
S31580E01DF0CC3084E5C03084E5D03084E5383184E584
S31580E01E000400A0E15A1600EB0400A0E1C50600EB51
S31580E01E10C830A0E3143084E57080BDE8DC0100EAD8
S31580E01E20142090E570402DE9C83042E20040A0E100
S31580E01E300A0053E303F19F97AF0000EA681EE08053
S31580E01E408C1EE0802021E080EC20E080EC20E080A9
S31580E01E50EC20E080EC20E080EC20E080EC20E0806C
S31580E01E60FC20E080EC20E080CC3190E5043093E506
S31580E01E7033FF2FE1183094E50400A0E1083093E5C4
S31580E01E8033FF2FE1C930A0E3143084E5CC3194E50B
S31580E01E900400A0E1003093E533FF2FE1010050E339
S31580E01EA00050A0E19E00001A246094E5030056E30A
S31580E01EB00800000A040056E35900000A010056E3D0
S31580E01EC0280084052C0084056D00000A0030A0E31C
S31580E01ED0283084E5690000EAD83094E5000093E58F
S31580E01EE0581093E5B02093E5013040E2133F6FE16F
S31580E01EF0A332A0E1020051E300C0A01301C00302B7
S31580E01F00030052E300C0A01301C00C0200005CE3B2
S31580E01F103300001A220051E30030A013013003029F
S31580E01F20230052E30030A01301300302000053E3A4
S31580E01F300730A0132B00001A470051E352005003EC
S31580E01F400130A0030030A013420052E30030A0131A
S31580E01F5001300302000053E31F00001A670051E3DB
S31580E01F60720050030130A0030030A013620052E3F8
S31580E01F700030A01301300302000053E30630A013C3
S31580E01F801800001A1C3194E5000053E31400001A8F
S31580E01F90283194E5000053E31400000A2C31D4E59F
S31580E01FA0000053E30C00000A010053E30C00000A32
S31580E01FB0003094E57420A0E3142083E52C21D4E559
S31580E01FC0182083E5003094E50400A0E1043093E531
S31580E01FD00010E0E333FF2FE1010000EA0230A0E3E6
S31580E01FE0000000EA0330A0E3283084E50A0000EA36
S31580E01FF0003094E5202083E57120A0E3180083E596
S31580E020001C1083E5142083E50400A0E1043093E509
S31580E020100510A0E133FF2FE1286084E50230A0E3DC
S31580E02020160000EA283194E5000053E31100000A27
S31580E020302C31D4E5000053E30E00000A020053E39E
S31580E020400900000A003094E57420A0E3142083E5BB
S31580E020502C21D4E5182083E5003094E50400A0E146
S31580E02060043093E50010E0E333FF2FE10530A0E391
S31580E02070283084E5000000EA286084E50430A0E3A7
S31580E020802C3084E5AC3194E5303084E5343084E539
S31580E0209094309FE50020A0E3F823C4E10030A0E37C
S31580E020A00120A0E3403084E5443084E5483084E58F
S31580E020B04C2084E5502084E5543084E50210A0E38A
S31580E020C05C2084E5883084E5012CA0E3643084E5F7
S31580E020D0683084E56C3084E5CA30A0E3581084E546
S31580E020E0602084E5143084E50D0000EACC3190E58B
S31580E020F07040BDE8003093E513FF2FE1003090E5B6
S31580E021001510A0E3141083E5182083E5003090E5F0
S31580E021100050A0E3003093E533FF2FE1000000EAB2
S31580E021200150A0E30500A0E17080BDE80000F03F2B
S31580E02130142090E570402DE9C83042E2010053E377
S31580E021400040A0E10160A0E10600009A003090E541
S31580E021501510A0E3141083E5182083E5003090E5A0
S31580E02160003093E533FF2FE10400A0E12BFFFFEB86
S31580E02170020050E30050A0E10900001A000056E397
S31580E021800500000A003094E53520A0E3142083E5BD
S31580E021900400A0E1003093E533FF2FE10400A0E1E5
S31580E021A0EA0000EB0500A0E17080BDE838402DE94B
S31580E021B0143090E50040A0E1CD2043E2010052E3F7
S31580E021C01000008A402090E5000052E31400001AD7
S31580E021D08C2090E5743090E5030052E10400002AFB
S31580E021E0003090E54520A0E3142083E5003093E5B8
S31580E021F033FF2FE1BC3194E50400A0E1043093E5A0
S31580E0220033FF2FE1010000EACF0053E30200001A1A
S31580E02210D230A0E3143084E50F0000EAD20053E325
S31580E022200D00000A002094E51510A0E3183082E541
S31580E02230003094E5141082E5003093E50400A0E1D7
S31580E0224033FF2FE1040000EA003093E50400A0E1CB
S31580E0225033FF2FE1000050E30A00000ACC3194E519
S31580E02260145093E5000055E3F6FFFF0A183094E535
S31580E022700400A0E1183093E533FF2FE10400A0E1EC
S31580E02280B20000EB0150A0E30500A0E13880BDE894
S31580E02290143090E570402DE9CC0053E30040A0E196
S31580E022A00600000ABC3190E5003093E533FF2FE16C
S31580E022B00030A0E38C3084E5CC30A0E3143084E5B4
S31580E022C08C5084E2BC3194E5083093E5000053E31A
S31580E022D02200000A8C0094E5741094E5010050E138
S31580E022E01300002A083094E5000053E30300000A57
S31580E022F0030083E9003093E50400A0E133FF2FE19A
S31580E02300C03194E50010A0E304C093E50400A0E1A9
S31580E023100130A0E10520A0E18C6094E53CFF2FE14F
S31580E023208C3094E5060053E1E9FFFF1A0000A0E354
S31580E023307080BDE8BC3194E50400A0E1043093E50B
S31580E0234033FF2FE1BC3194E50400A0E1003093E552
S31580E0235033FF2FE10030A0E38C3084E5D8FFFFEA3D
S31580E02360443094E50100A0E3000053E3CE30A013AF
S31580E02370CD30A003143084E57080BDE8143090E55C
S31580E0238010402DE9CA0053E30040A0E10900001A9D
S31580E02390E10100EB403094E5000053E3CB30A0034D
S31580E023A0143084050300000ACF30A0E3143084E5BE
S31580E023B00100A0E31080BDE8143094E5CB0053E340
S31580E023C02300001ACC3194E5103093E5000053E306
S31580E023D01C00000A083094E5000053E30200000A7E
S31580E023E0003093E50400A0E133FF2FE1CC3194E5A2
S31580E023F00400A0E1003093E533FF2FE1000050E3D5
S31580E024001080BD08020050E30E00000A083094E513
S31580E02410000053E3EEFFFF0A0200C0E3010050E351
S31580E02420EBFFFF1A041093E5082093E5011081E2A3
S31580E02430020051E1041083E54C1194A5012082A0AD
S31580E02440082083A5E2FFFFEA903094E5983084E5A2
S31580E02450090000EACC0053E30700000A002094E577
S31580E024601510A0E3183082E5003094E5141082E57B
S31580E02470003093E50400A0E133FF2FE10400A0E102
S31580E024801040BDE881FFFFEA73402DE90250A0E1EC
S31580E02490142090E50040A0E1CD0052E30160A0E188
S31580E024A00600000A003090E51510A0E3141083E5DD
S31580E024B0182083E5003090E5003093E533FF2FE187
S31580E024C08CE094E574C094E50C005EE10800003A87
S31580E024D0003094E57E20A0E3142083E50400A0E1AB
S31580E024E0043093E50010E0E333FF2FE10000A0E342
S31580E024F0140000EA080094E5000050E30400000AB6
S31580E0250004E080E508C080E5003090E50400A0E1C5
S31580E0251033FF2FE108208DE20030A0E3043022E58E
S31580E02520C03194E50400A0E104C093E50610A0E183
S31580E025300530A0E13CFF2FE18C3094E504009DE579
S31580E02540003083E08C3084E508D08DE27080BDE891
S31580E02550043090E510402DE9000053E30040A0E10F
S31580E025601080BD08243093E50110A0E333FF2FE10E
S31580E02570103094E5000053E3C830A013143084157E
S31580E025806430A0030030A0133831841514308405FC
S31580E025901080BDE8043090E510402DE9000053E35B
S31580E025A00040A0E10100000A283093E533FF2FE1E7
S31580E025B00030A0E3043084E5143084E51080BDE883
S31580E025C008402DE9043090E50010A0E3003093E563
S31580E025D08420A0E333FF2FE10020A0E3802080E584
S31580E025E00880BDE808402DE9043090E50010A0E3BE
S31580E025F0003093E5462FA0E333FF2FE10020A0E3F0
S31580E02600142180E50880BDE838402DE9BC5190E58D
S31580E026100040A0E1083095E5000053E30E00000A93
S31580E02620E43190E50010A0E3081085E5003093E5FD
S31580E0263033FF2FE1C83194E50400A0E1003093E553
S31580E026400210A0E333FF2FE1C03194E50400A0E15E
S31580E02650003093E50210A0E3440000EA543090E5B0
S31580E02660000053E31700000A883090E5000053E34A
S31580E026701400001A5C3090E5000053E30600000A7F
S31580E026806C3090E5000053E318309515E431801501
S31580E026900130A013083085150A00001A643094E5ED
S31580E026A0000053E314309515E43184150500001AD3
S31580E026B0003094E52F20A0E3142083E50400A0E118
S31580E026C0003093E533FF2FE1D83194E50400A0E1B3
S31580E026D0003093E533FF2FE1C43194E50400A0E1B7
S31580E026E0083093E533FF2FE1443094E5000053E36F
S31580E026F01F00001A103095E5000053E30300001A2E
S31580E02700E03194E50400A0E1003093E533FF2FE16A
S31580E02710DC3194E50400A0E1003093E533FF2FE15E
S31580E02720543094E5000053E30400000AE43194E574
S31580E027300400A0E1003093E5081095E533FF2FE132
S31580E02740081095E5C83194E5000051E3003093E543
S31580E027500400A0E10310A0130010A00333FF2FE1D3
S31580E02760C03194E50400A0E1003093E50010A0E3D9
S31580E0277033FF2FE1081094E5000051E33880BD086F
S31580E02780083095E50C2095E5000053E30230A01370
S31580E027900130A003033082E00C2081E5402094E5FF
S31580E027A0103081E5000052E33880BD08CC2194E505
S31580E027B0142092E5000052E33880BD186C2094E541
S31580E027C0000052E30220A0130120A003023083E040
S31580E027D0103081E53880BDE8542090E510402DE941
S31580E027E0000052E3BC4190E50200000AE43190E546
S31580E027F0083093E533FF2FE10C3094E5013083E236
S31580E028000C3084E51080BDE80020A0E1340190E53D
S31580E02810000050E33700001A283092E50430C3E325
S31580E02820030053E31EFF2F11243092E5030053E3A8
S31580E028301EFF2F112C3092E5020053E31EFF2F116D
S31580E02840783092E5030053E31EFF2F11303192E595
S31580E02850000053E31EFF2F11D83092E5081093E570
S31580E02860020051E31EFF2F11601093E5010051E352
S31580E028701EFF2F11B81093E5010051E31EFF2F11C3
S31580E028800C1093E5020051E31EFF2FC1641093E51F
S31580E02890010051E31EFF2F11BC1093E5010051E3C7
S31580E028A01EFF2F1124C093E5441192E501005CE1FF
S31580E028B01EFF2F117C1093E50C0051E11EFF2F11B6
S31580E028C0D4C093E501005CE11EFF2F11281093E54B
S31580E028D0482192E5020051E11EFF2F11802093E509
S31580E028E0010052E1D800930500006200100F6F01ED
S31580E028F0A002A0011EFF2FE10000A0E31EFF2FE152
S31580E02900FF4D2DE9142090E50040A0E1CA0052E396
S31580E029100600000A003090E51510A0E3141083E568
S31580E02920182083E5003090E5003093E533FF2FE112
S31580E029300400A0E1580300EBD85094E5243094E5F8
S31580E029400560A0E100A0A0E304308DE504309DE5BC
S31580E0295003005AE10060A0A3340000AA442194E574
S31580E029604CB094E50180A0E3980207E000005BE3C9
S31580E029700810A0130410A003010057E1030000DA59
S31580E02980247086E50120A0E348C194E5160000EABC
S31580E02990081096E53C0194E5980101E008208DE574
S31580E029A08110A0E1D1CE00EB08209DE5000051E347
S31580E029B0F2FFFF1A8880A0E1EAFFFFEA0C1096E5B5
S31580E029C0400194E5920101E00CC08DE58110A0E123
S31580E029D008208DE5C5CE00EB08209DE50CC09DE581
S31580E029E0000051E30600001A8220A0E1920C08E084
S31580E029F000005BE30810A0130410A003010058E177
S31580E02A00EDFFFFDA8820A0E1020057E1288086E525
S31580E02A10242086C5020000CA8770A0E1070058E13D
S31580E02A20287086C501A08AE2586086E2C6FFFFEA82
S31580E02A30242094E5020056E1160000AA080095E5F8
S31580E02A40243095E53C2194E5900303E0AC1194E5D0
S31580E02A501C0094E5920101E0930000E0FA5300EB5C
S31580E02A60283095E5016086E2585085E22C0005E540
S31580E02A704C0015E5402194E5900303E0AC1194E524
S31580E02A80200094E5920101E0930000E0EE5300EB34
S31580E02A90280005E5E5FFFFEA2C3094E5013043E2C6
S31580E02AA0060053E303F19F970D0000EAC82AE08011
S31580E02AB0D02AE080D02AE080DC2AE080DC2AE08030
S31580E02AC0D02AE080D02AE0800130A0E3000000EA4E
S31580E02AD00330A0E3783084E5020000EA0430A0E326
S31580E02AE0FBFFFFEA782084E5543094E50400A0E11A
S31580E02AF0000053E3783094050130A0137C3084E500
S31580E02B0040FFFFEB000050E3403194150130A00315
S31580E02B10803084E510D08DE2F08DBDE8043090E51C
S31580E02B2070402DE9003093E51C20A0E30110A0E37E
S31580E02B300040A0E133FF2FE128339FE5D42094E5E0
S31580E02B40080052E3BC0184E5003080E518339FE558
S31580E02B50043080E50030A0E30050A0E1083080E555
S31580E02B600700000A003094E51010A0E3141083E516
S31580E02B70182083E5003094E50400A0E1003093E579
S31580E02B8033FF2FE10400A0E15CFFFFEB043094E526
S31580E02B900110A0E3003093E5052CA0E30400A0E15A
S31580E02BA033FF2FE1022CA0E30010A0E30060A0E158
S31580E02BB035BE00EB023C86E27F2F86E2503184E52B
S31580E02BC0032082E20030A0E30130E2E5013083E2D7
S31580E02BD0010C53E3FBFFFF1ABF3F86E24F6E86E2AE
S31580E02BE0033083E20F6086E20020E0E30120E3E544
S31580E02BF0060053E1FCFFFF1A743094E5000053E3CE
S31580E02C000500000A703094E5000053E30200000AF4
S31580E02C10783094E5000053E3050000CA003094E57F
S31580E02C202120A0E3142083E50400A0E1003093E5B1
S31580E02C3033FF2FE10060A0E30C6085E50400A0E1AE
S31580E02C40F0FEFFEB543094E5146085E5060053E131
S31580E02C50186085E5100085E50C00000A402094E5C3
S31580E02C60060052E10900000A443094E5000053E38F
S31580E02C700C00000A003094E53020A0E3142083E5C0
S31580E02C800400A0E1003093E533FF2FE1050000EA80
S31580E02C90000053E3646084E5686084E56C6084E505
S31580E02CA02300000AEFFFFFEA783094E5030053E360
S31580E02CB00130A0E30500000A643084E50030A0E33B
S31580E02CC0683084E56C3084E5883084E5070000EA86
S31580E02CD0882094E5000052E3683084150300001AEA
S31580E02CE05C2094E5000052E36C3084156430840502
S31580E02CF0643094E5000053E30300000A0400A0E199
S31580E02D00004900EBE43194E5143085E56C3094E5D8
S31580E02D10000053E30200001A683094E5000053E3B4
S31580E02D200300000A0400A0E1604E00EBE43194E584
S31580E02D30183085E5443094E5000053E30B00001A33
S31580E02D40103095E50400A0E1000053E30100000A9D
S31580E02D50F44500EB020000EAAC4300EB0400A0E19E
S31580E02D60A24100EB0400A0E16C1094E59A0900EB27
S31580E02D700400A0E1F01F00EBE43094E50400A0E15C
S31580E02D80000053E30100000ABE1F00EB000000EAEA
S31580E02D90CD1C00EBCC3194E5103093E5000053E395
S31580E02DA00110A0130200001A401094E5001091E291
S31580E02DB00110A0130400A0E1660800EB441094E53E
S31580E02DC0000051E30100001A0400A0E1550400EB85
S31580E02DD0043094E50400A0E1183093E533FF2FE159
S31580E02DE0CC3194E50400A0E1083093E533FF2FE190
S31580E02DF0082094E5000052E37080BD08403094E5F9
S31580E02E00000053E37080BD18CC3194E5103093E533
S31580E02E10000053E37080BD08E03094E54C0194E512
S31580E02E20000053E3243094E50010A0E38330831060
S31580E02E3002308312900303E0041082E5083082E5D5
S31580E02E406C3094E50C1082E5010053E10330A01369
S31580E02E500230A003103082E50C3095E5013083E244
S31580E02E600C3085E57080BDE80826E080D827E080D4
S31580E02E70D43190E510402DE9083093E50040A0E19B
S31580E02E8033FF2FE1CC3194E504209FE5002083E5F4
S31580E02E901080BDE86431E08038402DE9CC3190E5A2
S31580E02EA03C209FE5002083E50050A0E30120A0E3DD
S31580E02EB0105083E5182083E5145083E5003090E5D3
S31580E02EC00040A0E1103093E533FF2FE1D03194E567
S31580E02ED00400A0E1003093E533FF2FE1A05084E5C4
S31580E02EE03880BDE86431E080F34D2DE90070A0E1E3
S31580E02EF05461B7E50040A0E1010056E31600001AF0
S31580E02F00585190E51C3095E50C8095E5683180E573
S31580E02F10243095E5200095E56C0184E50810A0E174
S31580E02F20443085E5386085E53C6085E5406085E54B
S31580E02F30486085E52ECD00EB0030A0E3000051E34C
S31580E02F400810A0014C1085E5706184E5743184E554
S31580E02F500060A0E336A0A0E3500000EA013046E23C
S31580E02F60030053E30900009A003090E51B20A0E3BC
S31580E02F70142083E5186083E5003090E50420A0E323
S31580E02F801C2083E5003090E5003093E533FF2FE1A8
S31580E02F903C3194E5AC1194E51C0094E5930101E0A5
S31580E02FA0A95200EB403194E5AC1194E50060A0E3D2
S31580E02FB0930101E007A0A0E1680184E5200094E5A3
S31580E02FC0A15200EB706184E56C0184E5543194E5AF
S31580E02FD0030056E1DDFFFFAA0450BAE5083095E527
S31580E02FE00CB095E5241095E59B0308E0930101E09C
S31580E02FF0383085E5441085E53CB085E50310A0E1F1
S31580E03000408085E51C0095E504308DE5F8CC00EB45
S31580E0301004309DE5200095E5000051E30310A00112
S31580E03020481085E50B10A0E1F1CC00EB703194E51A
S31580E03030033088E0000051E30B10A0010A0053E35F
S31580E030404C1085E5050000DA003094E50E20A0E31B
S31580E03050142083E50400A0E1003093E533FF2FE1FF
S31580E03060000058E3060000DA703194E5018048E21A
S31580E03070012083E2033184E0702184E5746183E595
S31580E03080F6FFFFEA016086E2CFFFFFEA0480B7E55C
S31580E03090503098E5000053E30400000A016086E2C0
S31580E030A0543194E5030056E1F7FFFFBA1B0000EACE
S31580E030B0103098E5030053E3285083E20300008A4A
S31580E030C0052184E0042092E5000052E30600001A20
S31580E030D0002094E50400A0E1183082E5003094E514
S31580E030E014A082E5003093E533FF2FE1043094E5C8
S31580E030F00110A0E3003093E58420A0E30400A0E182
S31580E0310033FF2FE1055184E0041095E58420A0E3A8
S31580E0311000B0A0E1F3BC00EB50B088E5DEFFFFEA4B
S31580E03120D43194E50400A0E1003093E533FF2FE14C
S31580E03130C43194E50400A0E1003093E533FF2FE14C
S31580E03140C42194E5CC3194E5042092E5002083E522
S31580E0315008D08DE2F08DBDE80020A0E3942080E5E4
S31580E03160DB0300EAF34D2DE9CC6190E5143096E57A
S31580E03170000053E33D01001AFC749FE50040A0E1A6
S31580E031800780A0E1D03194E50400A0E1043093E526
S31580E0319033FF2FE1010050E30200000A020050E312
S31580E031A03301001A1D0100EA183096E5000053E36A
S31580E031B00A01000A010053E30001001A203094E579
S31580E031C0070053E1020000CA1C3094E5070053E192
S31580E031D0070000DA003094E52A20A0E3142083E596
S31580E031E0188083E5003094E50400A0E1003093E5A3
S31580E031F033FF2FE1D42094E5083042E2040053E324
S31580E032000700009A003094E51010A0E3141083E5DF
S31580E03210182083E5003094E50400A0E1003093E5D2
S31580E0322033FF2FE1242094E50A0052E30A0000DA16
S31580E03230003094E51B10A0E3182083E5141083E5A5
S31580E03240003094E50A20A0E31C2083E5003094E575
S31580E032500400A0E1003093E533FF2FE1D85094E5F8
S31580E032600130A0E300A0A0E313B0A0E33C3184E505
S31580E03270403184E5243094E503005AE11A0000AA3F
S31580E03280083095E5013043E2030053E30300008A0A
S31580E032900C3095E5013043E2030053E30500009AE4
S31580E032A0003094E50400A0E114B083E5003094E5B5
S31580E032B0003093E533FF2FE1083095E53C2194E536
S31580E032C0030052E13C2184A53C3184B5402194E55C
S31580E032D00C3095E5030052E1402184A5403184B568
S31580E032E001A08AE2585085E2E1FFFFEADC3094E50E
S31580E032F0000053E30500001AE03094E5000053E354
S31580E033000400000A543194E5000053E30100000A0A
S31580E033100830A0E3530000EAA03194E53F0053E390
S31580E033202D00000A140000CA0F0053E33800000A9B
S31580E03330070000CA030053E32D00000A080053E3A8
S31580E033402F00000A000053E34B00001A0120A0E39F
S31580E03350220000EA230053E33100000A300053E301
S31580E033603300000A180053E34300001A0520A0E367
S31580E03370AC2184E504239FE51A0000EA8F0053E33D
S31580E033803300000A070000CA630053E32C00000AFA
S31580E03390780053E32C00000A500053E33600001A0D
S31580E033A00930A0E32F0000EAC30053E32A00000AB5
S31580E033B0030000CAA80053E30D30A0032900000AE9
S31580E033C02D0000EAE00053E32500000AFF0053E306
S31580E033D01030A0032300000A270000EA0820A0E3BB
S31580E033E0AC2184E598229FE5B02184E5B43184E57B
S31580E033F0330000EA0220A0E3AC2184E584229FE545
S31580E03400F8FFFFEA0320A0E3AC2184E578229FE57C
S31580E03410F4FFFFEA0420A0E3AC2184E56C229FE57B
S31580E03420F0FFFFEA0620A0E3AC2184E560229FE579
S31580E03430ECFFFFEA0720A0E3AC2184E554229FE578
S31580E03440E8FFFFEA0A30A0E3060000EA0B30A0E3DB
S31580E03450040000EA0C30A0E3020000EA0E30A0E3AC
S31580E03460000000EA0F30A0E3AC3184E510329FE53E
S31580E03470B03184E53F30A0E3DBFFFFEA003094E53E
S31580E034801120A0E3142083E59C2194E5182083E5B0
S31580E03490003094E5A02194E51C2083E5003094E596
S31580E034A0A42194E5202083E5003094E5A82194E5E5
S31580E034B0242083E5003094E50400A0E1003093E524
S31580E034C033FF2FE100A0A0E3D85094E5AC3194E53A
S31580E034D001B0A0E30A20A0E1443184E5483184E5E7
S31580E034E0243094E503005AE1AC3194E5240000AA47
S31580E034F0243085E5AC1194E5281085E508C095E58E
S31580E035001C0094E53C1194E59C0000E0930101E009
S31580E0351004208DE54C5100EB0CC095E501A08AE2D4
S31580E03520585085E23C0005E5403194E5200094E57D
S31580E03530AC1194E59C0000E0930101E0425100EB80
S31580E03540380005E5500015E51C3094E53C1194E51E
S31580E03550930000E03C5100EB2C0005E54C0015E5BE
S31580E03560203094E5401194E5930000E0365100EB7D
S31580E0357004209DE524B005E5082005E5280005E55D
S31580E03580D6FFFFEA401194E5200094E5930101E03F
S31580E035902D5100EB243094E5542194E5030052E16B
S31580E035A0CC3194E54C0184E5020000BAE02094E554
S31580E035B0000052E30000000A0120A0E3102083E52A
S31580E035C0543194E5000053E30230A00318308605B9
S31580E035D0EBFEFF0A0030A0E3183086E50D0000EA36
S31580E035E0103096E5000053E30500001A003094E5BC
S31580E035F02420A0E3142083E50400A0E1003093E5D5
S31580E0360033FF2FE1543194E5000053E3DCFEFF0AFB
S31580E036100400A0E133FEFFEB0100A0E3140000EA22
S31580E036200130A0E3143086E5183096E5000053E3D8
S31580E036300A00000AD03194E5103093E5000053E3A8
S31580E036400A00000A003094E53E20A0E3142083E5DA
S31580E036500400A0E1003093E533FF2FE1030000EAA8
S31580E03660903094E5982094E5030052E1983084C543
S31580E036700200A0E308D08DE2F08DBDE8DCFF00001B
S31580E036809882E3802480E3806481E380B481E38070
S31580E036901882E3803C83E3800C84E380AC1190E580
S31580E036A0302090E538402DE9910202E0343090E513
S31580E036B00040A0E1030052E10800008A1C0090E58A
S31580E036C0E15000EBAC1194E5700084E5200094E5D0
S31580E036D0DD5000EB0130A0E3740084E5820000EA6F
S31580E036E083C0A0E10C0052E11C0090E50900008A4D
S31580E036F08000A0E1D45000EBAC1194E5700084E545
S31580E03700200094E58000A0E1CF5000EB0230A0E3FA
S31580E03710740084E5740000EA03C08CE00C0052E19A
S31580E037200900008A800080E0C75000EBAC1194E588
S31580E03730700084E5200094E5800080E0C25000EBD4
S31580E037400330A0E3740084E5670000EA03C1A0E1EA
S31580E037500C0052E10900008A0001A0E1BA5000EBBA
S31580E03760AC1194E5700084E5200094E50001A0E1C9
S31580E03770B55000EB0430A0E3740084E55A0000EA1B
S31580E0378003C08CE00C0052E10900008A000180E071
S31580E03790AD5000EBAC1194E5700084E5200094E533
S31580E037A0000180E0A85000EB0530A0E3740084E5DA
S31580E037B04D0000EA0650A0E395030CE00C0052E1D0
S31580E037C03500009A0750A0E395030CE00C0052E127
S31580E037D03100009A83C1A0E10C0052E10900008A21
S31580E037E08001A0E1985000EBAC1194E5700084E58F
S31580E037F0200094E58001A0E1935000EB0830A0E33F
S31580E03800740084E5380000EA03C08CE00C0052E1E5
S31580E038100900008A800180E08B5000EBAC1194E5D2
S31580E03820700084E5200094E5800180E0865000EB1E
S31580E038300930A0E3740084E52B0000EA0A50A0E397
S31580E0384095030CE00C0052E11300009A0B50A0E3C4
S31580E0385095030CE00C0052E10F00009A0C50A0E3B7
S31580E0386095030CE00C0052E10B00009A0D50A0E3AA
S31580E0387095030CE00C0052E10700009A0E50A0E39D
S31580E0388095030CE00C0052E10300009A0F50A0E390
S31580E03890950303E0030052E10A00008A950000E008
S31580E038A0695000EBAC1194E5700084E5200094E566
S31580E038B0950000E0645000EB445184E5485184E58E
S31580E038C0740084E50A0000EA0002A0E15E5000EBA5
S31580E038D0AC1194E5700084E5200094E50002A0E157
S31580E038E0595000EB1030A0E3740084E5443184E560
S31580E038F0483184E5D83094E5241094E50020A0E3AF
S31580E03900010052E1060000AA440194E5240083E523
S31580E03910480194E5280083E5012082E2583083E27D
S31580E03920F6FFFFEA3880BDE8043090E510402DE9E7
S31580E03930003093E50010A0E31C20A0E30040A0E166
S31580E0394033FF2FE134309FE5CC0184E5003080E51C
S31580E039502C309FE5043080E528309FE5083080E50F
S31580E0396024309FE50C3080E50030A0E3103080E520
S31580E03970143080E50130A0E3183080E51080BDE8A2
S31580E039806431E080982EE080E82EE080702EE08042
S31580E03990F0452DE9C04190E50280A0E10370A0E109
S31580E039A0302094E5343094E514D04DE2030052E1C2
S31580E039B00050A0E101A0A0E1086084E20700003A9F
S31580E039C0C43190E50610A0E10C3093E533FF2FE19A
S31580E039D0000050E30B00000A0030A0E3303084E5BD
S31580E039E0C80195E500A08DE504808DE508708DE53C
S31580E039F00610A0E104C090E5302084E20500A0E155
S31580E03A00343094E53CFF2FE114D08DE2F085BDE8BB
S31580E03A10F04D2DE9C04190E530D04DE210308DE596
S31580E03A20383094E50060A0E1000053E318108DE59E
S31580E03A3002A0A0E10C00001A443094E5C42190E590
S31580E03A40033184E00C2092E53C1093E532FF2FE1D0
S31580E03A50000050E3C100000A0130A0E3383084E57D
S31580E03A604C3094E5013083E24C3084E5483094E58F
S31580E03A70010053E35A00000A020053E30200000A01
S31580E03A80000053E3B500001A160000EA443094E5DE
S31580E03A9018109DE5C82196E502048DE8033184E09F
S31580E03AA010109DE508108DE50600A0E104C092E5C2
S31580E03AB03C1093E5302084E2343094E53CFF2FE1FE
S31580E03AC0302094E5343094E5030052E1A300003AD7
S31580E03AD00030A0E3483084E510209DE500309AE58B
S31580E03AE0020053E19D00002A482196E514208DE5E9
S31580E03AF0012042E2342084E54C1094E54C2196E5A1
S31580E03B000030A0E3020051E1303084E50200000A93
S31580E03B100130A0E3483084E5310000EAC0C196E593
S31580E03B20D88096E5242096E503B0A0E11C208DE5BB
S31580E03B301C309DE503005BE1F4FFFFAA0C1098E5DD
S31580E03B40285098E520C08DE5910503E014109DE5A9
S31580E03B500300A0E10350A0E12DCA00EB0510A0E12F
S31580E03B600070A0E1300098E521CA00EB20C09DE519
S31580E03B70000051E30150A01100005BE30500001A4C
S31580E03B80010045E20710A0E121CA00EB20C09DE5D7
S31580E03B90010080E234008CE544109CE5075145E263
S31580E03BA001118CE03C1091E50551A0E10B1191E704
S31580E03BB08770A0E1050081E0045085E2051081E090
S31580E03BC000E0A0E307005EE1005090B50E5181B7BA
S31580E03BD001E08EB2FAFFFFBA01B08BE2588088E24C
S31580E03BE0D2FFFFEA443094E518109DE5C82196E5BA
S31580E03BF002048DE8033184E010109DE508108DE520
S31580E03C000600A0E104C092E53C1093E5302084E212
S31580E03C10343094E53CFF2FE1302094E5343094E570
S31580E03C20030052E14D00003A4C3094E5010053E345
S31580E03C300C00000A443094E5013023E2443084E508
S31580E03C400030A0E3383084E5483196E5012083E210
S31580E03C50023083E2343084E50230A0E3302084E52C
S31580E03C60483084E53D0000EA488196E5243096E5D3
S31580E03C7010308DE5C0A196E5013088E2D87096E5F2
S31580E03C8028308DE50050A0E3023088E22C308DE5C7
S31580E03C9010309DE5030055E1E5FFFFAA0C3097E57E
S31580E03CA0282097E50810A0E1930200E0D8C900EB50
S31580E03CB03C309AE528209DE5051193E740309AE56A
S31580E03CC005E193E70330E0E3900303E0900202E04E
S31580E03CD003C081E018C08DE52CC09DE503308EE001
S31580E03CE0900C0CE01C308DE50CC1A0E10C3081E03D
S31580E03CF00221A0E120308DE50C308EE002B081E03B
S31580E03D0024308DE502208EE00030A0E314208DE59E
S31580E03D10000053E10E0000AA18209DE503C19BE751
S31580E03D2003C182E714C09DE51C209DE503C19CE7A5
S31580E03D3003C182E720209DE503C191E703C182E7C5
S31580E03D4024C09DE503219EE703218CE7013083E2D1
S31580E03D50EEFFFFEA015085E2587087E2CBFFFFEA8B
S31580E03D6030D08DE2F08DBDE8C8C190E51F402DE9E9
S31580E03D700E008DE80010A0E304C09CE50120A0E1E0
S31580E03D800130A0E13CFF2FE114D08DE204F09DE408
S31580E03D90FF4D2DE9000051E3C04190E50400000AA3
S31580E03DA0020051E35300001A6C319FE5043084E54C
S31580E03DB0570000EADC2190E5082092E5000052E316
S31580E03DC04700000A486190E5243090E504308DE5AF
S31580E03DD0D87090E5023086E20480A0E13C219FE540
S31580E03DE008308DE50150A0E1023046E20420A8E5E6
S31580E03DF00C308DE504309DE5030055E1320000AAE4
S31580E03E000C3097E5280097E50610A0E1930000E0E6
S31580E03E107FC900EB3C3094E508A09DE505E193E79A
S31580E03E20403094E50010A0E3052193E70430B8E53F
S31580E03E30900A0AE00A0051E101C193B701C182B755
S31580E03E4001C18EB7011081B2F9FFFFBA0CC09DE5C2
S31580E03E508010A0E100108DE5900C0CE0960001E06A
S31580E03E600CC1A0E10111A0E10CB082E001A083E0E9
S31580E03E70012082E00C3083E000C0A0E300109DE5E5
S31580E03E8001005CE1050000AA0C119AE70C118BE7B2
S31580E03E900C1193E70C1182E701C08CE2F6FFFFEA92
S31580E03EA00320E0E390E222E00030A0E3000053E16B
S31580E03EB000109EB5031182B7013083B2FAFFFFBAD4
S31580E03EC0015085E2587087E2C9FFFFEA0030A0E33F
S31580E03ED0443084E5483084E54C3084E5383084E508
S31580E03EE00B0000EA38309FE5043084E5343094E511
S31580E03EF0303084E5060000EA003090E50320A0E358
S31580E03F00142083E5003093E510D08DE2F04DBDE8D6
S31580E03F1013FF2FE110D08DE2F08DBDE8683DE080A3
S31580E03F20103AE0809039E080043090E5F34D2DE959
S31580E03F30003093E50150A0E15020A0E30110A0E31A
S31580E03F400040A0E133FF2FE180319FE5000055E39B
S31580E03F50C00184E50060A0E1003080E50500000A4C
S31580E03F60003094E50320A0E3142083E50400A0E17B
S31580E03F70003093E533FF2FE1DC3194E5485194E559
S31580E03F80083093E5000053E3345086053400000A98
S31580E03F90010055E3050000CA003094E53020A0E337
S31580E03FA0142083E50400A0E1003093E533FF2FE1A0
S31580E03FB0242094E5043094E50400A0E1003093E504
S31580E03FC00110A0E38221A0E1C07194E5488194E5E7
S31580E03FD033FF2FE1243094E5D8B094E500A0A0E348
S31580E03FE0048088E23C0087E5030180E0400087E5C5
S31580E03FF0243094E503005AE1170000AA0C309BE5D3
S31580E0400028009BE5481194E5930000E000C900EBA9
S31580E04010042094E50110A0E300C092E558B08BE25D
S31580E04020980003E00050A0E18321A0E10400A0E134
S31580E0403004308DE53CFF2FE13C2097E504309DE59B
S31580E04040050180E00A0182E7402097E5030180E0F0
S31580E040500A0182E701A08AE2E4FFFFEA485194E59B
S31580E04060025085E2D87094E5046086E20080A0E3A1
S31580E04070243094E5030058E1120000AA243097E545
S31580E040801CA097E5280097E5930A0AE00C3097E5AF
S31580E04090481194E5930000E0DDC800EB042094E548
S31580E040A00110A0E308C092E50A20A0E1018088E241
S31580E040B0587087E2950003E00400A0E13CFF2FE121
S31580E040C00400A6E5E9FFFFEA08D08DE2F08DBDE8C1
S31580E040D0903DE080542190E5C43190E5010052E3C3
S31580E040E00120A0C3060000CA4C2190E5941090E51B
S31580E040F0012042E2020051E1582190E50C20923500
S31580E041004C2092251C2083E50020A0E3142083E543
S31580E04110182083E51EFF2FE10000A0E31EFF2FE1BC
S31580E04120F04D2DE955BF80E2C45190E538D04DE29F
S31580E041300040A0E10B70A0E10060A0E30180A0E375
S31580E04140543194E5030056E10F0000AA0420B7E558
S31580E04150040094E5041092E50C3092E5942094E511
S31580E04160121081E200808DE5930202E020C090E5A6
S31580E04170011195E70400A0E13CFF2FE128308DE2B4
S31580E04180060183E7016086E2ECFFFFEA186095E5C9
S31580E041901C3095E5030056E1460000AA147095E5CB
S31580E041A0683194E5030057E13E00002A0020A0E351
S31580E041B0543194E502E0A0E118308DE510B08DE54C
S31580E041C018309DE5030052E12B0000AA10309DE5F2
S31580E041D00E80A0E10410B3E510308DE5383091E52E
S31580E041E03C1091E50C108DE58313A0E1970100E08A
S31580E041F00010A0E320008DE5C30FC3E124008DE528
S31580E042000C009DE5000051E1160000AA28C08DE271
S31580E0421002C19CE7060081E000019CE707C088E2D6
S31580E042201C008DE50C0185E014008DE50000A0E31F
S31580E0423020A09DE51CC09DE580A38AE0030050E1B7
S31580E042400AA08CE014C09DB5010080B204A0ACB594
S31580E0425014C08DB5F5FFFFBA24009DE5011081E21B
S31580E04260008088E0E5FFFFEAC33FC3E1C01FC0E10D
S31580E04270012082E291E32EE0D0FFFFEAD43194E59B
S31580E042800400A0E1043093E5201085E233FF2FE1BE
S31580E04290000050E318608505147085051400000A57
S31580E042A0017087E2BDFFFFEA0030A0E3143085E5C8
S31580E042B0016086E2B5FFFFEA943094E54C2194E50F
S31580E042C0013083E2020053E1943084E50300002A62
S31580E042D00400A0E17EFFFFEB0300A0E3040000EA18
S31580E042E0CC3194E50400A0E10C3093E533FF2FE177
S31580E042F00400A0E338D08DE2F08DBDE8F04D2DE9E5
S31580E04300C47190E54C8190E528D04DE20040A0E173
S31580E043101C108DE5902094E5983094E5030052E1F9
S31580E04320060000AACC3194E50400A0E1003093E5D4
S31580E0433033FF2FE1000050E3F5FFFF1A540000EA57
S31580E043400300001A942094E59C3094E5030052E142
S31580E04350F3FFFF9AD85094E5013048E2487087E24F
S31580E043600060A0E320308DE5243094E5030056E13B
S31580E04370400000AA343095E5000053E33900000A96
S31580E043800C3095E5041094E59C2094E50000A0E3CC
S31580E0439000008DE5930202E020C091E50400A0E1F3
S31580E043A0001097E53CFF2FE19C3094E520209DE5C9
S31580E043B00C8095E5020053E110008DE50400003A9B
S31580E043C00810A0E1200095E509C800EB000051E364
S31580E043D00180A011D83194E50C808DE5063183E02B
S31580E043E0043093E514308DE51C309DE50080A0E334
S31580E043F006C193E70C309DE5030058E1190000AA59
S31580E0440010309DE500B0A0E3083193E70BA0A0E172
S31580E0441018308DE518309DE58A2383E01C3095E5DC
S31580E0442003005AE10B00002A0C30A0E100B08DE5D4
S31580E0443024C08DE50400A0E114C09DE50510A0E14F
S31580E044403CFF2FE1243095E501A08AE203B08BE0C2
S31580E0445024C09DE5EEFFFFEA283095E5018088E2FD
S31580E0446003C18CE0E2FFFFEA016086E2585085E214
S31580E04470047087E2BBFFFFEA9C0094E54C3194E54B
S31580E04480010080E2030050E19C0084E50300A03354
S31580E044900400A02328D08DE2F08DBDE8F0412DE91F
S31580E044A0C45190E50040A0E1103095E5000053E36B
S31580E044B04700000A503090E5000053E34200000ACE
S31580E044C0E03090E5000053E33F00000AA03090E53D
S31580E044D0000053E33C00000A703095E5000053E3AA
S31580E044E00700001A242090E5043090E518C0A0E388
S31580E044F0003093E50110A0E39C0202E033FF2FE158
S31580E04500700085E50030A0E3706095E5D80094E51D
S31580E045100310A0E11870A0E3242094E597632EE0D1
S31580E04520020053E1250000AA502090E5000052E306
S31580E045302500000AB0C0D2E100005CE32200000A58
S31580E04540B2C0D2E100005CE31F00000AB0C1D2E154
S31580E0455000005CE31C00000AB0C2D2E100005CE32C
S31580E045601900000AB2C1D2E100005CE31600000A3D
S31580E04570B420D2E1000052E31300000AA02094E5C3
S31580E0458003C482E0032492E7000052E30E0000BAFF
S31580E045900120A0E302819CE702818EE702819CE70D
S31580E045A0012082E2000058E30110A013060052E3E6
S31580E045B0F7FFFF1A013083E2580080E2D5FFFFEA79
S31580E045C0000051E314309F150000001A10309FE57B
S31580E045D00C3085E50030A0E39C3084E5F081BDE8D1
S31580E045E05448E080FC42E080683190E5F04D2DE96A
S31580E045F0013043E240D04DE2C46190E51C308DE568
S31580E046004C3190E518B096E5013043E228308DE5EF
S31580E046100040A0E1203086E234108DE538308DE52B
S31580E046201C3096E503005BE1750000AA147096E500
S31580E046301C309DE5030057E16D00008AB43194E5B6
S31580E04640000053E30400000A702194E5200096E51B
S31580E046500010A0E38223A0E18BB700EBD43194E590
S31580E046600400A0E1043093E538109DE533FF2FE1A7
S31580E04670000050E30500000A553F84E220308DE5D6
S31580E046800030A0E30C308DE503C0A0E1240000EA11
S31580E0469018B086E5147086E56B0000EA20309DE56B
S31580E046A00450B3E520308DE5343095E5000053E3E2
S31580E046B04030950503C08C001600000A042095E57D
S31580E046C0D83194E534109DE5023183E0043093E5FA
S31580E046D02C308DE51C309DE5022191E7030057E102
S31580E046E0383095354830952518308DE5283095E574
S31580E046F00080A0E39B0303E0033182E010308DE588
S31580E04700443095E5930702E030208DE53C3095E531
S31580E04710030058E1070000BA0C309DE5013083E2E2
S31580E047200C308DE5543194E50C209DE5030052E193
S31580E04730D9FFFFBA2C0000EA943094E528209DE565
S31580E04740020053E10600002A07A08CE20A3186E0E7
S31580E0475024308DE530309DE514308DE500A0A0E372
S31580E04760040000EA4C2095E50B3088E0020053E136
S31580E04770F4FFFFBA140000EA18309DE503005AE121
S31580E04780110000AA14309DE500308DE524309DE5CA
S31580E047903CC08DE50420B3E524308DE52CC09DE555
S31580E047A010309DE50400A0E10510A0E13CFF2FE17B
S31580E047B014209DE5243095E501A08AE2033082E06D
S31580E047C014308DE53CC09DE5EAFFFFEA383095E59B
S31580E047D010209DE503C08CE0283095E5018088E2D5
S31580E047E0033182E010308DE5C7FFFFEA017087E292
S31580E047F08EFFFFEA0030A0E3143086E501B08BE25D
S31580E0480086FFFFEA9C3094E54C2194E5013083E213
S31580E048109C3084E5943094E5013083E2020053E1F4
S31580E04820943084E50300002A0400A0E128FEFFEB33
S31580E048300300A0E3040000EACC3194E50400A0E1A3
S31580E048400C3093E533FF2FE10400A0E340D08DE206
S31580E04850F08DBDE8F04D2DE9C43190E512DE4DE2F4
S31580E048604C308DE54C3190E50040A0E1013043E2EB
S31580E0487098108DE58C308DE5903094E5981094E530
S31580E04880010053E1120000CACC2194E5140092E5C0
S31580E04890000050E30E00001A010053E10600001A02
S31580E048A09C1194E59C3094E5000051E3013083024D
S31580E048B0941094E5030051E10500008A003092E50A
S31580E048C00400A0E133FF2FE1000050E3E9FFFF1A87
S31580E048D09E0100EA4C309DE5D85094E5483083E26D
S31580E048E00070A0E320308DE5243094E5030057E1A5
S31580E048F08F0100AA343095E5000053E38601000A73
S31580E049009C6094E58C309DE50C8095E5030056E14E
S31580E049100020A03330808D358830A03148208D3519
S31580E049200A00003A200095E50810A0E1B0C600EB49
S31580E04930000051E30130A0110830A00130308DE550
S31580E049400130A0E348308DE50130A0110830A001A8
S31580E04950000056E30E00000A041094E5012046E2CA
S31580E049600060A0E300608DE520C091E520109DE524
S31580E04970083083E00400A0E1001091E5980202E0AF
S31580E049803CFF2FE10C3095E544608DE5030180E046
S31580E04990090000EA042094E500608DE520C092E5F8
S31580E049A020209DE50400A0E1001092E50620A0E12C
S31580E049B03CFF2FE10130A0E344308DE54C309DE5AE
S31580E049C0D88194E5703093E51820A0E3078188E0EC
S31580E049D0923721E0048098E5503095E590808DE52A
S31580E049E098809DE5B260D3E1B0E1D3E1B0C2D3E196
S31580E049F0B420D3E1078198E710108DE5B211D3E1B9
S31580E04A00B030D3E134808DE52480A0E398030AE0DA
S31580E04A108683A0E10664A0E164608DE58E63A0E113
S31580E04A200EE4A0E16CE08DE583E183E0033183E091
S31580E04A3094308DE58133A0E17C308DE50134A0E1D1
S31580E04A4080308DE58233A0E184308DE50234A0E1CB
S31580E04A5070E08DE588308DE58CE3A0E10030A0E361
S31580E04A600CC4A0E15CA08DE560808DE568608DE595
S31580E04A7074E08DE578C08DE52C008DE50C308DE514
S31580E04A800C309DE530209DE5020053E1220100AA2D
S31580E04A902C309DE50C209DE5046093E42C308DE57B
S31580E04AA044309DE5000052E30030A013013003025C
S31580E04AB0000053E32C309D0514608D1508301305F6
S31580E04AC014308D0548309DE5000053E30500000A6B
S31580E04AD030309DE50C209DE5013043E2030052E154
S31580E04AE018608D050200000A2C309DE5003093E5C4
S31580E04AF018308DE514309DE5F0B0D6E1F0A0D3E135
S31580E04B0018309DE540B08DE5F080D3E11C3095E529
S31580E04B1054808DE5013043E258308DE50030A0E3E6
S31580E04B2050A08DE524308DE528308DE50120A0E389
S31580E04B300600A0E1A0108DE2DC4B00EB28309DE57D
S31580E04B4058209DE5020053E114309D353C808D254B
S31580E04B50F038D33138308D35F038D6311C308D355C
S31580E04B6018309D351CB08D25F038D3313C308D35ED
S31580E04B7010309DE538A08D25043093E5000053E3A1
S31580E04B802100000AF22ADDE1000052E31E00001A4D
S31580E04B9040209DE51C109DE59C308DE5020061E09E
S31580E04BA05C209DE560309DE5900212E00A00004AB7
S31580E04BB0020083E064109DE515C600EB9C309DE520
S31580E04BC0000053E30F0000DA0120A0E31233A0E1F6
S31580E04BD0030050E1010043A20A0000EA030062E01C
S31580E04BE064109DE50AC600EB9C309DE5000053E32A
S31580E04BF0030000DA0120A0E31233A0E1030050E1D4
S31580E04C00010043A2000060E2B20ACDE110309DE5EA
S31580E04C10083093E5000053E31F00000AF02BDDE146
S31580E04C20000052E31C00001A5C209DE50A0068E063
S31580E04C30900212E09C308DE568309DE50A00004ADE
S31580E04C40020083E06C109DE5F1C500EB9C309DE5AC
S31580E04C50000053E30F0000DA0120A0E31233A0E165
S31580E04C60030050E1010043A20A0000EA030062E08B
S31580E04C706C109DE5E6C500EB9C309DE5000053E3B6
S31580E04C80030000DA0120A0E31233A0E1030050E143
S31580E04C90010043A2000060E2B00BCDE110309DE55B
S31580E04CA00C3093E5000053E32200000AF02CDDE1AE
S31580E04CB0000052E31F00001A08008AE00120E0E3CA
S31580E04CC09B0222E09C308DE50200A0E170209DE50C
S31580E04CD074309DE5900212E00A00004A020083E00B
S31580E04CE078109DE5CAC500EB9C309DE5000053E356
S31580E04CF00F0000DA0120A0E31233A0E1030050E1C7
S31580E04D00010043A20A0000EA030062E078109DE514
S31580E04D10BFC500EB9C309DE5000053E3030000DA5D
S31580E04D200120A0E31233A0E1030050E1010043A299
S31580E04D30000060E2B00CCDE110309DE5103093E5E7
S31580E04D40000053E32500000AF22BDDE1000052E388
S31580E04D502200001A50209DE538109DE550308DE503
S31580E04D60020061E054209DE57C309DE5000062E034
S31580E04D703C209DE5020080E094209DE5900212E0D3
S31580E04D800A00004A020083E080109DE5A0C500EBA2
S31580E04D9050309DE5000053E30F0000DA0120A0E3E8
S31580E04DA01233A0E1030050E1010043A20A0000EAC9
S31580E04DB0030062E080109DE595C500EB50309DE5EF
S31580E04DC0000053E3030000DA0120A0E31233A0E100
S31580E04DD0030050E1010043A2000060E2B20BCDE1A6
S31580E04DE010309DE5143093E5000053E32400000A7B
S31580E04DF0F42ADDE1000052E32100001A40209DE51F
S31580E04E001C109DE540308DE5010082E00120E0E365
S31580E04E109B0222E084309DE50200A0E170209DE5C2
S31580E04E20900212E00A00004A020083E088109DE5C5
S31580E04E3077C500EB40309DE5000053E30F0000DAD4
S31580E04E400120A0E31233A0E1030050E1010043A278
S31580E04E500A0000EA030062E088109DE56CC500EB7D
S31580E04E6040309DE5000053E3030000DA0120A0E333
S31580E04E701233A0E1030050E1010043A2000060E2AA
S31580E04E80B40ACDE124309DE500308DE5A0208DE2A9
S31580E04E9034309DE50400A0E10510A0E190C09DE5D9
S31580E04EA03CFF2FE114309DE524209DE5803083E2B0
S31580E04EB014308DE518309DE5806086E2803083E2AF
S31580E04EC018308DE5243095E550A08DE5033082E0FD
S31580E04ED024308DE528309DE558209DE5013083E23C
S31580E04EE0020053E128308DE540B08DE554808DE5B4
S31580E04EF03C809D951CB09D9538A09D950AFFFF9AB4
S31580E04F0034209DE5283095E5033182E034308DE527
S31580E04F100C309DE5013083E2D7FEFFEA20309DE547
S31580E04F20017087E2043083E2585085E220308DE5D7
S31580E04F306CFEFFEA9C0094E54C3194E5010080E24A
S31580E04F40030050E19C0084E50300A0330400A02325
S31580E04F5012DE8DE2F08DBDE8FF4D2DE9043090E55F
S31580E04F600160A0E1003093E50110A0E37420A0E3A6
S31580E04F700050A0E133FF2FE10070A0E308319FE508
S31580E04F80070056E1D8609515C40185E5003080E5D7
S31580E04F90F8309FE50040A0E1083080E5707080E55C
S31580E04FA044A080E21F00000A243095E5030057E123
S31580E04FB0160000AAE03095E50C8096E5000053E304
S31580E04FC0043095E5081096E51C0096E58880881003
S31580E04FD014B093E5A14A00EB0C1096E5017087E2E8
S31580E04FE0586086E20C008DE5380016E59B4A00EBBA
S31580E04FF00110A0E30120A0E10C309DE501018DE8E0
S31580E050000500A0E13BFF2FE10400AAE5E5FFFFEA0A
S31580E050107C309FE5043084E578309FE50C3084E58C
S31580E05020483084E2150000EA043095E5052CA0E3DB
S31580E05030043093E50500A0E10110A0E333FF2FE102
S31580E050401C3084E20020A0E10420A3E50A0053E1BD
S31580E05050802082E2FBFFFF1AB41195E5000051E360
S31580E050600100001A052CA0E307B500EB28309FE588
S31580E05070043084E524309FE50C3084E50030A0E3FD
S31580E05080103084E510D08DE2F08DBDE85831E080B7
S31580E050909C44E0802041E080FC42E0801841E08052
S31580E050A0E845E080020051E313402DE9C84190E5F0
S31580E050B02100000A030051E31500000A000051E3D5
S31580E050C02700001A542090E5000052E30D00000A04
S31580E050D0B4209FE5042084E50C2094E5000052E3AB
S31580E050E02400001A043090E50110A0E300108DE55D
S31580E050F01CC093E5081094E5103094E53CFF2FE161
S31580E051000C0084E51B0000EADC3190E5043093E591
S31580E05110070000EA082094E5000052E30300001A45
S31580E05120003090E5141083E5003093E533FF2FE1FE
S31580E0513058309FE5043084E50E0000EA082094E5C7
S31580E05140000052E30400001A003090E50320A0E35B
S31580E05150142083E5003093E533FF2FE130309FE57F
S31580E05160F3FFFFEA003090E50320A0E3142083E517
S31580E05170003093E533FF2FE10030A0E3183084E57B
S31580E05180143084E508D08DE21080BDE89851E08047
S31580E051902452E0800C53E080F0452DE91CD04DE2AE
S31580E051A03C409DE540C09DE500E094E5C86190E522
S31580E051B00CC06EE00070A0E318E08DE204702EE58E
S31580E051C00CA096E5DC7190E5108096E50050A0E1B4
S31580E051D000448DE808005CE108C08D9508808D85E7
S31580E051E004C097E53CFF2FE1E43195E5002094E5A6
S31580E051F004C093E538309DE50500A0E1022183E017
S31580E052000C1096E514309DE53CFF2FE1003094E5E7
S31580E0521014209DE5023083E0003084E51CD08DE2E9
S31580E05220F085BDE8FF4D2DE9C84190E50360A0E13A
S31580E05230183094E50050A0E1000053E301B0A0E10E
S31580E0524002A0A0E134709DE50800001A043090E5E4
S31580E052500120A0E300208DE51CC093E5081094E5CD
S31580E05260142094E5103094E53CFF2FE10C0084E5B2
S31580E052700C2094E5188094E5DC3195E500208DE5F9
S31580E05280182084E204208DE5102094E508208DE541
S31580E052900500A0E104C093E50B10A0E10630A0E193
S31580E052A00A20A0E13CFF2FE1186094E5080056E172
S31580E052B00B00009AE43195E50C1094E5066068E011
S31580E052C004C093E50500A0E10630A0E1081181E085
S31580E052D00020A0E33CFF2FE1003097E5066083E005
S31580E052E0006087E5183094E5102094E5020053E1EC
S31580E052F01430942502308320143084250030A02396
S31580E053001830842510D08DE2F08DBDE8F7402DE988
S31580E05310C84190E50060A0E1183094E524709DE5F1
S31580E05320000053E30700001A042090E500308DE585
S31580E053301CC092E5081094E5142094E5103094E5BD
S31580E053403CFF2FE10C0084E5743096E5145094E53B
S31580E05350181094E5035065E0103094E5002097E559
S31580E05360033061E028009DE5030055E10350A0216C
S31580E05370000062E00C3094E5000055E10050A02189
S31580E05380011183E0E40196E520309DE504C090E5D7
S31580E05390022183E00600A0E10530A0E13CFF2FE199
S31580E053A0003097E5053083E0003087E5183094E5F6
S31580E053B0102094E5035085E0020055E114309425F1
S31580E053C0185084E502308320143084250030A023F1
S31580E053D0183084250CD08DE2F080BDE8043090E56D
S31580E053E0F3412DE9003093E50160A0E11C20A0E3C4
S31580E053F00110A0E30040A0E133FF2FE198309FE564
S31580E054000070A0E3C80184E5003080E5543094E57F
S31580E054100050A0E1070053E1087080E50C7080E55C
S31580E054201B00000A403194E5070056E1103080E524
S31580E05430041094E5782094E570C094E50E00000AA7
S31580E05440108091E5740094E50310A0E19C0206E0EB
S31580E05450824900EB0110A0E30720A0E100008DE582
S31580E05460103095E504308DE50400A0E10630A0E13A
S31580E0547038FF2FE1080085E5050000EA086091E540
S31580E054800400A0E10110A0E39C0202E036FF2FE1D8
S31580E054900C0085E508D08DE2F081BDE8A450E0807F
S31580E054A0F8452DE9186090E50040A0E1005096E8C7
S31580E054B0DC1080E500005EE3E02080E5E43080E516
S31580E054C00600001A0C3096E533FF2FE1000050E32A
S31580E054D00100001A0000A0E3F885BDE8005096E8D8
S31580E054E001505EE20070DCE501308C120500001AA6
S31580E054F00C3096E50400A0E133FF2FE1000050E395
S31580E05500F3FFFF0A280096E8015055E20080D3E5D4
S31580E05510013083120500001A0C3096E50400A0E104
S31580E0552033FF2FE1000050E3E9FFFF0A280096E809
S31580E055300020D3E5015055E2D42084E50130831282
S31580E055400500001A0C3096E50400A0E133FF2FE158
S31580E05550000050E3DEFFFF0A280096E80020D3E54E
S31580E05560015055E20224A0E1202084E50130831237
S31580E055700500001A0C3096E50400A0E133FF2FE128
S31580E05580000050E3D2FFFF0A280096E80010D3E53A
S31580E05590202094E5015055E2012082E0202084E538
S31580E055A0013083120500001A0C3096E50400A0E174
S31580E055B033FF2FE1000050E3C5FFFF0A280096E89D
S31580E055C00020D3E5015055E20224A0E11C2084E5C9
S31580E055D0013083120500001A0C3096E50400A0E144
S31580E055E033FF2FE1000050E3B9FFFF0A280096E879
S31580E055F00010D3E51C2094E5015055E2012082E0BD
S31580E056001C2084E5013083120500001A0C3096E5F3
S31580E056100400A0E133FF2FE1000050E3ACFFFF0A76
S31580E05620280096E801A083E20030D3E5243084E5C3
S31580E05630003094E5B82194E5182083E51C2094E5B4
S31580E056401C2083E5202094E5202083E5242094E532
S31580E05650242083E56620A0E3142083E50400A0E10E
S31580E05660043093E50110A0E333FF2FE1D03194E5D8
S31580E05670077488E0103093E5015045E2000053E37B
S31580E05680087047E20500000A003094E53D20A0E37B
S31580E05690142083E50400A0E1003093E533FF2FE199
S31580E056A0203094E5000053E30500000A1C3094E5C1
S31580E056B0000053E30200000A243094E5000053E33F
S31580E056C0050000CA003094E52120A0E3142083E59C
S31580E056D00400A0E1003093E533FF2FE1243094E528
S31580E056E0833083E0030057E10500000A003094E54B
S31580E056F00C20A0E3142083E50400A0E1003093E5CC
S31580E0570033FF2FE1D83094E5000053E30800001A18
S31580E05710242094E5043094E558C0A0E3003093E576
S31580E057200400A0E10110A0E39C0202E033FF2FE138
S31580E05730D80084E50080A0E3243094E5030058E1B6
S31580E057404F0000AA000055E30600001A0C3096E5EB
S31580E057500400A0E133FF2FE1000050E35CFFFF0A85
S31580E0576000A096E5045096E5D81094E50030DAE599
S31580E05770015045E20170A0E10020A0E3080052E17B
S31580E05780110000AA000097E5000053E10B00001A23
S31580E057900170A0E1583097E40120A0E3080052E1CF
S31580E057A0040000AA581097E4012082E2010053E148
S31580E057B00130A0B1F8FFFFEA013083E2020000EA9F
S31580E057C0012082E2587087E2EBFFFFEA000055E3B2
S31580E057D0080187E801A08A120600001A0C3096E5D7
S31580E057E00400A0E133FF2FE1000050E338FFFF0A19
S31580E057F000A096E5045096E50030DAE5015055E2E2
S31580E058004322A0E10F3003E20C3087E5082087E5EC
S31580E0581001308A120500001A0C3096E50400A0E1FA
S31580E0582033FF2FE1000050E329FFFF0A280096E8C6
S31580E0583001A083E20030D3E5103087E5003094E5BF
S31580E05840002097E5182083E5082097E51C2083E56E
S31580E058500C2097E5202083E5102097E5242083E53A
S31580E058606720A0E3142083E50400A0E1043093E5FB
S31580E058700110A0E3015045E233FF2FE1018088E289
S31580E05880ACFFFFEAD03194E50100A0E3100083E5A8
S31580E0589000A086E5045086E5F885BDE80D0052E374
S31580E058A0F0412DE900C090E50040A0E1036082E090
S31580E058B05C00009A0030D1E54A0053E35B00001AB1
S31580E058C00130D1E5460053E35800001A0230D1E5B5
S31580E058D0490053E35500001A0330D1E5460053E30F
S31580E058E05200001A0430D1E5000053E34F00001A5D
S31580E058F00130A0E31C3180E50530D1E52031C0E5FB
S31580E059000620D1E52121C0E50150A0E10720D1E5BF
S31580E059102221C0E50810D1E50920D5E5497F80E25E
S31580E05920012482E0B020C7E10A10D5E50B20D5E559
S31580E05930013043E2012482E0010053E3B220C7E173
S31580E059400A00009A7A30A0E314308CE52031D0E565
S31580E0595018308CE5003090E52121D0E51C2083E5E8
S31580E05960003090E50010E0E3043093E533FF2FE16B
S31580E05970003094E52021D4E5182083E52121D4E583
S31580E059801C2083E5B020D7E1202083E5B220D7E153
S31580E05990242083E52221D4E5282083E55920A0E34D
S31580E059A0142083E50400A0E1043093E50110A0E330
S31580E059B033FF2FE10D20D5E50C30D5E5033092E1BC
S31580E059C00C00000A003094E55C20A0E3142083E517
S31580E059D00C20D5E5182083E5003094E50D20D5E54B
S31580E059E01C2083E5003094E50400A0E1043093E5D3
S31580E059F00110A0E333FF2FE10C30D5E50D20D5E58E
S31580E05A000E6046E2830262E1822082E0020056E195
S31580E05A10F081BD08002094E55A30A0E3143082E599
S31580E05A20186082E5260000EA050052E32100009A2C
S31580E05A300030D1E54A0053E31E00001A0130D1E57B
S31580E05A40460053E31B00001A0230D1E5580053E3C9
S31580E05A501800001A0330D1E5580053E31500001A08
S31580E05A600430D1E5000053E31200001A0530D1E599
S31580E05A70110053E30B00000A130053E30B00000A06
S31580E05A80100053E36E30A0030B00000A5B30A0E306
S31580E05A9014308CE50530D1E518308CE5003094E59E
S31580E05AA01C6083E5060000EA6F30A0E3020000EAAE
S31580E05AB07030A0E3000000EA4F30A0E314308CE5BC
S31580E05AC018608CE5003094E50400A0E1043093E5AD
S31580E05AD00110A0E3F041BDE813FF2FE1F0412DE98D
S31580E05AE0184090E50070A0E1043094E5005094E51C
S31580E05AF0000053E30700001A0C3094E533FF2FE1F2
S31580E05B00000050E300509415043094150100001A0B
S31580E05B100000A0E3F081BDE80060D5E5018053E2B6
S31580E05B200664A0E1015085120500001A0C3094E568
S31580E05B300700A0E133FF2FE1000050E3F3FFFF0A07
S31580E05B40200194E80130D5E45D20A0E3036086E09F
S31580E05B50003097E5026046E2142083E5B82197E5B8
S31580E05B60182083E5003097E50700A0E11C6083E517
S31580E05B70003097E50110A0E3043093E533FF2FE191
S31580E05B80013048E2000056E3005084E5043084E5C5
S31580E05B90040000DA183097E50700A0E1103093E5BD
S31580E05BA00610A0E133FF2FE10100A0E3F081BDE81C
S31580E05BB0F0412DE9184090E50060A0E1240094E8EA
S31580E05BC0000055E30700001A0C3094E50600A0E1DA
S31580E05BD033FF2FE1000050E30100001A0000A0E34C
S31580E05BE0F081BDE8240094E8013082E20020D2E52D
S31580E05BF0015045E2FF0052E31C00000AD01196E511
S31580E05C00000055E3182091E5012082E2182081E525
S31580E05C10280084E80500001A0C3094E50600A0E12F
S31580E05C2033FF2FE1000050E3EBFFFF0A280094E802
S31580E05C300020D3E5015045E2013083E2ECFFFFEA44
S31580E05C400C3094E50600A0E133FF2FE1000050E33D
S31580E05C50E1FFFF0A280094E80070D3E5015045E2B1
S31580E05C60FF0057E3018083E20300001A0830A0E1D9
S31580E05C70000055E3F7FFFF1AF0FFFFEA000057E365
S31580E05C800820A0E1D03196E5181093050210810234
S31580E05C901810830524008408C8FFFF0A182093E5BE
S31580E05CA0000052E30D00000A003096E57710A0E38D
S31580E05CB0182083E5141083E5003096E50600A0E120
S31580E05CC01C7083E5003096E50010E0E3043093E550
S31580E05CD033FF2FE1D03196E50020A0E3182083E55D
S31580E05CE0B87186E50100A0E3008084E5045084E590
S31580E05CF0F081BDE8D02190E50030A0E3D83080E5A2
S31580E05D00903080E5B83180E50C3082E5103082E570
S31580E05D10183082E5A43082E51EFF2FE1F04D2DE9B3
S31580E05D20186090E54ADF4DE2280096E80040A0E161
S31580E05D30000055E30600001A0C3096E533FF2FE1AC
S31580E05D40000050E30100001A0000A0E3C60000EA6C
S31580E05D50280096E80070D3E5015055E20774A0E18B
S31580E05D60013083120500001A0C3096E50400A0E1AC
S31580E05D7033FF2FE1000050E3F2FFFF0A280096E8A8
S31580E05D8001A083E20030D3E5015045E2037087E06D
S31580E05D90027047E2100057E3A80000DA000055E3FE
S31580E05DA00600001A0C3096E50400A0E133FF2FE1EF
S31580E05DB0000050E3E3FFFF0A00A096E5045096E575
S31580E05DC0002094E50080DAE55210A0E3141082E525
S31580E05DD0188082E5002094E501308AE2042092E58D
S31580E05DE00400A0E10110A0E30C308DE508808DE58C
S31580E05DF032FF2FE14A3F8DE20020A0E3142163E5E4
S31580E05E0004308DE50030A0E300308DE50C309DE573
S31580E05E10015045E201B0A0E3000055E30500001A19
S31580E05E200C3096E50400A0E133FF2FE1000050E35B
S31580E05E30C4FFFF0A280096E804209DE501A083E2DE
S31580E05E400030D3E50230CBE700209DE501B08BE260
S31580E05E50033082E011005BE3015045E200308DE5DE
S31580E05E600A30A011EBFFFF1A003094E51520DDE53E
S31580E05E70182083E51620DDE51C2083E51720DDE587
S31580E05E80202083E51820DDE5242083E51920DDE563
S31580E05E90282083E51A20DDE52C2083E51B20DDE53F
S31580E05EA0302083E558B0A0E31C20DDE5342083E58F
S31580E05EB014B083E50400A0E1043093E50210A0E38A
S31580E05EC033FF2FE1003094E51D20DDE5182083E5E2
S31580E05ED01E20DDE51C2083E51F20DDE5202083E50F
S31580E05EE02020DDE5242083E52120DDE5282083E5EB
S31580E05EF02220DDE52C2083E52320DDE5302083E5C7
S31580E05F002420DDE5342083E514B083E50400A0E1B8
S31580E05F10043093E50210A0E333FF2FE100309DE5E6
S31580E05F20117047E2010C53E3070053D1050000DA14
S31580E05F30003094E50920A0E3142083E50400A0E185
S31580E05F40003093E533FF2FE128B08DE20B00A0E12E
S31580E05F500010A0E3012CA0E34BB100EB0030A0E3FE
S31580E05F6000209DE5020053E11000000A000055E3A1
S31580E05F700800001A0C2096E50400A0E10C308DE5BF
S31580E05F8032FF2FE1000050E36EFFFF0A00A096E5A6
S31580E05F90045096E50C309DE50020DAE50320CBE75A
S31580E05FA0015045E2013083E201A08AE2EBFFFFEA9D
S31580E05FB0100018E3077063E01030481208308D1542
S31580E05FC008309DE5088184100881840084808812E9
S31580E05FD0B4808802030053E30800009A003094E519
S31580E05FE01F20A0E3142083E508209DE5182083E5A3
S31580E05FF0003094E50400A0E1003093E533FF2FE123
S31580E06000003098E5000053E30200001A0400A0E1A6
S31580E0601073F1FFEB000088E504109DE5000098E54C
S31580E060201120A0E32FB100EB000098E50B10A0E172
S31580E06030012CA0E3110080E22AB100EB54FFFFEAD5
S31580E06040000057E30500000A003094E50C20A0E349
S31580E06050142083E50400A0E1003093E533FF2FE1CF
S31580E060600100A0E300A086E5045086E54ADF8DE2E4
S31580E06070F08DBDE8FF4D2DE90040A0E1B83194E513
S31580E06080000053E33200001AD03194E50C3093E5FA
S31580E06090000053E32A00001A185094E5042095E5A1
S31580E060A0003095E5000052E30600001A0C3095E5D5
S31580E060B00400A0E133FF2FE1000050E3AE04000AC4
S31580E060C0003095E5042095E5012052E20080D3E595
S31580E060D0013083120600001A0C3095E50400A0E139
S31580E060E033FF2FE1000050E3A304000A003095E57A
S31580E060F0042095E50070D3E5016042E2FF0058E3B5
S31580E06100D800570301A083E20900000A003094E535
S31580E061103720A0E3188083E5142083E5003094E5FA
S31580E061200400A0E11C7083E5003094E5003093E53F
S31580E0613033FF2FE1B87184E500A085E5046085E54D
S31580E06140030000EA0400A0E198FEFFEB000050E3C4
S31580E061508904000AB83194E5CF0053E3210000CAF0
S31580E06160CD0053E3740000AAC40053E3D801000ACB
S31580E06170120000CAC10053E36200000A070000CAA9
S31580E06180010053E35E04000AC00053E30400A0016B
S31580E061900110A0030020A0036400000A6B0400EA5B
S31580E061A0C20053E30400A0010010A0030120A00375
S31580E061B05700000AC30053E35F00000A630400EA65
S31580E061C0C90053E35400000A5B0000BACB0053E3F6
S31580E061D05900000A0400A0D10010A0D30120A0D36A
S31580E061E0520000DA550100EADB0053E3BB01000A06
S31580E061F0070000CAD80053E31500000A400400BA3D
S31580E06200D90053E34201000ADA0053E34D00000A65
S31580E062104E0400EAEF0053E3060000CAE00053E3D1
S31580E06220310400AADC0053E33F04000ADD0053E3B7
S31580E062307A02000A450400EAF80053E3BB02000A4A
S31580E06240FE0053E3D03194051C3093052904000AFF
S31580E062503E0400EA003094E56820A0E3142083E55C
S31580E062600400A0E1043093E50110A0E333FF2FE1C1
S31580E06270D03194E50C3093E5000053E30500000A45
S31580E06280003094E54020A0E3142083E50400A0E1FB
S31580E06290003093E533FF2FE1E71084E2F70084E2F4
S31580E062A00050A0E301E0A0E305C0A0E30150E1E5F2
S31580E062B0000051E10030A0E30120A0E310E0C1E559
S31580E062C020C0C1E5F8FFFF1A491F84E2183184E552
S31580E062D0283084E5303184E5343184E51C3184E549
S31580E062E02231C4E52021C4E52121C4E5B020C1E105
S31580E062F0B220C1E1283184E52C31C4E5D03194E582
S31580E063000C2083E5190400EA0010A0E30400A0E174
S31580E063100120A0E10130A0E1050000EA0010A0E341
S31580E063200400A0E10120A0E10130A0E3000000EA42
S31580E063300230A0E159FCFFEBFD0300EA002094E582
S31580E063403F10A0E3030400EAD03194E5187094E5A9
S31580E06350103093E5006097E5000053E3045097E53D
S31580E063600A00001A000094E53C30A0E3143080E592
S31580E06370C81F9FE5180080E25020A0E3B0AF00EB95
S31580E06380003094E50400A0E1003093E533FF2FE18F
S31580E06390000055E30600001A0C3097E50400A0E102
S31580E063A033FF2FE1000050E3F303000A006097E536
S31580E063B0045097E50080D6E5015055E20884A0E1D7
S31580E063C0016086120600001A0C3097E50400A0E111
S31580E063D033FF2FE1000050E3E703000A006097E512
S31580E063E0045097E50030D6E5015055E2038088E019
S31580E063F0016086120600001A0C3097E50400A0E1E1
S31580E0640033FF2FE1000050E3DB03000A006097E5ED
S31580E06410045097E5002094E56910A0E301B086E298
S31580E064200060D6E5186082E5141082E5002094E5E8
S31580E064300400A0E1042092E50110A0E332FF2FE101
S31580E06440032086E2820058E10120A0130020A00309
S31580E06450040056E3012082C3000052E3015045E286
S31580E064600400001A000056E30800001AE02094E5D4
S31580E06470000052E30500001A002094E50C10A0E32A
S31580E06480141082E50400A0E1002092E532FF2FE1BE
S31580E0649004A0A0E10080A0E35461AAE504A08DE514
S31580E064A0060058E1580000AA000055E30600001AED
S31580E064B00C3097E50400A0E133FF2FE1000050E3C4
S31580E064C0AD03000A00B097E5045097E50020DBE5D0
S31580E064D0015045E20A10A0E104309DE5030051E158
S31580E064E01000000A0400B1E5000090E5000052E1EA
S31580E064F0F8FFFF1A0410A0E15821B1E50100A0E3FE
S31580E06500002092E5080050E1050000AA04C0B1E54C
S31580E06510010080E200C09CE50C0052E10C20A0B1B5
S31580E06520F7FFFFEA012082E2D81094E524C094E5E3
S31580E065300000A0E30C0050E1050000AA00E091E530
S31580E065400E0052E10C00000A010080E2581081E260
S31580E06550F7FFFFEA000094E504C0A0E3182080E599
S31580E06560002094E514C080E5002092E50400A0E1D7
S31580E0657008108DE532FF2FE108109DE504309DE59A
S31580E06580000055E30410A3E501208B1204308DE56D
S31580E065900700001A0C3097E50400A0E108108DE5AD
S31580E065A033FF2FE1000050E37303000A240097E8ED
S31580E065B008109DE501B082E20020D2E5015045E277
S31580E065C04202A0E10F2002E2182081E5002094E556
S31580E065D0140081E5000091E5180082E5140091E55C
S31580E065E01C0082E5181091E5201082E56A10A0E390
S31580E065F0141082E50400A0E1042092E50110A0E3F6
S31580E0660032FF2FE1018088E2A4FFFFEA000055E334
S31580E066100600001A0C3097E50400A0E133FF2FE175
S31580E06620000050E35403000A00B097E5045097E574
S31580E066300020DBE5015055E29C2184E501308B1298
S31580E066400500001A0C3097E50400A0E133FF2FE146
S31580E06650000050E34803000A280097E80020D3E5CD
S31580E06660015055E2A02184E5013083120500001A2D
S31580E066700C3097E50400A0E133FF2FE1000050E302
S31580E066803D03000A280097E8018083E20030D3E5E5
S31580E066900400A0E14322A0E10F3003E2A83184E5C3
S31580E066A0003094E5A42184E59C2194E5182083E5D7
S31580E066B0A02194E51C2083E5A42194E5202083E5B0
S31580E066C0A82194E5242083E56B20A0E3142083E5CC
S31580E066D00110A0E3043093E533FF2FE1D03194E558
S31580E066E00020A0E3020056E1142083E59030941563
S31580E066F0015045E201308312903084150030A0E3EA
S31580E06700008087E5045087E50100A0E3B83184E5A1
S31580E067101A0300EA003094E55720A0E3142083E5CD
S31580E067200400A0E1043093E50110A0E333FF2FE1FC
S31580E067300030A0E3B83184E50200A0E30F0300EA6D
S31580E0674018B094E528009BE8000055E30500001AA0
S31580E067500C309BE50400A0E133FF2FE1000050E31D
S31580E067600503000A28009BE80060D3E5015055E266
S31580E067700664A0E1013083120500001A0C309BE527
S31580E067800400A0E133FF2FE1000050E3FA02000AA3
S31580E0679028009BE8017083E20030D3E5015045E2B2
S31580E067A0036086E0026046E2000056E33E0000DADF
S31580E067B0000055E30600001A0C309BE50400A0E1DA
S31580E067C033FF2FE1000050E3EB02000A00709BE507
S31580E067D004509BE5015055E200A0D7E501208712E1
S31580E067E00500001A0C209BE50400A0E132FF2FE1B2
S31580E067F0000050E3E002000A24009BE8001094E5E4
S31580E068005130A0E30080D2E518A081E5143081E51F
S31580E06810001094E50400A0E11C8081E5001094E579
S31580E06820017082E204C091E50110A0E33CFF2FE114
S31580E068301F005AE3015045E2026046E20700009AF3
S31580E06840001094E51D30A0E3143081E518A081E5C1
S31580E06850001094E50400A0E1001091E531FF2FE1FE
S31580E068600F005AE30A3084E0F880C3C5CDFFFFCA43
S31580E068700F0008E22812A0E1010050E1E800C3E53C
S31580E06880F810C3E5C7FFFF9A003094E51E10A0E339
S31580E06890141083E5188083E5003094E50400A0E1D8
S31580E068A0003093E533FF2FE1BEFFFFEA0500000AE3
S31580E068B0003094E50C20A0E3142083E50400A0E1F9
S31580E068C0003093E533FF2FE100708BE504508BE5D4
S31580E068D0A60200EA0400A0E10FFDFFEB940200EAC5
S31580E068E018A094E522009AE8000055E30500001A16
S31580E068F00C209AE50400A0E132FF2FE1000050E38E
S31580E069009D02000A22009AE80060D1E5015055E236
S31580E069100664A0E1011081120500001A0C209AE5B8
S31580E069200400A0E132FF2FE1000050E39202000A6A
S31580E0693022009AE8012081E20010D1E5015045E28B
S31580E06940016086E0026046E2000056E3A80000DAD5
S31580E06950000055E3016046E20500001A0C209AE546
S31580E069600400A0E132FF2FE1000050E38202000A3A
S31580E0697024009AE80070D2E501B082E2002094E536
S31580E069804732A0E15310A0E30F7007E2141082E5CE
S31580E06990187082E5002094E50400A0E11C3082E5D1
S31580E069A0002094E50110A0E3042092E504308DE513
S31580E069B032FF2FE1030057E3015045E20700009ADA
S31580E069C0002094E52010A0E3141082E5187082E59B
S31580E069D0002094E50400A0E1002092E532FF2FE15B
S31580E069E0077184E0A42097E5000052E30200001AD4
S31580E069F00400A0E1F1EEFFEBA40087E504309DE51D
S31580E06A00A41097E5000053E30900000A7F0056E3EF
S31580E06A10110000CA022041E27E0081E201C0A0E3CB
S31580E06A20B2C0E2E1000052E1FCFFFF1AC680A0E1BD
S31580E06A300A0000EA3F0056E3070000CA022041E26E
S31580E06A407E0081E201C0A0E3B2C0E2E1000052E153
S31580E06A50FCFFFF1A0680A0E1000000EA4080A0E388
S31580E06A60042048E22D0052E3D4389F95D4789F8560
S31580E06A70027193970B20A0E1083187E008308DE51D
S31580E06A8008309DE5030057E12F00000A04309DE5BC
S31580E06A90000053E31B00000A000055E30700001ADC
S31580E06AA00C209AE50400A0E10C108DE532FF2FE181
S31580E06AB0000050E33002000A24009AE80C109DE5BD
S31580E06AC000B0D2E5015055E20BB4A0E1010082129C
S31580E06AD00700001A0C209AE50400A0E10C108DE571
S31580E06AE032FF2FE1000050E32302000A21009AE8FA
S31580E06AF00C109DE5012080E20000D0E5015045E2E2
S31580E06B000BB080E00C0000EA000055E30700001AB5
S31580E06B100C209AE50400A0E10C108DE532FF2FE110
S31580E06B20000050E31402000A24009AE80C109DE568
S31580E06B3000B0D2E5015045E2012082E2040097E40C
S31580E06B408000A0E1B0B081E1CCFFFFEA000094E5EF
S31580E06B50680090E5010050E3040000CA04309DE53A
S31580E06B60066068E0000053E30660681075FFFFEAA0
S31580E06B70803081E20170A0E15FB0A0E308308DE56E
S31580E06B80001094E5B000D7E1180081E5B200D7E1C6
S31580E06B901C0081E5B400D7E1200081E5B600D7E1AD
S31580E06BA0240081E5B800D7E1280081E5BA00D7E185
S31580E06BB02C0081E5BC00D7E1300081E5BE00D7E15D
S31580E06BC0340081E5043091E514B081E50400A0E16C
S31580E06BD00210A0E30C208DE533FF2FE108309DE520
S31580E06BE0107087E2030057E10C209DE5E3FFFF1A72
S31580E06BF0D9FFFFEA0700000A001094E50C00A0E345
S31580E06C00140081E5001091E50400A0E104208DE503
S31580E06C1031FF2FE104209DE524008AE8D30100EAD4
S31580E06C20187094E5600097E8000056E30500001AC6
S31580E06C300C3097E50400A0E133FF2FE1000050E33C
S31580E06C40CD01000A600097E80080D5E5016056E254
S31580E06C500884A0E1015085120500001A0C3097E502
S31580E06C600400A0E133FF2FE1000050E3C201000AF7
S31580E06C70600097E80030D5E5016046E2038088E071
S31580E06C80040058E30500000A003094E50C20A0E3F8
S31580E06C90142083E50400A0E1003093E533FF2FE183
S31580E06CA0000056E3015085120500001A0C3097E586
S31580E06CB00400A0E133FF2FE1000050E3AE01000ABB
S31580E06CC0600097E80080D5E5016056E20884A0E19F
S31580E06CD0015085120500001A0C3097E50400A0E10A
S31580E06CE033FF2FE1000050E3A301000A600097E83C
S31580E06CF00130D5E45420A0E3088083E0003094E5B9
S31580E06D000400A0E1142083E5188083E5003094E553
S31580E06D100110A0E3043093E5016046E233FF2FE102
S31580E06D20188184E5005087E5046087E58F0100EAF5
S31580E06D30D03194E5187094E5103093E5006097E5DE
S31580E06D40000053E3045097E50A00001A000094E53A
S31580E06D503C30A0E3143080E5EC159FE5180080E236
S31580E06D605020A0E336AD00EB003094E50400A0E1CE
S31580E06D70003093E533FF2FE1243094E5020053E3BE
S31580E06D804E0100DA000055E30600001A0C3097E564
S31580E06D900400A0E133FF2FE1000050E37601000A12
S31580E06DA0006097E5045097E50080D6E5015055E20E
S31580E06DB00884A0E1016086120600001A0C3097E58F
S31580E06DC00400A0E133FF2FE1000050E36A01000AEE
S31580E06DD0006097E5045097E50030D6E5015045E23E
S31580E06DE0038088E0180058E30500000A003094E547
S31580E06DF00C20A0E3142083E50400A0E1003093E5B5
S31580E06E0033FF2FE1000055E3016086120600001A89
S31580E06E100C3097E50400A0E133FF2FE1000050E35A
S31580E06E205501000A006097E5045097E50030D6E505
S31580E06E30015045E20D0053E30800000A003094E576
S31580E06E404620A0E3142083E5B82194E5182083E565
S31580E06E50003094E50400A0E1003093E533FF2FE1B4
S31580E06E60000055E3016086120600001A0C3097E5B3
S31580E06E700400A0E133FF2FE1000050E33E01000A69
S31580E06E80006097E5045097E50030D6E5015055E27D
S31580E06E900384A0E1013086120500001A0C3097E5E4
S31580E06EA00400A0E133FF2FE1000050E33201000A45
S31580E06EB0280097E8016083E20030D3E5015045E29F
S31580E06EC0083083E0FF0053E3FC00001A000055E33E
S31580E06ED00600001A0C3097E50400A0E133FF2FE1AD
S31580E06EE0000050E32401000A006097E5045097E52E
S31580E06EF00020D6E5015045E2030052E3013086E208
S31580E06F00ED00001A000055E30500001A0C3097E505
S31580E06F100400A0E133FF2FE1000050E31601000AF0
S31580E06F20280097E80020D3E5016083E2D83094E535
S31580E06F30015045E2583093E5030052E1DF00001A44
S31580E06F40000055E30600001A0C3097E50400A0E146
S31580E06F5033FF2FE1000050E30701000A006097E568
S31580E06F60045097E5D82094E50010D6E5002092E518
S31580E06F70015045E2020051E1013086E2CE00001A7E
S31580E06F80000055E30500001A0C3097E50400A0E107
S31580E06F9033FF2FE1000050E3F700000A280097E86E
S31580E06FA00020D3E5016083E2D83094E5015045E2E4
S31580E06FB0B03093E5030052E1C000001A000055E3CB
S31580E06FC00600001A0C3097E50400A0E133FF2FE1BC
S31580E06FD0000050E3E800000A006097E5045097E57A
S31580E06FE00020D6E5015045E2800052E3013086E29A
S31580E06FF0B100001A000055E30500001A0C3097E551
S31580E070000400A0E133FF2FE1000050E3DA00000A3C
S31580E07010280097E80080D3E5015055E2012083E21D
S31580E070200884A0E10500001A0C3097E50400A0E191
S31580E0703033FF2FE1000050E3CF00000A240097E8F9
S31580E070400030D2E5015045E2080073E1016082E25A
S31580E070509A00001A000055E30600001A0C3097E506
S31580E070600400A0E133FF2FE1000050E3C200000AF4
S31580E07070006097E5045097E50080D6E5015055E23B
S31580E07080013086E20884A0E10500001A0C3097E51D
S31580E070900400A0E133FF2FE1000050E3B600000AD0
S31580E070A0280097E8016083E20030D3E5015045E2AD
S31580E070B0080073E18100001A000055E30600001A1B
S31580E070C00C3097E50400A0E133FF2FE1000050E3A8
S31580E070D0A900000A006097E5045097E50020D6E510
S31580E070E0015045E2000052E3013086E27200001A68
S31580E070F0000055E30500001A0C3097E50400A0E196
S31580E0710033FF2FE1000050E39B00000A280097E858
S31580E07110012083E20030D3E5015055E20384A0E10B
S31580E071200500001A0C3097E50400A0E133FF2FE15B
S31580E07130000050E39000000A240097E80030D2E592
S31580E07140015045E2083083E0010053E3016082E2CA
S31580E071505A00001A000055E30600001A0C3097E545
S31580E071600400A0E133FF2FE1000050E38200000A33
S31580E07170006097E5045097E50080D6E5015055E23A
S31580E07180013086E20884A0E10500001A0C3097E51C
S31580E071900400A0E133FF2FE1000050E37600000A0F
S31580E071A0280097E8016083E20030D3E5015045E2AC
S31580E071B0080073E14100001A000055E30600001A5A
S31580E071C00C3097E50400A0E133FF2FE1000050E3A7
S31580E071D06900000A006097E5045097E50020D6E54F
S31580E071E0015045E2000052E3013086E23200001AA7
S31580E071F0000055E30500001A0C3097E50400A0E195
S31580E0720033FF2FE1000050E35B00000A280097E897
S31580E07210012083E20030D3E5015055E20384A0E10A
S31580E072200500001A0C3097E50400A0E133FF2FE15A
S31580E07230000050E35000000A240097E80030D2E5D1
S31580E07240015045E2083083E0010053E3016082E2C9
S31580E072501A00001A000055E30600001A0C3097E584
S31580E072600400A0E133FF2FE1000050E34200000A72
S31580E07270006097E5045097E50080D6E5015055E239
S31580E07280013086E20884A0E10500001A0C3097E51B
S31580E072900400A0E133FF2FE1000050E33600000A4E
S31580E072A0280097E8016083E20030D3E5015045E2AB
S31580E072B0080073E10700000A000000EA0360A0E12D
S31580E072C0003094E51C20A0E3142083E50400A0E1CF
S31580E072D0003093E533FF2FE10130A0E3303184E5E0
S31580E072E0006087E5045087E5200000EAD02194E538
S31580E072F0D83043E2033192E70400A0E133FF2FE187
S31580E073000B0000EA002094E55E10A0E3183082E5E9
S31580E07310003094E5141082E5043093E50400A0E1A2
S31580E073200110A0E333FF2FE1100000EA0400A0E1A2
S31580E07330E9F9FFEB000050E30C00001A0E0000EACA
S31580E0734008ACE380F077E3802480E38024ABE380BD
S31580E07350002094E54610A0E3183082E5003094E5FD
S31580E07360141082E5003093E50400A0E133FF2FE1BD
S31580E073700030A0E3B83184E53FFBFFEA0000A0E3FC
S31580E0738010D08DE2F08DBDE80B0052E370402DE920
S31580E0739000C090E500E0A0E12600009A0040D1E53B
S31580E073A0410054E32300001A0140D1E5640054E330
S31580E073B02000001A0240D1E56F0054E31D00001A58
S31580E073C00340D1E5620054E31A00001A0440D1E597
S31580E073D0650054E31700001A0830D1E50720D1E5AF
S31580E073E009E0D1E5022483E00A30D1E50B50D1E50E
S31580E073F00E3483E005E0D1E50610D1E520308CE55A
S31580E074000E1481E04E30A0E318108CE514308CE544
S31580E074101C208CE504309CE524508CE50110A0E32B
S31580E074200040A0E133FF2FE10130A0E3283184E57D
S31580E074302C51C4E57080BDE8032082E018208CE5FD
S31580E0744000309EE55010A0E314108CE50E00A0E11C
S31580E07450043093E50110A0E37040BDE813FF2FE10F
S31580E07460FF4D2DE9185090E50070A0E1480095E8C1
S31580E07470000056E30600001A0C3095E533FF2FE155
S31580E07480000050E30100001A0000A0E3490000EA92
S31580E07490480095E80040D3E5016056E20444A0E167
S31580E074A0013083120500001A0C3095E50700A0E153
S31580E074B033FF2FE1000050E3F2FFFF0A480095E832
S31580E074C0018083E20030D3E5016046E2034084E058
S31580E074D0024044E20D0054E3C4BFC4D10EB0A0C361
S31580E074E000A0A0E30B005AE10E00000A000056E37C
S31580E074F00600001A0C3095E50700A0E133FF2FE186
S31580E07500000050E3DFFFFF0A008095E5046095E523
S31580E075100030D8E50A30CDE7016046E201A08AE294
S31580E07520018088E2EEFFFFEAB83197E504406AE041
S31580E07530E00053E30700000AEE0053E30B00001A75
S31580E075400700A0E10D10A0E10A20A0E10430A0E14F
S31580E075508CFFFFEB0D0000EA0700A0E10D10A0E133
S31580E075600A20A0E10430A0E1CBF8FFEB070000EAB7
S31580E07570002097E54610A0E3183082E5003097E5D5
S31580E07580141082E5003093E50700A0E133FF2FE198
S31580E07590000054E3008085E5046085E5040000DAB8
S31580E075A0183097E50700A0E1103093E50410A0E1DC
S31580E075B033FF2FE10100A0E310D08DE2F08DBDE82E
S31580E075C0B83190E510402DE9000053E30040A0E19A
S31580E075D01100000AD03194E5B82194E5141093E5C2
S31580E075E0D03081E2030052E11000001A003094E5C9
S31580E075F06420A0E3181083E5142083E5003094E549
S31580E076000400A0E1043093E50310A0E333FF2FE10B
S31580E076100030A0E3B83184E50A0000EA63F9FFEBC5
S31580E07620000050E3EAFFFF1A0000A0E31080BDE807
S31580E07630183094E50400A0E1143093E533FF2FE1A0
S31580E07640000050E3F7FFFF0AD02194E50100A0E3B4
S31580E07650143092E5013083E2073003E2143082E5AC
S31580E076601080BDE8F8452DE9003090E5B85190E509
S31580E076707C20A0E3185083E5142083E5003090E574
S31580E076800170A0E11C1083E5003090E50010E0E396
S31580E07690043093E50040A0E133FF2FE1028047E22A
S31580E076A001A047E2078008E207A00AE2D08088E2EC
S31580E076B0BF0055E3150000DAD03045E2070053E31A
S31580E076C01000008A013087E2073003E2D03083E29F
S31580E076D0030055E10B00000A023087E2073003E23F
S31580E076E0D03083E2030055E10600000AD0308AE21A
S31580E076F0030055E10500000A080055E10260A00399
S31580E077000160A013020000EA0360A0E3000000EA43
S31580E077100260A0E3003094E56320A0E3185083E59F
S31580E07720142083E5003094E50400A0E11C6083E545
S31580E07730003094E50410A0E3043093E533FF2FE1B5
S31580E07740020056E30400000A030056E30030A0136B
S31580E07750B83184150100A0E3F885BDE80400A0E116
S31580E0776012F9FFEB000050E3F885BD08B85194E5C7
S31580E07770CEFFFFEA043090E510402DE9003093E536
S31580E077800010A0E3AC20A0E30040A0E133FF2FE1AE
S31580E0779058209FE558C09FE50010A0E3D00184E51E
S31580E077A0002080E54C209FE5042080E548209FE589
S31580E077B0082080E50030A0E11CC080E5601080E50F
S31580E077C01C2080E25C0080E204C0A2E5000052E179
S31580E077D0441082E5FBFFFF1A20209FE50400A0E12C
S31580E077E0202083E5582083E51040BDE840F9FFEA94
S31580E077F0F45CE080DC5AE0807460E080C075E08014
S31580E078006074E080F04D2DE9104090E503B0A0E192
S31580E07810B83194E50070A0E1000053E301A0A0E157
S31580E078200250A0E1008090E5046090E52B00001A0C
S31580E07830180055E33C0000CA000056E30A00001A2F
S31580E07840183094E50400A0E10C3093E533FF2FE196
S31580E07850000050E30100001A0000A0E3F08DBDE8CF
S31580E07860183094E5008093E5046093E5013088E282
S31580E078700080D8E5016046E2FF0058E31300001A75
S31580E07880000056E30320A0E10700001A183094E5D3
S31580E078900400A0E10C3093E533FF2FE1000050E3D4
S31580E078A0ECFFFF0A183094E5440093E8013082E269
S31580E078B00020D2E5016046E2FF0052E3EFFFFF0AD7
S31580E078C0000052E3B82184150380A0110300001A5A
S31580E078D00AA488E1085085E20380A0E1D3FFFFEAAD
S31580E078E005005BE1100000DAD43194E5283093E5B9
S31580E078F0000053E30900001A003094E57820A0E305
S31580E07900142083E50400A0E1043093E50010E0E371
S31580E0791033FF2FE1D43194E50120A0E3282083E5ED
S31580E07920195065E21AA5A0E11950A0E3008087E529
S31580E07930400487E90C5087E50100A0E3F08DBDE8BF
S31580E07940F8402DE918409DE50060A0E1040052E191
S31580E0795001E0A0E102C0A0E10370A0E1070000AA77
S31580E079600430A0E1A6FFFFEB000050E308E09615A7
S31580E079700CC096150100001A0000E0E3F880BDE82F
S31580E07980A8309FE50C2064E004C193E75EC20CE07A
S31580E07990043197E703005CE1100000DA000052E36F
S31580E079A08C50A0E1070000CA0600A0E10E10A0E11D
S31580E079B00130A0E392FFFFEB000050E3EDFFFF0A0A
S31580E079C008E096E50C2096E5012042E25EC2A0E161
S31580E079D001C00CE205C08CE1014084E2EBFFFFEAE6
S31580E079E0100054E308E086E50C2086E5080000DA1E
S31580E079F0100096E57920A0E3003090E50010E0E302
S31580E07A00142083E5043093E533FF2FE10000A0E303
S31580E07A10F880BDE88C3097E5124084E2042197E750
S31580E07A200CC083E002C08CE01100DCE5F880BDE8A4
S31580E07A30CC78E380D41190E5D00190E5103091E5E3
S31580E07A40072083E2000053E30230A0B1182090E5DE
S31580E07A50C33182E0183080E50030A0E3103081E564
S31580E07A601EFF2FE138402DE90040A0E1D45190E59A
S31580E07A70EFFFFFEBD03194E50400A0E1083093E519
S31580E07A8033FF2FE1000050E33880BD080030A0E3EB
S31580E07A90541194E5142085E20300A0E1010053E14E
S31580E07AA00400A2B5013083B2FBFFFFBA0030A0E349
S31580E07AB0143085E5183194E52C3085E5B83194E5C8
S31580E07AC00100A0E3000053E3283085053880BDE857
S31580E07AD0D03190E5F04D2DE9083093E50040A0E106
S31580E07AE0D45190E533FF2FE1000050E30500001A02
S31580E07AF0003094E51920A0E3142083E50400A0E19A
S31580E07B00003093E533FF2FE10060A0E3187085E253
S31580E07B10558F84E206A0A0E1543194E5030056E156
S31580E07B20200000AAE03094E504B0B8E5000053E315
S31580E07B300500000A9C3194E5000053E30A00001A30
S31580E07B40A43194E5000053E30700001A14309BE566
S31580E07B500010A0E3033185E03C0093E54020A0E3FC
S31580E07B6049AA00EB00A087E510A087E5E03094E520
S31580E07B70000053E3B43194059C319415000053E33F
S31580E07B800500000A18309BE50010A0E3033185E08C
S31580E07B907C0093E5012CA0E33BAA00EB016086E242
S31580E07BA0047087E2DBFFFFEA0030A0E30C3085E576
S31580E07BB0103085E50F30E0E3143085E5183194E543
S31580E07BC0383085E5F08DBDE8F04D2DE9A83190E5BA
S31580E07BD040D04DE20C308DE5183190E500A0A0E173
S31580E07BE0000053E314108DE5D45190E51300001A9C
S31580E07BF0286095E5000056E37600001A18309AE58D
S31580E07C00147085E2002093E5043093E518208DE535
S31580E07C101C308DE50F00B7E82C408DE20F00A4E81C
S31580E07C20003097E528A08DE50CE095E510C095E558
S31580E07C30003084E517BE8AE2B0819FE5340000EA31
S31580E07C402C3095E5000053E3E8FFFF1A84FFFFEB55
S31580E07C50000050E3E5FFFF1A0000A0E3610000EAC0
S31580E07C6014309DE50470BBE5063193E710308DE571
S31580E07C70563087E203319AE707005CE3143093E5F8
S31580E07C800C3083E2034195E7250000CA18008DE2B7
S31580E07C900E10A0E10C20A0E10030A0E3D8FEFFEBBF
S31580E07CA0000050E3EBFFFF0A24C09DE520E09DE560
S31580E07CB007005CE31A0000CA0130A0E300308DE5DE
S31580E07CC018008DE20430A0E10E10A0E10C20A0E1C6
S31580E07CD01AFFFFEB004050E2DEFFFFBA20E09DE5B1
S31580E07CE024C09DE5000054E31900001A40308DE27F
S31580E07CF0077183E0103017E5016086E2034084E097
S31580E07D000C309DE5104007E51443A0E110309DE579
S31580E07D10B040C3E170319AE5030056E1CFFFFFBA88
S31580E07D201F0000EA08304CE25E33A0E1FF3003E258
S31580E07D30242083E2022194E7000052E3034084108A
S31580E07D400CC062109044D415E5FFFF1A0930A0E319
S31580E07D50D9FFFFEA04005CE1080000AA18008DE282
S31580E07D600E10A0E10C20A0E10430A0E1A4FEFFEB20
S31580E07D70000050E3B7FFFF0A20E09DE524C09DE5C3
S31580E07D80042198E70CC064E0014044E25E3C02E0F6
S31580E07D90041198E7010053E1034062D00340A0C19B
S31580E07DA0D1FFFFEA18309AE518209DE5002083E5AB
S31580E07DB01C209DE5042083E50CE085E52CE08DE242
S31580E07DC00F00BEE810C085E514C085E20F00ACE880
S31580E07DD000309EE500308CE52C3095E50100A0E38F
S31580E07DE0013043E22C3085E540D08DE2F08DBDE870
S31580E07DF0CC78E380183190E5F04D2DE9000053E32F
S31580E07E0018D04DE20050A0E110108DE5D46190E5E8
S31580E07E100600000A383096E5000053E30000001AB9
S31580E07E202AFFFFEB383096E5013043E2383086E5CD
S31580E07E30143096E5010073E3173E851208308D1500
S31580E07E400070A0136400000A703195E5030057E1E5
S31580E07E50610000AA10309DE50500A0E1073193E7B7
S31580E07E600C308DE508309DE50420B3E508308DE5DE
S31580E07E70563082E2033195E702B186E0143093E52D
S31580E07E8004308DE5038186E03C4098E528309BE52B
S31580E07E90034084E00410A0E1D70800EB000050E343
S31580E07EA028008B054500000A011084E20500A0E168
S31580E07EB0D10800EB023080E2034084E00410A0E1C8
S31580E07EC000A0A0E10500A0E1CB0800EB003050E285
S31580E07ED03C409815144084121500000A0500A0E184
S31580E07EE00410A0E114308DE5C30800EB14309DE565
S31580E07EF0000050E30E00000A8330A0E1020953E35C
S31580E07F000900001A003095E57520A0E3142083E58A
S31580E07F100500A0E1043093E50010E0E333FF2FE1B4
S31580E07F200030E0E3143086E52B0000EA014084E28D
S31580E07F30E9FFFFEA04209DE5028085E0E810D8E5C8
S31580E07F400120A0E31211A0E1510253E10020A0B389
S31580E07F5028208BB5070000BAF810D8E50120A0E309
S31580E07F601211A0E1510253E103108AC201108AD2B4
S31580E07F700111A0E128108BE50E4084E20380A0E1A8
S31580E07F80C880B0E10700000A0500A0E10410A0E186
S31580E07F9004308DE5980800EB04309DE5000050E361
S31580E07FA008308311F5FFFFEA013083E218109BE584
S31580E07FB000005AE300306312033081E018308BE52D
S31580E07FC0A82195E518309BE5017087E21332A0E1A0
S31580E07FD00C209DE5B030C2E19AFFFFEA0100A0E304
S31580E07FE018D08DE2F08DBDE8183190E5F04D2DE9A1
S31580E07FF0000053E330D04DE20080A0E10140A0E1F3
S31580E08000D46190E50300001A283096E5000053E33A
S31580E080100800000A7F0000EA2C3096E5000053E372
S31580E08020F8FFFF1A8EFEFFEB000050E3F5FFFF1A24
S31580E080300000A0E37B0000EA147096E5000057E3B9
S31580E08040017047127200001A183098E50C1096E518
S31580E08050002093E5043093E520308DE5A03198E566
S31580E0806008308DE5A83198E51C208DE50C308DE54E
S31580E08070102096E5B03198E540A096E59CB198E56C
S31580E0808010308DE5003094E52C808DE514308DE55B
S31580E0809008309DE503005BE1560000CA070052E325
S31580E080A0080000CA1C008DE20030A0E3D4FDFFEB9F
S31580E080B0000050E3DDFFFF0A28209DE524109DE5C2
S31580E080C0070052E30B0000DA083042E25133A0E1C8
S31580E080D0FF3003E2240083E200019AE7000050E3E8
S31580E080E003308A10022060109004D3150A00001A2B
S31580E080F00930A0E3000000EA0130A0E300308DE51E
S31580E081001C008DE20A30A0E10CFEFFEB000050E39C
S31580E08110C6FFFFBA24109DE528209DE50F5010E2AA
S31580E081204042A0E11A00000A050052E104408BE0DB
S31580E08130060000AA1C008DE20530A0E1B0FDFFEB51
S31580E08140000050E3B9FFFF0A24109DE528209DE555
S31580E08150D8309FE5D4C09FE5050193E7022065E02E
S31580E08160015045E2513200E005C19CE70C0053E145
S31580E08170033060D010009DE50CC09DE5040190E7DA
S31580E08180133CA0E114C09DE58000A0E1B0308CE115
S31580E08190160000EA0F0054E31300000A000054E3DF
S31580E081A01400000A0150A0E3040052E11554A0E156
S31580E081B0060000AA1C008DE20430A0E190FDFFEBF2
S31580E081C0000050E399FFFF0A24109DE528209DE5F5
S31580E081D058309FE5022064E0047193E7015045E260
S31580E081E0517207E0077085E0020000EA0F408BE2FB
S31580E081F001B084E2A5FFFFEA183098E51C009DE512
S31580E08200000083E520009DE5040083E50C1086E50B
S31580E08210102086E5147086E52C3096E50100A0E313
S31580E08220013043E22C3086E530D08DE2F08DBDE83A
S31580E08230CC78E380183190E5F04D2DE9000053E3EA
S31580E0824018D04DE20040A0E10150A0E1D46190E574
S31580E082500600000A383096E5000053E30000001A75
S31580E082601AFEFFEB383096E5013043E2383086E59A
S31580E08270143096E5010073E36400000A003095E56A
S31580E0828004308DE5583194E59C5194E5183093E5BA
S31580E08290B0A194E500308DE5038186E0015045E2AA
S31580E082A0BC3086E20C308DE57C2098E5853085E033
S31580E082B0037082E00400A0E10710A0E1CE0700EBA6
S31580E082C0000050E35100001A0400A0E1011087E2AB
S31580E082D0C90700EB015085E2000050E30400001A74
S31580E082E0A02194E5037087E2020055E1F5FFFFBA2D
S31580E082F0180000EA0C109DE50400A0E1BE0700EB43
S31580E08300027087E20710A0E108008DE50400A0E195
S31580E08310B90700EB00B050E22100000A0400A0E1BA
S31580E083200710A0E1B40700EB000050E31C00000A50
S31580E0833000309DE57C1098E5033084E00831D3E594
S31580E083408BB0A0E1030055E1BD30A0D3D930A0C306
S31580E08350037081E00D0000EA003094E57520A0E32B
S31580E08360142083E50400A0E1043093E50010E0E307
S31580E0837033FF2FE10030E0E3143086E5230000EAA6
S31580E083808BB0A0E102095BE3F2FFFF0A017087E2AE
S31580E083900400A0E10710A0E1970700EB000050E39E
S31580E083A0F6FFFF1A0E3087E20BC0A0E1CCC0B0E149
S31580E083B00900000A0310A0E10400A0E114C08DE5E5
S31580E083C010308DE58C0700EB14C09DE510309DE5FF
S31580E083D0000050E30CB08B11F3FFFFEA08309DE517
S31580E083E0A81194E5000053E301208BE2002062129D
S31580E083F005319AE71221A0E104109DE58330A0E1E2
S31580E08400B32081E1A03194E5030055E1A5FFFFBAF1
S31580E084100100A0E318D08DE2F08DBDE8183190E53B
S31580E08420F0412DE9000053E318D04DE20050A0E181
S31580E084300180A0E1D44190E50C00001A183095E562
S31580E08440A81195E5002093E50170A0E3043093E55B
S31580E0845004208DE508308DE514508DE50C3094E5EB
S31580E08460102094E51771A0E10060A0E3110000EA16
S31580E084702C3094E5000053E3EFFFFF1A78FDFFEB25
S31580E08480000050E3ECFFFF1A0000A0E3210000EAC1
S31580E08490000052E30B0000DA012042E25312A0E131
S31580E084A0010011E306019817016086E2B010D01151
S31580E084B001108711B010C011701195E5010056E1E9
S31580E084C0F2FFFFBA080000EA0310A0E104008DE2A3
S31580E084D00130A0E3CAFCFFEB000050E3E9FFFF0AAE
S31580E084E00C309DE510209DE5EAFFFFEA181095E542
S31580E084F004009DE5000081E508009DE5040081E536
S31580E085000C3084E52C3094E50100A0E3013043E2B1
S31580E08510102084E52C3084E518D08DE2F081BDE82A
S31580E08520183190E5F0412DE9000053E30060A0E1C9
S31580E085300180A0E1D44190E50600000A383094E558
S31580E08540000053E30000001A60FDFFEB383094E54D
S31580E08550013043E2383084E5A87196E50130A0E346
S31580E085601377A0E1BC5084E20040A0E3703196E549
S31580E08570030054E1090000AA0600A0E10510A0E18D
S31580E085801D0700EB000050E304219817014084E2C8
S31580E08590B030D21103308711B030C211F2FFFFEA5A
S31580E085A00100A0E3F081BDE8183190E5F04D2DE9BA
S31580E085B0000053E305DD4DE20080A0E10140A0E14B
S31580E085C0D46190E50300001A280096E5000050E3A8
S31580E085D00800000AEA0000EA2C3096E5000053E342
S31580E085E0F8FFFF1A1EFDFFEB000050E3F5FFFF1AD0
S31580E085F00000A0E3EF0000EAA03198E514308DE5B5
S31580E08600A83198E50120A0E31223A0E10C208DE5B6
S31580E086100020E0E31233A0E118308DE5B03198E533
S31580E086201C308DE5147096E5183098E5401096E597
S31580E08630002093E5000057E3043093E52C208DE598
S31580E0864030308DE53C808DE50C3096E5102096E562
S31580E08650004094E520108DE59C5198E59C00001A39
S31580E0866007B0A0E1070052E3090000CA0310A0E1C9
S31580E086702C008DE20030A0E361FCFFEB000050E3CC
S31580E086803400000A38209DE534309DE5070052E34A
S31580E086900B0000DA081042E25311A0E120C09DE50C
S31580E086A0FF1001E2240081E200019CE7000050E334
S31580E086B00500000A01108CE0022060E09004D1E51C
S31580E086C00B0000EA0110A0E3000000EA0910A0E335
S31580E086D000108DE52C008DE20310A0E120309DE5B1
S31580E086E096FCFFEB000050E31A0000BA34309DE5BB
S31580E086F038209DE50F1010E240A2A0E110108DE534
S31580E087002000000A010051E30A00000A001098E503
S31580E087107900A0E3140081E504C091E50800A0E1BA
S31580E087200010E0E324208DE510308DE53CFF2FE15D
S31580E0873024209DE510309DE5000052E3090000CA43
S31580E087400310A0E12C008DE20130A0E32CFCFFEBCE
S31580E08750000050E30100001A0020A0E38D0000EA4B
S31580E0876034309DE538209DE5012042E25312A0E1B8
S31580E0877018009DE5010011E30C109DE50010A001B5
S31580E0878010108DE51F0000EA0F005AE31D00000A75
S31580E087900170A0E300005AE3177AA0E14900000ADD
S31580E087A00A0052E1070000AA0310A0E12C008DE246
S31580E087B00A30A0E112FCFFEB000050E3E5FFFF0A80
S31580E087C034309DE538209DE5F0119FE502206AE092
S31580E087D00A1191E7531201E0017087E0390000EA5F
S31580E087E0000052E30E0000DA012042E25312A0E1DB
S31580E087F0010011E31500001A14109DE5015085E291
S31580E08800010055E11E0000CA1C109DE505C191E7F7
S31580E088108CC0A0E1FC1094E1000051E31600000A50
S31580E08820EEFFFFEA0310A0E12C008DE20130A0E329
S31580E0883024C08DE5F2FBFFEB000050E3C5FFFF0AA5
S31580E0884034309DE538209DE524C09DE5E5FFFFEACF
S31580E08850FC0094E10CE09DE5BC1094E10E0010E193
S31580E08860E4FFFF1A000050E318009DB50E00A0A1BA
S31580E08870001081E0BC1084E1DEFFFFEA01A05AE24D
S31580E08880DCFFFF2A10109DE5000051E30800000A96
S31580E088901C109DE5B0C1DDE1051191E78100A0E105
S31580E088A0B0C084E1050D8DE20B0180E001B08BE282
S31580E088B0001100E514109DE5015085E2010055E1C7
S31580E088C067FFFFDA260000EA000057E32400000A8B
S31580E088D0000000EA00B0A0E11C109DE505A191E74B
S31580E088E08AA0A0E1FA1094E1000051E31700000AA3
S31580E088F0000052E3070000CA0310A0E12C008DE2DD
S31580E089000130A0E3BEFBFFEB000050E391FFFF0ADE
S31580E0891034309DE538209DE5012042E25312A0E106
S31580E08920010011E30900000AFA0094E10CC09DE51C
S31580E08930BA1094E10C0010E10400001A000050E344
S31580E0894018009DB50C00A0A1001081E0BA1084E16A
S31580E0895014109DE5015085E2010055E1DDFFFFDA67
S31580E08960017047E2181098E52C009DE5000081E54E
S31580E0897030009DE5040081E50C3086E5102086E533
S31580E08980147086E52C3096E50100A0E3013043E2E1
S31580E089902C3086E5070000EA00005BE313FFFF0A60
S31580E089A001B04BE240308DE20B3193E78330A0E1BA
S31580E089B0B32084E1F7FFFFEA05DD8DE2F08DBDE8C7
S31580E089C0CC78E380183190E5F04D2DE9000053E353
S31580E089D018D04DE20040A0E10160A0E1D45190E5DD
S31580E089E00600000A383095E5000053E30000001ADF
S31580E089F036FCFFEB383095E5013043E2383085E5EB
S31580E08A00143095E5010073E35900000A003096E5DD
S31580E08A1004308DE5583194E50120A0E3187093E5A4
S31580E08A20A83194E50080E0E31223A0E1B0B194E5BB
S31580E08A301833A0E1A06194E508208DE50C308DE542
S31580E08A4006319BE704209DE58330A0E1F33092E197
S31580E08A50000053E30100001A016056E2F7FFFF1AB7
S31580E08A609C3194E51E7087E2018043E2073185E020
S31580E08A7010308DE5BC3085E214308DE510309DE513
S31580E08A80882088E0041093E5060058E1027081E0D2
S31580E08A90040000BA0400A0E10710A0E1D60500EBCF
S31580E08AA0000050E33200001A018088E208119BE75B
S31580E08AB004309DE58110A0E101A083E0F11093E10F
S31580E08AC00400A0E1000051E30B00000A021087E2F7
S31580E08AD0C90500EB000050E32200000AF010DAE15D
S31580E08AE0B020DAE1000051E30C309DB508309DA559
S31580E08AF0032082E0B020CAE11A0000EA011087E292
S31580E08B00BD0500EB000050E30800000A0400A0E188
S31580E08B1014109DE5B80500EB0C209DE508309DE539
S31580E08B20000050E30230A011B030CAE10D0000EA47
S31580E08B30A01194E5037087E2010058E1D9FFFFBAFE
S31580E08B40003094E57520A0E3142083E50400A0E1DD
S31580E08B50043093E50010E0E333FF2FE10030E0E3FB
S31580E08B60143085E5020000EAA02194E5020058E190
S31580E08B70C1FFFFBA0100A0E318D08DE2F08DBDE819
S31580E08B80183190E5F04D2DE9000053E350D04DE2E9
S31580E08B900060A0E124108DE5D45190E51A00001A1A
S31580E08BA0284095E5000054E31B01001AB03196E5B4
S31580E08BB01C308DE5B43196E520308DE5183096E5AC
S31580E08BC0148085E2002093E5043093E528208DE546
S31580E08BD02C308DE50F00B8E83C708DE20F00A7E8F9
S31580E08BE0003098E5003087E55D3F86E238608DE5C8
S31580E08BF00CE095E510C095E50580A0E110308DE5A7
S31580E08C000C408DE528B49FE5420000EA2C3095E5DE
S31580E08C10000053E3E1FFFF1A91FBFFEB000050E316
S31580E08C20DEFFFF1A0000A0E3FF0000EA24309DE5A6
S31580E08C300C209DE507005CE3023193E714308DE577
S31580E08C40644098E5380000CA28008DE20E10A0E165
S31580E08C500C20A0E10030A0E3E9FAFFEB000050E34E
S31580E08C60EFFFFF0A34C09DE530E09DE507005CE359
S31580E08C702D0000CA0130A0E300308DE528008DE2AA
S31580E08C800430A0E10E10A0E10C20A0E12BFBFFEB6D
S31580E08C90004050E2E2FFFFBA30E09DE534C09DE55A
S31580E08CA0B43098E58C7098E5000053E318308DE594
S31580E08CB08200000A000054E32700001A10309DE588
S31580E08CC001A0A0E3002093E550308DE2022183E00D
S31580E08CD0103012E5034084E014309DE5104002E553
S31580E08CE0B040C3E118309DE503005AE12E0000BA9A
S31580E08CF020309DE503005AE1800000DA0C309DE5E6
S31580E08D00048088E2013083E20C308DE510309DE509
S31580E08D10043083E210308DE5703196E50C209DE5D8
S31580E08D20030052E1C0FFFFBAAE0000EA08304CE231
S31580E08D305E33A0E1FF3003E2242083E2022194E760
S31580E08D40000052E3034084100CC062109044D415B6
S31580E08D50D2FFFF1A0930A0E3C6FFFFEA04005CE118
S31580E08D60080000AA28008DE20E10A0E10C20A0E108
S31580E08D700430A0E1A2FAFFEB000050E3A8FFFF0A6F
S31580E08D8030E09DE534C09DE504219BE70CC064E0BE
S31580E08D90014044E25E3C02E004119BE7010053E1BE
S31580E08DA0034062D00340A0C1C3FFFFEA07005CE353
S31580E08DB00A0000CA28008DE20E10A0E10C20A0E196
S31580E08DC00030A0E38EFAFFEB000050E394FFFF0A49
S31580E08DD034C09DE530E09DE507005CE30B0000DAFA
S31580E08DE008304CE25E33A0E1FF3003E2242083E2E8
S31580E08DF0022197E7000052E3033087100CC062102F
S31580E08E009004D3150C00001A0930A0E3000000EAB4
S31580E08E100130A0E300308DE528008DE20E10A0E160
S31580E08E200C20A0E10730A0E1C4FAFFEB000050E39C
S31580E08E307BFFFFBA30E09DE534C09DE50F4010E250
S31580E08E404032A0E11800000A04005CE103A08AE059
S31580E08E50080000AA28008DE20E10A0E10C20A0E117
S31580E08E600430A0E166FAFFEB000050E36CFFFF0AF6
S31580E08E7030E09DE534C09DE504219BE70CC064E0CD
S31580E08E80014044E25E3C02E004119BE7010053E1CD
S31580E08E90033062D01C209DE514109DE50A2192E7FF
S31580E08EA08220A0E1B23081E1020000EA0F0053E3C4
S31580E08EB091FFFF1A0FA08AE201A08AE288FFFFEA0B
S31580E08EC0000054E30B00000A04005CE1080000AAFD
S31580E08ED028008DE20E10A0E10C20A0E10430A0E194
S31580E08EE047FAFFEB000050E34DFFFF0A30E09DE5D7
S31580E08EF034C09DE50CC064E001A0A0E37BFFFFEAFF
S31580E08F0007005CE30A0000CA28008DE20E10A0E1AB
S31580E08F100C20A0E10030A0E339FAFFEB000050E33B
S31580E08F203FFFFF0A34C09DE530E09DE507005CE346
S31580E08F300B0000DA08304CE25E33A0E1FF3003E25A
S31580E08F40242083E2022197E7000052E30330871072
S31580E08F500CC062109004D3150C00001A0930A0E30F
S31580E08F60000000EA0130A0E300308DE528008DE2C4
S31580E08F700E10A0E10C20A0E10730A0E16FFAFFEB34
S31580E08F80000050E326FFFFBA30E09DE534C09DE562
S31580E08F900F4010E24032A0E10D00000A04005CE1DF
S31580E08FA003A08AE0080000AA28008DE20E10A0E166
S31580E08FB00C20A0E10430A0E111FAFFEB000050E3C1
S31580E08FC017FFFF0A30E09DE534C09DE50CC064E004
S31580E08FD0020000EA0F0053E347FFFF1A0FA08AE280
S31580E08FE001A08AE241FFFFEA183096E528209DE558
S31580E08FF0002083E52C209DE5042083E50CE085E5D3
S31580E090003CE08DE20F00BEE810C085E514C085E245
S31580E090100F00ACE800309EE500308CE52C3095E51D
S31580E090200100A0E3013043E22C3085E550D08DE2AB
S31580E09030F08DBDE8CC78E380183190E5F04D2DE9F0
S31580E09040000053E348D04DE20060A0E11C108DE5BE
S31580E09050D45190E51600001A287095E5000057E394
S31580E090601601001A183096E5148085E2002093E513
S31580E09070043093E520208DE524308DE50F00B8E8B7
S31580E0908034408DE20F00A4E8003098E5003084E5B6
S31580E090905D3F86E230608DE50CE095E510C095E5B4
S31580E090A00580A0E110308DE50C708DE524B49FE558
S31580E090B0410000EA2C3095E5000053E3E5FFFF1A16
S31580E090C067FAFFEB000050E3E2FFFF1A0000A0E33F
S31580E090D0FE0000EA1C309DE50C209DE507005CE380
S31580E090E0023193E714308DE5644098E5370000CA95
S31580E090F020008DE20E10A0E10C20A0E10030A0E37C
S31580E09100BFF9FFEB000050E3EFFFFF0A2CC09DE5BF
S31580E0911028E09DE507005CE32C0000CA0130A0E36F
S31580E0912000308DE520008DE20430A0E10E10A0E154
S31580E091300C20A0E101FAFFEB004050E2E2FFFFBA2B
S31580E0914028E09DE52CC09DE5B43098E58C7098E5E7
S31580E09150000053E318308DE58100000A000054E3F7
S31580E091602600001A10309DE501A0A0E3002093E5DB
S31580E0917048308DE2022183E0103012E5034084E03E
S31580E0918014309DE5104002E5B040C3E118309DE51E
S31580E0919003005AE12D0000BA3F005AE3800000DA6E
S31580E091A00C309DE5048088E2013083E20C308DE569
S31580E091B010309DE5043083E210308DE5703196E520
S31580E091C00C209DE5030052E1C1FFFFBAAE0000EA44
S31580E091D008304CE25E33A0E1FF3003E2242083E2F4
S31580E091E0022194E7000052E3034084100CC0621031
S31580E091F09044D415D3FFFF1A0930A0E3C7FFFFEAF6
S31580E0920004005CE1080000AA20008DE20E10A0E1D7
S31580E092100C20A0E10430A0E179F9FFEB000050E3F7
S31580E09220A9FFFF0A28E09DE52CC09DE504219BE788
S31580E092300CC064E0014044E25E3C02E004119BE73E
S31580E09240010053E1034062D00340A0C1C4FFFFEABE
S31580E0925007005CE30A0000CA20008DE20E10A0E160
S31580E092600C20A0E10030A0E365F9FFEB000050E3BD
S31580E0927095FFFF0A2CC09DE528E09DE507005CE3AD
S31580E092800B0000DA08304CE25E33A0E1FF3003E207
S31580E09290242083E2022197E7000052E3033087101F
S31580E092A00CC062109004D3150C00001A0930A0E3BC
S31580E092B0000000EA0130A0E300308DE520008DE279
S31580E092C00E10A0E10C20A0E10730A0E19BF9FFEBB6
S31580E092D0000050E37CFFFFBA28E09DE52CC09DE5C9
S31580E092E00F4010E24032A0E11800000A04005CE181
S31580E092F003A08AE0080000AA20008DE20E10A0E11B
S31580E093000C20A0E10430A0E13DF9FFEB000050E342
S31580E093106DFFFF0A28E09DE52CC09DE504219BE7D3
S31580E093200CC064E0014044E25E3C02E004119BE74D
S31580E09330010053E1033062D09C219FE514109DE546
S31580E093400A2192E78220A0E1B23081E1020000EAC0
S31580E093500F0053E391FFFF1A0FA08AE201A08AE291
S31580E0936089FFFFEA000054E30B00000A04005CE199
S31580E09370080000AA20008DE20E10A0E10C20A0E1FA
S31580E093800430A0E11EF9FFEB000050E34EFFFF0A38
S31580E0939028E09DE52CC09DE50CC064E001A0A0E33B
S31580E093A07CFFFFEA07005CE30A0000CA20008DE24A
S31580E093B00E10A0E10C20A0E10030A0E310F9FFEB55
S31580E093C0000050E340FFFF0A2CC09DE528E09DE5C4
S31580E093D007005CE30B0000DA08304CE25E33A0E184
S31580E093E0FF3003E2242083E2022197E7000052E384
S31580E093F0033087100CC062109004D3150C00001A5D
S31580E094000930A0E3000000EA0130A0E300308DE5FA
S31580E0941020008DE20E10A0E10C20A0E10730A0E153
S31580E0942046F9FFEB000050E327FFFFBA28E09DE511
S31580E094302CC09DE50F4010E24032A0E10D00000A0D
S31580E0944004005CE103A08AE0080000AA20008DE227
S31580E094500E10A0E10C20A0E10430A0E1E8F8FFEBDB
S31580E09460000050E318FFFF0A28E09DE52CC09DE54B
S31580E094700CC064E0020000EA0F0053E347FFFF1AE6
S31580E094800FA08AE201A08AE242FFFFEA183096E561
S31580E0949020209DE5002083E524209DE5042083E5CA
S31580E094A00CE085E534E08DE20F00BEE810C085E58E
S31580E094B014C085E20F00ACE800309EE500308CE514
S31580E094C02C3095E50100A0E3013043E22C3085E5C0
S31580E094D048D08DE2F08DBDE8CC78E3802480E380CF
S31580E094E0183190E5F04D2DE9000053E328D04DE2A8
S31580E094F00040A0E118108DE5D45190E50600000A01
S31580E09500383095E5000053E30000001A6FF9FFEB71
S31580E09510383095E5013043E2383085E5143095E51D
S31580E09520010073E3C200000AB03194E514308DE5A2
S31580E09530173E84E204308DE50030A0E300308DE50F
S31580E09540BC3085E21C308DE5703194E500209DE5E8
S31580E09550030052E1B60000AA00209DE518309DE5A3
S31580E095600400A0E1023193E704209DE508308DE513
S31580E095700430B2E504208DE5562083E2022194E7AB
S31580E095800C208DE5142092E503A185E0027185E04B
S31580E0959028109AE53C6097E510208DE5016086E02D
S31580E095A00610A0E1140300EB000050E328008A05D2
S31580E095B03500000A011086E20400A0E10E0300EB0C
S31580E095C0021080E2016086E00610A0E10080A0E162
S31580E095D00400A0E1080300EB00B050E23C60971580
S31580E095E0146086120900000A0400A0E10610A0E1DA
S31580E095F0010300EB000050E30400000A8BB0A0E119
S31580E0960002095BE35900000A016086E2F5FFFFEAA2
S31580E0961010309DE50120A0E3037084E0E810D7E5F3
S31580E096201211A0E151025BE10020A0B3050000BA6F
S31580E09630F810D7E51221A0E1C2005BE1032088C2E1
S31580E09640012088D20221A0E10E6086E20B70A0E1C3
S31580E0965028208AE5C770B0E10500000A0400A0E191
S31580E096600610A0E1E40200EB000050E307B08B11A6
S31580E09670F7FFFFEA01B08BE218209AE5000058E395
S31580E0968000B06B120BB082E018B08AE508209DE549
S31580E0969018309AE5B030C2E1B43194E5000053E386
S31580E096A05F00000A0C309DE50070A0E3183093E57A
S31580E096B00C308DE503A185E07C209AE5873087E054
S31580E096C0038082E00400A0E10810A0E1CA0200EB7A
S31580E096D0000050E35200001A0760A0E10400A0E118
S31580E096E0011088E2C40200EB016086E2000050E3EC
S31580E096F00400001AB42194E5038088E2020056E172
S31580E09700F5FFFFBA190000EA1C109DE50400A0E110
S31580E09710B90200EB028088E20810A0E10670A0E1C1
S31580E0972010008DE50400A0E1B30200EB00B050E24A
S31580E097302100000A0400A0E10810A0E1AE0200EBDF
S31580E09740000050E31C00000A0C309DE57C109AE591
S31580E09750033084E00831D3E58BB0A0E1030056E125
S31580E09760BD30A0D3D930A0C3038081E00D0000EAEC
S31580E09770003094E57520A0E3142083E50400A0E1A1
S31580E09780043093E50010E0E333FF2FE10030E0E3BF
S31580E09790143085E5260000EA8BB0A0E102095BE3A0
S31580E097A0F2FFFF0A018088E20400A0E10810A0E150
S31580E097B0910200EB000050E3F6FFFF1A0E3088E2DC
S31580E097C00BC0A0E1CCC0B0E10900000A0310A0E123
S31580E097D00400A0E124C08DE520308DE5860200EB13
S31580E097E024C09DE520309DE5000050E30CB08B1150
S31580E097F0F3FFFFEA10309DE501208BE2000053E3A2
S31580E0980014309DE508109DE5063193E7002062124D
S31580E098108330A0E1B32081E1B43194E5030056E1E1
S31580E09820A4FFFFBA00309DE5013083E200308DE58C
S31580E0983044FFFFEA0100A0E328D08DE2F08DBDE889
S31580E09840F04D2DE9030052E351DE4DE208D04DE2C2
S31580E098500040A0E10180A0E10260A0E10370A0E108
S31580E098600600009A003090E53420A0E3142083E5DA
S31580E09870186083E5003090E5003093E533FF2FE113
S31580E09880000058E3063184E0B4509315C450930544
S31580E09890000055E30700001A003094E53420A0E389
S31580E098A0142083E5186083E5003094E50400A0E1A8
S31580E098B0003093E533FF2FE1003097E5000053E376
S31580E098C00600001A043094E50400A0E1003093E538
S31580E098D00110A0E3592EA0E333FF2FE1000087E5D6
S31580E098E0006097E501A0A0E300B0A0E38C5086E598
S31580E098F00A20D5E702708BE0010C57E3080000DA16
S31580E09900003094E50910A0E3141083E5003094E577
S31580E099100400A0E1003093E504208DE533FF2FE1DC
S31580E0992004209DE510108DE20030A0E30BB081E0CD
S31580E09930030052E103A0CB1701308312FBFFFF1A2D
S31580E0994001A08AE211005AE307B0A0E1E7FFFF1A1F
S31580E09950513E8DE2083083E200A0A0E3073083E049
S31580E0996008A543E51020DDE50AB0A0E10311E0E3B8
S31580E09970513E8DE2083083E20B3083E0083553E5D3
S31580E09980000053E31C00000A91BA20E0453F8DE2D7
S31580E09990000183E010C08DE20B306AE003C08CE00A
S31580E099A00AE0DCE70AB083E002005EE10AA1800714
S31580E099B001A08A02F9FFFF0A0130A0E313025AE10F
S31580E099C00A0000BA003094E50900A0E3140083E5BC
S31580E099D0003094E50400A0E1003093E508108DE5C1
S31580E099E004208DE533FF2FE108109DE504209DE5F9
S31580E099F08AA0A0E1012082E2DCFFFFEA0500A0E187
S31580E09A00041086E244C086E200E0E0E30120F0E56F
S31580E09A10000052E300E081050C00000A512E8DE241
S31580E09A20082082E2032182E0042412E5032062E03A
S31580E09A30482081E50020D0E5023083E0512E8DE29A
S31580E09A40082082E2032182E0082412E5002081E5F5
S31580E09A50041081E20C0051E1EBFFFF1AF8309FE53C
S31580E09A60443086E5012BA0E3900086E20010A0E377
S31580E09A7085A200EB0130A0E30020A0E308A063E22A
S31580E09A800110A0E3111AA0E101C0A0E308108DE562
S31580E09A900310D5E701005CE1180000CA451F8DE29E
S31580E09AA0020191E702E085E0100AA0E1231080E25E
S31580E09AB0011186E004108DE50010A0E30CE08DE551
S31580E09AC004E09DE50430AEE504E08DE50CE09DE53F
S31580E09AD011E0DEE50EB0A0E100E081E00EE086E098
S31580E09AE090B4CEE508E09DE5011081E20E0051E1FB
S31580E09AF0F2FFFF1A01C08CE2012082E2E3FFFFEA77
S31580E09B00013083E2090053E3DBFFFF1A000058E3EC
S31580E09B100E00000A107087E2108085E20360A0E103
S31580E09B20075085E0050058E10800000A0130F8E5B5
S31580E09B300F0053E3FAFFFF9A003094E50400A0E1BA
S31580E09B40146083E5003093E533FF2FE1F4FFFFEA0D
S31580E09B5051DE8DE208D08DE2F08DBDE8FFFF0F008B
S31580E09B60E03090E5F34D2DE9000053E30040A0E1BD
S31580E09B70D45190E59C3190E5556F80E28C00000AE7
S31580E09B80000053E3A02190E50100001A000052E3B3
S31580E09B90060000EA030052E10E0000BAB41190E537
S31580E09BA0010052E10B0000CA542190E5010052E326
S31580E09BB00800001AA42194E5A81194E5000052E378
S31580E09BC00200000A012042E2010052E10100001A8F
S31580E09BD00D0051E3100000DA002094E51110A0E3B7
S31580E09BE0183082E5003094E5141082E5A02194E5F2
S31580E09BF01C2083E5003094E5A42194E5202083E5CC
S31580E09C00003094E5A82194E5242083E5003094E5AE
S31580E09C100400A0E1003093E533FF2FE100A0A0E34C
S31580E09C2004608DE5543194E59C2194E503005AE186
S31580E09C30310000AA04109DE5000052E30430B1E54E
S31580E09C4004108DE504B093E5A01094E50B8481E0E3
S31580E09C500E00000A0B2491E7000052E30B0000AAF5
S31580E09C60002094E57630A0E318B082E5143082E5F2
S31580E09C70002094E50010A0E31C1082E5002094E526
S31580E09C800400A0E1042092E50010E0E332FF2FE13A
S31580E09C909C7194E5078188E0A02194E5020057E174
S31580E09CA0130000CA002098E5A41194E5C22FC2E112
S31580E09CB0020051E10A00000A002094E57630A0E334
S31580E09CC018B082E5143082E5002094E50400A0E136
S31580E09CD01C7082E5002094E50010E0E3042092E524
S31580E09CE032FF2FE1A82194E5042088E4017087E221
S31580E09CF0E8FFFFEA01A08AE2C9FFFFEAA43194E522
S31580E09D00000053E30700001A000052E384339F0506
S31580E09D1084339F150070A0E3043085E5148085E2E6
S31580E09D2007B0A0E1120000EA000052E36C339F0521
S31580E09D306C339F15F6FFFFEA9C2194E50430B6E587
S31580E09D40000052E30E00001AA42194E5000052E3DD
S31580E09D500500001A142093E50400A0E10C3082E2AD
S31580E09D600110A0E3033185E0B4FEFFEB017087E2EA
S31580E09D7004B0A8E5543194E5030057E1EDFFFFBA5E
S31580E09D80080000EA182093E50400A0E10CA082E236
S31580E09D900A3185E00010A0E3A8FEFFEB0A3195E7E3
S31580E09DA0403085E5F0FFFFEA0030A0E3143085E53A
S31580E09DB0B00000EA000053E30E00001AA43190E5FB
S31580E09DC0000053E30B00001AA83190E5000053E34E
S31580E09DD00800001ADC3090E5000053E3A03190E5FE
S31580E09DE00100001A3F0053E3090000CAB42194E55C
S31580E09DF0020053E10600000A003094E57D20A0E3EE
S31580E09E00142083E50400A0E1043093E50010E0E34C
S31580E09E1033FF2FE1B43194E50070A0E33F0053E3D4
S31580E09E2080329F1580329F05148085E207A0A0E1ED
S31580E09E30043085E5543194E5030057E1120000AA29
S31580E09E4004B0B6E50400A0E114209BE50110A0E390
S31580E09E50023185E0443083E278FEFFEBB43194E56D
S31580E09E60000053E30500000A18209BE50400A0E10A
S31580E09E70023185E00010A0E3543083E26FFEFFEB11
S31580E09E8004A0A8E5017087E2E9FFFFEA04C0A0E14B
S31580E09E9018A29FE518B29FE57031BCE5B41085E263
S31580E09EA000E0A0E30680A0E304308DE504309DE584
S31580E09EB003005EE16F0000AA0430BCE5563083E221
S31580E09EC0032194E7143092E5033185E0443093E54D
S31580E09ED0503001E5183092E5033185E0543093E562
S31580E09EE0283001E5343092E5000053E35D00000A56
S31580E09EF0B40194E5283092E50F0050E3242092E502
S31580E09F003000000A070000CA030050E31700000A89
S31580E09F10080050E31F00000A000050E34600001AE4
S31580E09F200130A0E34F0000EA230050E3017043E2F2
S31580E09F30016042E22D00000A300050E33400000A5E
S31580E09F40180050E33C00001A040057E30530A08374
S31580E09F50013043E2040056E30520A083033183E029
S31580E09F60023083E0013043E248219FE53B0000EA8E
S31580E09F70010043E2010050E3010042E20230A083A7
S31580E09F80010050E30220A083833082E0033043E285
S31580E09F9003319AE7320000EA010043E2020050E32F
S31580E09FA00330A083010042E2020050E3013043E245
S31580E09FB00320A083833083E0023083E0013043E2F4
S31580E09FC003319BE7260000EA010043E2030050E309
S31580E09FD0010042E20430A083030050E30420A08322
S31580E09FE0033182E0053043E2CC209FE51B0000EAA6
S31580E09FF0050057E30630A083050056E30620A083DC
S31580E0A000013043E2982323E0B0209FE5013043E22C
S31580E0A010120000EA060057E30730A083060056E305
S31580E0A0200720A083013043E20700A0E3902323E0EA
S31580E0A0308C209FE5013043E2080000EA010043E21C
S31580E0A040070050E3010042E20830A083070050E3B6
S31580E0A0500820A083833182E068209FE5093043E2CF
S31580E0A060033192E7013083E2003081E501E08EE260
S31580E0A070041081E28CFFFFEA0030A0E3103085E532
S31580E0A0800C3085E5283085E5183194E52C3085E57A
S31580E0A09008D08DE2F08DBDE8C87BE080E87FE08087
S31580E0A0A01C84E080A885E080808BE0803890E0802A
S31580E0A0B01088E3802088E3808488E3804488E38096
S31580E0A0C0E888E3807889E3801087E38038402DE96B
S31580E0A0D0043090E50110A0E3003093E5DC20A0E3B6
S31580E0A0E00050A0E133FF2FE1A4309FE5D40185E560
S31580E0A0F0003080E59C309FE5083080E5E03095E5EE
S31580E0A1000040A0E1000053E31800000A242095E512
S31580E0A110043095E50110A0E3003093E50500A0E169
S31580E0A1200224A0E133FF2FE10030A0E30010E0E35A
S31580E0A130A00085E5242095E5020053E1050000AA0C
S31580E0A140012C80E2041080E4020050E1FCFFFF1A5B
S31580E0A150013083E2F6FFFFEA0030A0E3303084E5A9
S31580E0A160343084E5383084E53C3084E53880BDE8B9
S31580E0A170543080E5443080E5583080E5483080E5ED
S31580E0A1805C3080E54C3080E5603080E5503080E5BD
S31580E0A1903880BDE8609BE080347AE08038402DE905
S31580E0A1A0184090E50050A0E1043094E5000053E3C8
S31580E0A1B00900001A0C3094E533FF2FE1000050E3EC
S31580E0A1C00500001A003095E51920A0E3142083E508
S31580E0A1D00500A0E1003093E533FF2FE1043094E5FC
S31580E0A1E0013043E2043084E5003094E5012083E2E7
S31580E0A1F0002084E50000D3E53880BDE8F8452DE908
S31580E0A200D44190E534619FE500A0A0E10150A0E152
S31580E0A2100279A0E3103094E5141094E5060053E14A
S31580E0A220220000CA011041E2000051E3141084E5E7
S31580E0A2301A0000AAB8319AE5000053E30B00001A31
S31580E0A2400A00A0E1D4FFFFEBFF0050E30080A0E12D
S31580E0A2500700001A0A00A0E1CFFFFFEBFF0050E302
S31580E0A260FBFFFF0A000050E30100000AB8018AE51F
S31580E0A2700080A0E30C3094E5038488E1143094E513
S31580E0A2800C8084E5082093E2142084550300005A6C
S31580E0A290093083E2000053E3143084E510708405CE
S31580E0A2A0103094E58330A0E1103084E5D8FFFFEAF2
S31580E0A2B00000D5E588209FE57FC000E20CE192E7CB
S31580E0A2C00CC094E54E78A0E1033067E01311A0E17D
S31580E0A2D001005CE14E64A0E1103084E50A0000BA3A
S31580E0A2E0070053E17F20C0E30C1061E0062022B036
S31580E0A2F00E2022A00C1084E5107084E50020C5B500
S31580E0A3000020C5A50A0000AA0A0000EA2C209FE5E5
S31580E0A310020053E1070000CA070053E17F30C0E343
S31580E0A320063023A00030C5A5020000AA0E3023E047
S31580E0A3300030C5E5800020E2A003A0E1F885BDE815
S31580E0A340FF7F00005C7EE3801EFF2FE1E03090E53A
S31580E0A350552F80E2000053E3F34D2DE99C3190E5E3
S31580E0A3600040A0E1D45190E504208DE57000000A1C
S31580E0A370000053E3A02190E50100001A000052E3BB
S31580E0A380060000EA030052E10E0000BAB41190E53F
S31580E0A390010052E10B0000CA542190E5010052E32E
S31580E0A3A00800001AA42194E5A81194E5000052E380
S31580E0A3B00200000A012042E2010052E10100001A97
S31580E0A3C00D0051E3100000DA002094E51110A0E3BF
S31580E0A3D0183082E5003094E5141082E5A02194E5FA
S31580E0A3E01C2083E5003094E5A42194E5202083E5D4
S31580E0A3F0003094E5A82194E5242083E5003094E5B7
S31580E0A4000400A0E1003093E533FF2FE104309DE5C1
S31580E0A4100060A0E376B0A0E300308DE5543194E5AA
S31580E0A4209C2194E5030056E12F0000AA00109DE5EB
S31580E0A430000052E30430B1E500108DE504A093E519
S31580E0A440A01094E50A8481E00D00000A0A2491E7D1
S31580E0A450000052E30A0000AA002094E50010A0E381
S31580E0A46018A082E514B082E5002094E50400A0E11E
S31580E0A4701C1082E5002094E50010E0E3042092E5DC
S31580E0A48032FF2FE19C7194E5078188E0A02194E575
S31580E0A490020057E1120000CA002098E5A41194E575
S31580E0A4A0C22FC2E1020051E10900000A002094E5D2
S31580E0A4B00400A0E118A082E514B082E5002094E5CE
S31580E0A4C00010E0E31C7082E5002094E5042092E52C
S31580E0A4D032FF2FE1A82194E5042088E4017087E229
S31580E0A4E0E9FFFFEA016086E2CBFFFFEAA43194E56B
S31580E0A4F0000053E30300001A000052E3F8319F05A1
S31580E0A500F8319F15020000EA000052E3F0319F1512
S31580E0A510F0319F05043085E50060A0E304309DE5D9
S31580E0A520187085E200308DE50680A0E132A0A0E3D8
S31580E0A530270000EA000053E30B00001AA43190E5FF
S31580E0A540000053E30800001AA83190E5000053E3C9
S31580E0A5500500001AA03190E53F0053E3090000CAE8
S31580E0A560B42190E5020053E10600000A003094E54C
S31580E0A5707D20A0E3142083E50400A0E1043093E588
S31580E0A5800010E0E333FF2FE17C319FE5E0FFFFEA57
S31580E0A59000309DE504B0B3E500308DE5E03094E52C
S31580E0A5A0000053E31100000A9C3194E5000053E378
S31580E0A5B00B00000AE03094E5000053E3B4319405E3
S31580E0A5C09C319415000053E32800001A016086E26E
S31580E0A5D0047087E2543194E5030056E1EBFFFFBA5D
S31580E0A5E03C0000EAA43194E5000053E3F0FFFF1A53
S31580E0A5F014309BE50F0053E30800009A002094E5B1
S31580E0A6000400A0E1183082E514A082E5002094E5FC
S31580E0A61004308DE5002092E532FF2FE104309DE5A0
S31580E0A620033185E03C2093E5000052E30800001A00
S31580E0A630042094E50400A0E100C092E50110A0E3C7
S31580E0A6404020A0E304308DE53CFF2FE104309DE51A
S31580E0A6503C0083E53C0093E50010A0E34020A0E3C6
S31580E0A660899F00EB008087E5108087E5D0FFFFEAD1
S31580E0A67018B09BE50F005BE30600009A003094E596
S31580E0A6800400A0E114A083E518B083E5003094E5EA
S31580E0A690003093E533FF2FE10BB185E07C309BE51D
S31580E0A6A0000053E30600001A043094E50400A0E1BC
S31580E0A6B0003093E50110A0E3012CA0E333FF2FE106
S31580E0A6C07C008BE57C009BE50010A0E3012CA0E3F9
S31580E0A6D06D9F00EBBCFFFFEA0030A0E30C3085E520
S31580E0A6E0103085E50F30E0E3143085E5183194E5E8
S31580E0A6F0383085E508D08DE2F08DBDE8F47DE080E8
S31580E0A7003482E080C489E0802085E080E094E08047
S31580E0A710F04D2DE90050A0E3D88090E5D8A190E5F2
S31580E0A72020D04DE200B0A0E10540A0E104508DE5E7
S31580E0A73024309BE504209DE5030052E1190100AA3F
S31580E0A740242098E5283098E560149FE5023483E07C
S31580E0A750010053E17B00000A350000CA50149FE5F2
S31580E0A760010053E18B00000A170000CA021C41E297
S31580E0A770010053E16B00000A090000CA011C41E2B6
S31580E0A780010053E19100000AFF1081E2010053E1EC
S31580E0A7908200000A011C41E2010053E19B00001A9D
S31580E0A7A0A60000EA0C149FE5010053E15F00000A71
S31580E0A7B0031081E2010053E18200000A810F53E336
S31580E0A7C09200001AF0539FE59F0000EAEC139FE5A4
S31580E0A7D0010053E17700000A0A0000CAE0139FE512
S31580E0A7E0010053E17500000AFD1081E2010053E1AA
S31580E0A7F05000000ACC139FE5010053E18300001A64
S31580E0A800C4539FE5900000EAC0139FE5010053E141
S31580E0A8104A00000A061081E2010053E16300000A63
S31580E0A820091041E2010053E17800001AA0539FE548
S31580E0A830850000EA9C139FE5010053E14500000A8C
S31580E0A840180000CA810E53E35600000A0A0000CAC7
S31580E0A85084139FE5010053E14C00000A041081E275
S31580E0A860010053E15B00000AFA1041E2010053E186
S31580E0A8706600001A64539FE5730000EA60139FE563
S31580E0A880010053E13F00000A051081E2010053E137
S31580E0A8902E00000A4C139FE5010053E15B00001A8D
S31580E0A8A044539FE5680000EA40139FE5010053E1C9
S31580E0A8B03200000A0A0000CA34139FE5010053E122
S31580E0A8C02600000A2C139FE5010053E12500000ACB
S31580E0A8D024139FE5010053E14C00001A1C539FE5C9
S31580E0A8E0590000EA18139FE5010053E11F00000AB2
S31580E0A8F0040000CA0C139FE5010053E108539F054D
S31580E0A9005100000A410000EA00139FE5010053E18F
S31580E0A9101800000A081081E2010053E1F0529F0519
S31580E0A9204900000A390000EAE8529FE5460000EA5D
S31580E0A930E4529FE5440000EAE0529FE5420000EAE7
S31580E0A940DC529FE5400000EAD8529FE53E0000EAEF
S31580E0A950D4529FE53C0000EAD0529FE53A0000EAF7
S31580E0A960CC529FE5380000EAC8529FE5360000EAFF
S31580E0A970C4529FE5340000EAC0529FE5320000EA07
S31580E0A980BC529FE5300000EAB8529FE52E0000EA0F
S31580E0A990B4529FE52C0000EAB0529FE52A0000EA17
S31580E0A9A0AC529FE5280000EAA8529FE5260000EA1F
S31580E0A9B0A4529FE5240000EAA0529FE5220000EA27
S31580E0A9C09C529FE5200000EA98529FE51E0000EA2F
S31580E0A9D094529FE51C0000EA48309BE5010053E372
S31580E0A9E088529F050140A0031800000A1500003A2E
S31580E0A9F0020053E378529F050340A0011300000A4A
S31580E0AA0000309BE53120A0E3142083E5070000EACF
S31580E0AA1000309BE50710A0E3182083E5141083E55A
S31580E0AA2000309BE5282098E51C2083E500309BE5F7
S31580E0AA30003093E50B00A0E133FF2FE1030000EA4D
S31580E0AA4030529FE5000000EA2C529FE50040A0E3EB
S31580E0AA50343098E50450AAE5000053E34C00000A40
S31580E0AA6028309AE5040053E14900000A50C098E591
S31580E0AA7000005CE34600000A010054E328408AE5D2
S31580E0AA800B00000A020054E31600000A000054E3BB
S31580E0AA903900001A542098E50430A0E1B3109CE117
S31580E0AAA0831082E7023083E2800053E3FAFFFF1AE5
S31580E0AAB0370000EA541098E5C0019FE50020A0E346
S31580E0AAC0B2E09CE1F03092E19E0303E0023B83E258
S31580E0AAD04336A0E1823081E7022082E2800052E3C1
S31580E0AAE0F6FFFF1A2A0000EA543098E50070A0E3EA
S31580E0AAF010308DE588319FE50060A0E3D72083E1C3
S31580E0AB00F820CDE187308CE018308DE510309DE57A
S31580E0AB10073183E014308DE518309DE51CC08DE566
S31580E0AB20B60093E135AF00EBD820CDE173AF00EB13
S31580E0AB304C219FE50631A0E1033082E0D020C3E1DD
S31580E0AB406EAF00EBFF35A0E30020A0E36BAF00EB38
S31580E0AB509BB000EB14309DE51CC09DE5860083E745
S31580E0AB60026086E2100056E3EAFFFF1A087087E289
S31580E0AB70400057E3DEFFFF1A050000EA00309BE560
S31580E0AB803120A0E3142083E50B00A0E1003093E5BB
S31580E0AB9033FF2FE104309DE5588088E2013083E27F
S31580E0ABA004308DE5E1FEFFEA20D08DE2F08DBDE850
S31580E0ABB00707000002040000030300004025E1804F
S31580E0ABC00A05000008040000040400007CBBE08065
S31580E0ABD0060600007009E1800B0B00000408000007
S31580E0ABE05C13E180050A00000909000054BFE0809B
S31580E0ABF0070E00000C0C00000D0D0000060C000096
S31580E0AC00B8FEE0800F0F00000E0E0000B4DBE0809F
S31580E0AC1008100000B0E9E0805CBEE08020BDE08006
S31580E0AC2050B9E080E0B6E08014B3E080C0C3E08055
S31580E0AC3070C8E080B4CEE0803CD4E08088E2E080FA
S31580E0AC4018F2E08030F9E080EC02E1806C06E18089
S31580E0AC50480BE1807C0CE180E40CE1809818E1808F
S31580E0AC60841CE1800020E1807423E1806C26E18011
S31580E0AC70D426E180002BE1801CBFE080C0ADE0807F
S31580E0AC804C96E3803077E380043090E510402DE900
S31580E0AC90003093E50110A0E3C020A0E30040A0E1EE
S31580E0ACA033FF2FE188309FE50020A0E3D40184E5DF
S31580E0ACB0003080E57C309FE5083080E5781080E2E2
S31580E0ACC0383080E20420A3E5010053E1402083E5AB
S31580E0ACD0FBFFFF1A7130A0E3BC30C0E5E03094E5BD
S31580E0ACE0000053E31080BD08242094E5043094E509
S31580E0ACF00110A0E3003093E50400A0E10224A0E186
S31580E0AD0033FF2FE10030A0E30010E0E3A00084E50C
S31580E0AD10242094E5020053E11080BDA8012C80E256
S31580E0AD20041080E4020050E1FCFFFF1A013083E268
S31580E0AD30F6FFFFEA4CA3E08048A3E080043090E58C
S31580E0AD40F0412DE9003093E50110A0E35420A0E323
S31580E0AD500050A0E133FF2FE1D87095E558309FE5AC
S31580E0AD600060A0E30080E0E30040A0E1D80185E553
S31580E0AD70283084E4243095E5030056E10D0000AAEE
S31580E0AD80043095E50110A0E3003093E5012CA0E3C3
S31580E0AD900500A0E133FF2FE10010A0E3012CA0E342
S31580E0ADA0016086E2587087E2040007E5B69D00EB15
S31580E0ADB00480A4E5EEFFFFEAF081BDE810A7E0801D
S31580E0ADC0F04D2DE912DE4DE21C308DE5503190E5F7
S31580E0ADD0541091E5063D43E204308DE50830A0E36A
S31580E0ADE018308DE520308DE2B061D2E1F0E4D2E139
S31580E0ADF0000056E3F0C0D2E11C00001AF002D2E176
S31580E0AE00000050E31900001AF003D2E1000050E39D
S31580E0AE101600001A00005EE31400001AF005D2E185
S31580E0AE20000050E31100001AF006D2E1000050E382
S31580E0AE300E00001AF007D2E1000050E30B00001A82
S31580E0AE40000091E59C000EE00E01A0E1000083E5A4
S31580E0AE50200083E5400083E5600083E5800083E5AC
S31580E0AE60A00083E5C00083E5E00083E56C0000EAAE
S31580E0AE70000091E5C0A091E59C0004E080C091E5EA
S31580E0AE808406A0E19C0E0BE0404091E5F0C2D2E161
S31580E0AE908BB6A0E1940C05E0F046D2E1010B80E2AE
S31580E0AEA00BE080E000006BE09A040BE030449FE525
S31580E0AEB00BA085E09A0404E028A49FE528C49FE5DA
S31580E0AEC09B4A2AE0954C2CE00A4080E000006AE04C
S31580E0AED00C508EE014008DE50EC06CE0F007D2E1F8
S31580E0AEE0E0E091E510C08DE5900E0CE0A0A091E544
S31580E0AEF0F005D2E108C08DE5607091E5900A0CE03E
S31580E0AF0020B091E5F003D2E10668A0E14668A0E1D1
S31580E0AF1090070AE0960B07E008009DE507608CE065
S31580E0AF200CC08DE50A8080E0C0C39FE5060088E01E
S31580E0AF30900C0CE008B09DE50C00A0E1B0C39FE565
S31580E0AF40B0E39FE5980C2CE00C80A0E1A8C39FE5D8
S31580E0AF50960C2CE00C00A0E108C09DE507608CE033
S31580E0AF6098C39FE5960C0CE00C60A0E108C08CE0ED
S31580E0AF709ECB2BE088C39FE5006086E00BE0A0E1F6
S31580E0AF809C672BE00CC09DE508B08DE574B39FE52A
S31580E0AF900AC08CE09B0C06E00C709DE508C086E05C
S31580E0AFA064B39FE564839FE5000086E09B0727E026
S31580E0AFB098CA20E008C09DE50CA085E005606CE0BD
S31580E0AFC004C060E0005084E014009DE5CC85A0E1FB
S31580E0AFD007C080E0000067E0C005A0E1A00083E54F
S31580E0AFE010009DE5CAA5A0E10E0080E0C005A0E1C5
S31580E0AFF0C665A0E1C555A0E1CCC5A0E100A083E58A
S31580E0B000E06083E5205083E5C08083E540C083E54A
S31580E0B010600083E510009DE500E06EE0CEE5A0E10E
S31580E0B02080E083E518009DE5043083E2010050E28C
S31580E0B030022082E2041081E218008DE569FFFF1AA2
S31580E0B0401C309DE520208DE2043043E208308DE51A
S31580E0B0501C309DE51C3083E214308DE508309DE59B
S31580E0B06004B092E50480B3E508308DE540319DE596
S31580E0B07000005BE3031088E0003092E5100092E583
S31580E0B080013983E2103083E21E00001A08C092E59F
S31580E0B09000005CE31B00001A0CC092E500005CE354
S31580E0B0A01800001A000050E31600001A14C092E55A
S31580E0B0B000005CE31300001A18C092E500005CE330
S31580E0B0C01000001A1CC092E500005CE30D00001A37
S31580E0B0D004009DE5C332A0E1033BA0E1233BD0E73A
S31580E0B0E040019DE50030C8E70130C1E50230C1E5A9
S31580E0B0F00330C1E50430C1E50530C1E50630C1E580
S31580E0B1000730C1E56F0000EA08C092E518E092E5F5
S31580E0B110005083E0C8419FE5033060E08306A0E10C
S31580E0B1200E308CE0930404E08556A0E10430A0E183
S31580E0B130B4419FE514A092E59C3424E00B608AE05C
S31580E0B14004C0A0E19C419FE59E3424E00430A0E168
S31580E0B15003E080E0003063E00C4085E010308DE570
S31580E0B16005C06CE00C3092E51C5092E50CC08DE594
S31580E0B170037085E074C19FE5060087E0900C0CE0E3
S31580E0B18070319FE50C00A0E164C19FE5970C2CE04F
S31580E0B1900C70A0E160C19FE5960C2CE00B6085E029
S31580E0B1A00C00A0E154C19FE5960C0CE00C60A0E198
S31580E0B1B007C08CE095C323E044C19FE5006086E04C
S31580E0B1C00350A0E19C6B23E038B19FE50360A0E1EA
S31580E0B1D00C3092E503C08AE09B0C03E028B19FE542
S31580E0B1E0000083E09B0A2CE006A084E00C00A0E14E
S31580E0B1F007C083E014719FE50C3092E54AA9A0E18F
S31580E0B20097C323E00AABA0E103C0A0E104309DE54B
S31580E0B210046066E02A7BD3E740319DE54669A0E19C
S31580E0B2200370C8E704309DE5066BA0E1264BD3E7C3
S31580E0B2300740C1E50C408EE00E706CE04449A0E129
S31580E0B240044BA0E14779A0E1244BD3E7077BA0E15B
S31580E0B2500140C1E527CBD3E710309DE506C0C1E5C7
S31580E0B26000C083E04CC9A0E104309DE50CCBA0E1B1
S31580E0B2702CCBD3E710309DE502C0C1E5030060E04A
S31580E0B2804009A0E104309DE5000BA0E1203BD3E737
S31580E0B2900530C1E50C309DE504009DE5053083E091
S31580E0B2A04339A0E1033BA0E1233BD0E70330C1E58E
S31580E0B2B00C309DE5035065E04559A0E1055BA0E1D2
S31580E0B2C0253BD0E70430C1E508309DE514109DE5C7
S31580E0B2D0202082E2010053E15FFFFF1A12DE8DE259
S31580E0B2E0F08DBDE851110000DFC4FFFF7E1800003D
S31580E0B2F0A12500003BC1FFFF8E09000084F3FFFF1C
S31580E0B30033E3FFFF0B300000FDADFFFFB3410000EC
S31580E0B31054620000F04D2DE9E8D04DE218308DE51D
S31580E0B320503190E5545091E5068D43E224408DE21C
S31580E0B3300E3082E21C308DE5F010D2E1003095E5EA
S31580E0B34040C095E5910300E0801095E58036A0E168
S31580E0B350013B83E204308DE5F032D2E1C0E095E551
S31580E0B360930C0AE0F034D2E144739FE591030BE05D
S31580E0B370F036D2E13C639FE5930E01E00A306BE064
S31580E0B38001E0A0E10B1061E0910707E0930606E09B
S31580E0B39004309DE5060087E0030080E018339FE5F2
S31580E0B3A004C09DE59B0323E0022082E20300A0E146
S31580E0B3B00E308AE010308DE510109DE5FC329FE579
S31580E0B3C0045085E291C323E09FCFE0E30E10A0E135
S31580E0B3D09C3121E0E8C29FE55CE095E59A3C2CE073
S31580E0B3E0011087E00C3086E0FEC0D2E11C6095E576
S31580E0B3F014308DE59C0603E0FEC2D2E108308DE58F
S31580E0B4009C0E06E09C3095E5FEC4D2E1B4729FE5E1
S31580E0B4109C030EE008309DE50CE08DE506C083E0F8
S31580E0B4209C0707E003C066E09C329FE50EE086E07D
S31580E0B4309C0303E00C609DE507A063E003C087E022
S31580E0B44088329FE588729FE59E0303E0044084E2AC
S31580E0B45003C08CE003E0A0E108309DE5066083E070
S31580E0B460970603E00C609DE568729FE503A08AE09D
S31580E0B470973626E014309DE506E08EE00A6081E0AE
S31580E0B48001A06AE00C1080E0C115A0E1181084E507
S31580E0B49000006CE00E1083E003E06EE0C005A0E102
S31580E0B4A0C115A0E1C665A0E1CAA5A0E1CEE5A0E10F
S31580E0B4B0880084E5341084E5046004E5A4A084E58E
S31580E0B4C06CE084E510309DE50C129FE504009DE577
S31580E0B4D00B3063E0910320E01C309DE5C015A0E1D0
S31580E0B4E0030052E1501084E592FFFF1A18309DE583
S31580E0B4F024008DE2047043E2183083E210308DE55B
S31580E0B5000430B7E508219DE50C308DE5025083E0F7
S31580E0B510003090E508C090E5013983E2103083E29F
S31580E0B520186090E583A6A0E1103090E580419FE524
S31580E0B53080E19FE5032066E00C3063E0920404E05E
S31580E0B540930E0EE070219FE50E1084E0103090E5BA
S31580E0B5500A1081E0921323E09FBFE0E30310A0E1AD
S31580E0B56006308CE004308DE504209DE54C319FE586
S31580E0B5701C0080E292A323E0963B22E0186010E56F
S31580E0B580022084E038419FE57FBE8BE29C3424E054
S31580E0B59004308EE0104010E528E19FE504C086E0A7
S31580E0B5A09C0E0EE006C064E09C0B0BE008308DE557
S31580E0B5B00BC0A0E10CC08EE00EB06BE008E010E5B9
S31580E0B5C00E4084E004E19FE5940E0EE00EC08CE030
S31580E0B5D00E40A0E108E010E50E6086E0F0E09FE531
S31580E0B5E09E0603E0086010E5E8E09FE503B08BE0A7
S31580E0B5F09E3626E00BE082E04EE9A0E102B06BE009
S31580E0B600064084E008319DE50C609DE50EEBA0E107
S31580E0B6104BB9A0E12EEBD8E70BBBA0E103E0C6E790
S31580E0B6202B2BD8E70620C5E50C2081E04229A0E156
S31580E0B63001106CE0022BA0E14119A0E1222BD8E7B2
S31580E0B64008309DE5011BA0E10120C5E5212BD8E767
S31580E0B6500520C5E5042083E04229A0E1034064E0BB
S31580E0B660022BA0E14449A0E1222BD8E7044BA0E1DC
S31580E0B6700220C5E5243BD8E70430C5E504209DE5F6
S31580E0B6800C3010E550109FE5032062E092A123E0A4
S31580E0B6904339A0E1033BA0E1233BD8E70330C5E58E
S31580E0B6A010309DE5030057E194FFFF1AE8D08DE264
S31580E0B6B0F08DBDE8371C0000120A000015C5FFFFBB
S31580E0B6C0C6280000F1B0FFFFEF1D00007305000003
S31580E0B6D0E1D3FFFFA3130000DE3B0000412D000015
S31580E0B6E0500190E5F04D2DE9A0D04DE2544091E532
S31580E0B6F0060D40E20C1082E210E08DE20C108DE542
S31580E0B700F0C0D2E1001094E5608094E59C0105E00C
S31580E0B71080C094E58516A0E1F054D2E1011B81E278
S31580E0B720950C06E018C29FE5022082E2960C0CE0BA
S31580E0B730044084E20C5081E001106CE001106CE082
S31580E0B740C1B5A0E1FEC1D2E13C1094E504E08EE211
S31580E0B7509C0106E0EC119FE5960101E0016085E041
S31580E0B76005C061E0FE10D2E11C5094E5950107E04A
S31580E0B770FE52D2E104708DE5950801E09C7094E577
S31580E0B780FE54D2E108108DE5950708E004109DE5AA
S31580E0B790085081E0B0119FE5950101E00150A0E1FC
S31580E0B7A082009DE907A081E0081067E08AA685E02F
S31580E0B7B0815685E004109DE5011067E0017068E040
S31580E0B7C00A1086E00771A0E1C115A0E104100EE53C
S31580E0B7D007108BE014108EE505108CE0C115A0E112
S31580E0B7E02C108EE50C109DE506606AE00C5065E055
S31580E0B7F0C665A0E10B7067E0C555A0E1010052E1A6
S31580E0B80074608EE55C708EE544508EE5BBFFFF1A72
S31580E0B810046043E210108DE2143083E204308DE55B
S31580E0B82004A0B6E5C0309DE510C091E510219FE506
S31580E0B83003408AE0003091E59C0202E0013983E230
S31580E0B840103083E202C0A0E18336A0E1022083E0EB
S31580E0B85003306CE003806CE0083091E5E4C09FE55E
S31580E0B860147091E5930C0CE0DC509FE50C30A0E180
S31580E0B870023063E00CC082E0042091E50CB091E5F3
S31580E0B88007E082E09E0505E007B06BE005E0A0E119
S31580E0B8900C5091E5181081E2055082E085568EE0E5
S31580E0B8A08BE68EE00CB011E502206BE0027067E07B
S31580E0B8B005208CE04229A0E10CC065E0022BA0E1E6
S31580E0B8C0C0B09DE54CC9A0E1222BD0E70CCBA0E12E
S31580E0B8D00B20CAE78776A0E12C2BD0E70520C4E5CC
S31580E0B8E0072088E04229A0E1087067E0022BA0E10A
S31580E0B8F04779A0E1222BD0E7077BA0E10120C4E5D0
S31580E0B900272BD0E70420C4E50E2083E04229A0E17E
S31580E0B91003E06EE0022BA0E14EE9A0E1222BD0E726
S31580E0B9200EEBA0E10220C4E52E3BD0E70330C4E570
S31580E0B93004309DE5030056E1B8FFFF1AA0D08DE202
S31580E0B940F08DBDE8A116000031270000B60B00009F
S31580E0B950F04D2DE950E190E570D04DE2060D4EE2D6
S31580E0B960545091E50C408DE20A1082E2B5BEA0E328
S31580E0B97000008DE504108DE5F000D2E1001095E53C
S31580E0B980406095E5900101E0F002D2E180C095E566
S31580E0B990900606E0F004D2E1CC719FE59C0000E0E1
S31580E0B9A08116A0E100C086E0060060E09B0000E032
S31580E0B9B09C0707E0011B81E2006081E0078086E06A
S31580E0B9C006C067E0F061D2E1207095E560A095E57C
S31580E0B9D0960707E0F063D2E190E19FE5960A0AE0F8
S31580E0B9E00001A0E10A6087E0960E0EE0010060E0CB
S31580E0B9F00E60A0E178E19FE504109DE5976E2EE06C
S31580E0BA00022082E20E70A0E168E19FE5C005A0E138
S31580E0BA109A6E2EE007A088E0087067E0C775A0E11F
S31580E0BA20507084E50C606EE00E708CE0CAA5A0E1F3
S31580E0BA30C775A0E1C665A0E1010052E100A084E5FA
S31580E0BA40147084E53C6084E5280084E5045085E252
S31580E0BA50044084E2C7FFFF1A047043E20CC08DE223
S31580E0BA60103083E2B5BEA0E304308DE504A0B7E5EF
S31580E0BA7090309DE510009CE508109CE503608AE027
S31580E0BA8000309CE5002081E0DCE09FE5011060E08D
S31580E0BA909B0101E0013983E2920E0EE0103083E2F1
S31580E0BAA08336A0E1014083E00E0084E004206EE06E
S31580E0BAB00C509CE504409CE5B0E09FE5058084E081
S31580E0BAC0980E0EE00111A0E10E80A0E1A0E09FE5D6
S31580E0BAD0033061E0948E2EE04339A0E10E40A0E190
S31580E0BAE090E09FE5033BA0E1958E2EE0045080E058
S31580E0BAF00E80A0E14559A0E100E09DE5055BA0E16F
S31580E0BB00255BDEE790E09DE5000064E00E50CAE745
S31580E0BB104009A0E100E09DE5000BA0E1200BDEE717
S31580E0BB200400C6E5080082E04009A0E1022068E062
S31580E0BB30000BA0E14229A0E1200BDEE7022BA0E189
S31580E0BB400100C6E5222BDEE70320C6E5233BDEE7E0
S31580E0BB500230C6E504309DE514C08CE2030057E16F
S31580E0BB60C1FFFF1A70D08DE2F08DBDE84C19000060
S31580E0BB709A1A0000711000005CBAFFFFF04D2DE9C3
S31580E0BB80505190E548D04DE2546091E580B19FE513
S31580E0BB9080A19FE5065D45E2088082E208408DE26D
S31580E0BBA0F010D2E1000096E540C096E591000EE007
S31580E0BBB0F012D2E1022082E29C0100E0046086E29B
S31580E0BBC000708EE00E1060E0FE00D2E11CE096E5AB
S31580E0BBD00771A0E1900E0CE0FE02D2E100C08DE597
S31580E0BBE05CC096E50111A0E1900C0EE000009DE5B9
S31580E0BBF024C19FE50E0080E0900C0CE004E08DE52A
S31580E0BC0000E09DE501CB8CE204009DE59BCE2EE035
S31580E0BC109AC020E0CEE5A0E10EC087E0C005A0E1B5
S31580E0BC2000C084E507E06EE000C081E0080052E1F4
S31580E0BC30011060E030E084E510C084E5201084E502
S31580E0BC40044084E2D5FFFF1ACCB09FE50000A0E374
S31580E0BC5008C08DE2002193E768109DE508E09CE549
S31580E0BC60017082E008208DE2002292E704809CE564
S31580E0BC700C609CE5012982E2102082E20E1082E0CF
S31580E0BC8002206EE006E088E09B0E0AE080409FE5B9
S31580E0BC9080E09FE598A424E08116A0E196AE2EE0B0
S31580E0BCA0046081E04669A0E1011064E0008193E7E9
S31580E0BCB0066BA0E168A09DE54119A0E1266BD5E77A
S31580E0BCC0011BA0E10A60C8E78226A0E1211BD5E737
S31580E0BCD00310C7E50E1082E04119A0E102206EE074
S31580E0BCE0011BA0E14229A0E1211BD5E7022BA0E1BF
S31580E0BCF0010080E20110C7E5040050E3222BD5E77E
S31580E0BD000220C7E510C08CE2D1FFFF1A48D08DE251
S31580E0BD10F08DBDE87E180000DFC4FFFF5111000002
S31580E0BD20F04D2DE9505190E528D04DE2546091E5F3
S31580E0BD301CB19FE51CA19FE5065D45E2068082E297
S31580E0BD4004C08DE2F000D2E1001096E5F0E2D2E1A7
S31580E0BD50900101E0400096E5F071D2E1204096E561
S31580E0BD609E0000E0970404E09B0000E09A0404E073
S31580E0BD708116A0E1011B81E200E081E0011060E034
S31580E0BD8004708EE0010060E00EE064E0022082E272
S31580E0BD90C775A0E1CEE5A0E1C005A0E1080052E1CB
S31580E0BDA000708CE518E08CE50C008CE5046086E29A
S31580E0BDB004C08CE2E2FFFF1A94A09FE594809FE5A1
S31580E0BDC0043043E20040A0E30470B3E548209DE5FB
S31580E0BDD004C08DE2026087E00420BCE748B09DE5C0
S31580E0BDE008009CE504E09CE59A0000E0012982E2F7
S31580E0BDF0980E0EE0102082E28226A0E1001082E01A
S31580E0BE000EC081E0022060E04CC9A0E101106EE046
S31580E0BE10020060E00CCBA0E14119A0E12CCBD5E794
S31580E0BE20011BA0E14009A0E10BC0C7E7000BA0E140
S31580E0BE30211BD5E70C4084E20210C6E5240054E3DA
S31580E0BE40202BD5E70120C6E5DEFFFF1A28D08DE25C
S31580E0BE50F08DBDE8A116000031270000F0402DE905
S31580E0BE60546091E550C190E5001096E5F000D2E18E
S31580E0BE70F041D2E1900101E0200096E5011A81E2ED
S31580E0BE80900404E0041081E2F250D2E1040081E003
S31580E0BE90011064E0044096E5F221D2E1940505E0E4
S31580E0BEA0244096E5007093E5940202E014E09DE577
S31580E0BEB0026085E0064080E0C441A0E1000066E0E3
S31580E0BEC006CD4CE2044BA0E1C001A0E1244BDCE7C7
S31580E0BED0000BA0E10E40C7E7052062E0200BDCE71F
S31580E0BEE00E5087E00100C5E5040093E5023081E06D
S31580E0BEF0C331A0E1011062E0033BA0E1C111A0E102
S31580E0BF00233BDCE7011BA0E10E30C0E70E4080E07A
S31580E0BF10213BDCE70130C4E5F080BDE8F0C0D2E14A
S31580E0BF20542091E5501190E5002092E59C0202E0D4
S31580E0BF30012A82E2042082E28229A0E1222B81E0AA
S31580E0BF40801152E5002093E500309DE50310C2E7BD
S31580E0BF501EFF2FE1F04D2DE905DD4DE21C308DE52C
S31580E0BF60503190E5541091E506AD43E2103082E21F
S31580E0BF7018308DE520308DE2F0E0D2E1000091E5E9
S31580E0BF80406091E5900E0CE0F002D2E18CE6A0E113
S31580E0BF90900605E080C091E5F004D2E1F046D2E17A
S31580E0BFA09C0008E0C0C091E501EB8EE2940C00E0D5
S31580E0BFB0E4C39FE508B085E0900C0CE0DC639FE588
S31580E0BFC00C708EE00EE06CE00E006CE00C008DE50F
S31580E0BFD0C4039FE505C068E09C0000E0950606E0A6
S31580E0BFE000008DE500C09DE50C009DE5022082E223
S31580E0BFF00C0080E010008DE5A4039FE5041081E24B
S31580E0C0009B0000E0043083E200B0A0E194039FE56A
S31580E0C0100BE087E0980000E007B06BE006C08BE0BD
S31580E0C020076066E000B086E00EE060E014C08DE573
S31580E0C030FE00D2E11CC091E59C7091E59C0004E095
S31580E0C040FEC2D2E104408DE55C4091E5DC6091E59D
S31580E0C050940C00E0FE44D2E194070CE0FE46D2E187
S31580E0C06008C08DE540C39FE5940607E0900C0CE0A0
S31580E0C07011009DE9045080E030039FE5950000E0E3
S31580E0C0800050A0E104009DE5074080E020039FE5A5
S31580E0C090940000E00040A0E1008085E008009DE596
S31580E0C0A008806CE0000067E00060A0E104039FE5A3
S31580E0C0B0960000E00060A0E10C0060E006C08CE045
S31580E0C0C0005085E00CC084E011009DE9000064E04A
S31580E0C0D0006067E0E0729FE508008EE0970604E086
S31580E0C0E0C005A0E1040003E510009DE50EE068E0F0
S31580E0C0F0040080E0C005A0E1CEE5A0E1FCE083E5B8
S31580E0C1001C0083E510009DE5006064E014009DE579
S31580E0C110C665A0E1050080E0C005A0E13C0083E5BE
S31580E0C12014009DE5DC6083E5005065E00C008BE063
S31580E0C1300BC06CE0C005A0E1CCC5A0E15C0083E566
S31580E0C1409CC083E50C009DE500C09DE5C555A0E15A
S31580E0C15000006CE000006CE0C005A0E17C0083E5B7
S31580E0C16018009DE5BC5083E5000052E181FFFF1A8F
S31580E0C1700050A0E320208DE21C309DE560119DE516
S31580E0C180053193E714308DE5011083E020308DE2B0
S31580E0C19018C092E5853293E7FC419FE5013983E259
S31580E0C1A09C0404E0103083E28336A0E108E092E567
S31580E0C1B0100092E5046083E0033064E0033064E0DD
S31580E0C1C0D4B19FE500308DE50E3060E0930B0BE057
S31580E0C1D000309DE500C08EE00B3083E004308DE5D5
S31580E0C1E0BC319FE50C4092E59C0303E01C8092E520
S31580E0C1F003C0A0E1A4319FE5015085E29E0303E000
S31580E0C200090055E303E0A0E198319FE5202082E232
S31580E0C210900303E00300A0E10C3086E0033060E0A9
S31580E0C22006C06CE008308DE50E308CE006E06EE00E
S31580E0C2300C308DE500308EE06C019FE51CE012E568
S31580E0C240940000E010308DE50C3012E50040A0E16E
S31580E0C25058019FE503C08EE09C0000E0037068E033
S31580E0C26050319FE548619FE500C0A0E1970303E078
S31580E0C27008008EE0900606E00370A0E1043063E0FB
S31580E0C2800600A0E106608CE003C08CE00C3012E58D
S31580E0C290066064E0074084E0044080E00EE063E00E
S31580E0C2A014019FE508309DE50E8068E0900807E080
S31580E0C2B0060083E04009A0E114309DE560E19DE55C
S31580E0C2C0000BA0E1200BDAE70E00C3E708309DE51E
S31580E0C2D0033066E04339A0E1033BA0E1233BDAE7A4
S31580E0C2E00830C1E504309DE5073083E04339A0E1BD
S31580E0C2F0033BA0E1233BDAE70130C1E504309DE56D
S31580E0C300038067E04889A0E1088BA0E1283BDAE773
S31580E0C3100730C1E50C309DE50C3083E04339A0E180
S31580E0C320033BA0E1233BDAE70230C1E50C309DE533
S31580E0C33003C06CE04CC9A0E10CCBA0E12C3BDAE772
S31580E0C3400630C1E510309DE5043083E04339A0E155
S31580E0C350033BA0E1233BDAE70330C1E510309DE5FE
S31580E0C360034064E04449A0E1044BA0E1243BDAE7E2
S31580E0C3700530C1E500309DE503306BE003306BE0CE
S31580E0C3804339A0E1033BA0E1233BDAE70430C1E592
S31580E0C39078FFFF1A05DD8DE2F08DBDE8A11600007D
S31580E0C3A0AB220000872A0000DC070000CFD8FFFF21
S31580E0C3B0171D00007A0F0000912C00003127000045
S31580E0C3C0F04D2DE916DE4DE21C308DE5503190E5DD
S31580E0C3D0540091E5063D43E200308DE520108DE284
S31580E0C3E0103082E218308DE5F0C0D2E1003090E581
S31580E0C3F080E090E59C0303E0F0C4D2E13C549FE505
S31580E0C4009E0C0CE038E49FE59C0505E09C0E0EE072
S31580E0C4108336A0E10EC0A0E105C06CE0013B83E27B
S31580E0C4208CC0A0E103C06CE0054083E003E06EE0F1
S31580E0C430CC35A0E104308DE540C090E5F032D2E124
S31580E0C440C05090E5930C0CE0F036D2E1F4639FE5C2
S31580E0C450930505E020B090E505308CE0930606E094
S31580E0C460A07090E50630A0E1DC639FE5DC839FE584
S31580E0C4709C3626E0022082E206C0A0E1D0639FE5FA
S31580E0C480040080E2953626E00C5084E00E3066E0CB
S31580E0C49004C06CE010308DE5FE30D2E108C08DE559
S31580E0C4A006C08EE09B0304E00CC08DE5FE32D2E14F
S31580E0C4B05CC090E5DCE090E5930C0CE0FE34D2E1E4
S31580E0C4C090639FE5930707E0FE36D2E1041081E2B0
S31580E0C4D09E0303E003A08CE00C3063E087C6A0E116
S31580E0C4E014C08DE570C39FE5930808E09A0C0CE0D4
S31580E0C4F00CE0A0E114C09DE594E626E008B08CE06F
S31580E0C50058C39FE50B6086E0940C0CE00CC06EE0AF
S31580E0C51014E09DE50BC08CE00EE068E00386A0E1C8
S31580E0C520043063E038B39FE5037067E034339FE51A
S31580E0C5309B0A0AE0940303E02CB39FE50EE068E0F3
S31580E0C54003306AE0940B0BE0068085E00C409DE5C5
S31580E0C550055066E003306EE0C555A0E11C5181E5EB
S31580E0C560035084E0044063E004309DE50771A0E178
S31580E0C570073083E03C3081E504309DE50BA06AE03E
S31580E0C580037067E010309DE50EE08AE00E3083E0D0
S31580E0C590C335A0E1C885A0E1C555A0E1C445A0E1C9
S31580E0C5A0048001E51C5081E5FC4081E5DC7081E595
S31580E0C5B05C3081E510309DE503E06EE008309DE576
S31580E0C5C0CEE5A0E10C3083E0C335A0E17C3081E5A7
S31580E0C5D008309DE5BCE081E503C06CE018309DE560
S31580E0C5E0CCC5A0E1030052E19CC081E57DFFFF1A46
S31580E0C5F00050A0E320208DE21C309DE580119DE572
S31580E0C600053193E7106092E5011083E014308DE503
S31580E0C61028029FE520308DE224C29FE5853293E7AC
S31580E0C620960000E0960C0CE0013983E2103083E25C
S31580E0C6308336A0E100606CE000A083E003406CE01C
S31580E0C640080092E518C092E58660A0E1033066E0D6
S31580E0C650F0E19FE504308DE50C3080E0930E0EE04E
S31580E0C660F4B19FE50E30A0E1DCE19FE5E4719FE562
S31580E0C670903E2EE0146092E50E00A0E1D0E19FE5C9
S31580E0C6808666A0E19C3E2EE004C092E50E30A0E1F5
S31580E0C69000E08AE00A0060E008008DE5030084E0BF
S31580E0C6A0043063E00C008DE510308DE50C0092E5FA
S31580E0C6B01C3092E594419FE5038080E0980B0BE087
S31580E0C6C0003063E094019FE5930404E09C0000E081
S31580E0C6D09CB727E004A086E000006BE00A7087E064
S31580E0C6E00AA080E078019FE5064064E0900808E0D3
S31580E0C6F00306A0E10C3063E08336A0E1044060E00D
S31580E0C700036066E05C019FE55C319FE59C0000E0AC
S31580E0C7109C0303E0000068E0038068E007308EE079
S31580E0C72000C09DE54339A0E1033BA0E1233BDCE784
S31580E0C730000064E014C09DE5044088E080819DE5CA
S31580E0C7400EE067E00830CCE74EE9A0E100309DE5F9
S31580E0C7500EEBA0E12E3BD3E70930C1E50C309DE539
S31580E0C76000C09DE5003083E04339A0E1033BA0E1D2
S31580E0C770233BDCE70130C1E50C309DE5015085E2E5
S31580E0C78003C060E04CC9A0E100309DE50CCBA0E1A0
S31580E0C7902C3BD3E70830C1E504309DE500009DE5FC
S31580E0C7A0063083E04339A0E1033BA0E1233BD0E7B9
S31580E0C7B00230C1E504309DE50A0055E3036066E09A
S31580E0C7C04669A0E1066BA0E1263BD0E70730C1E5EC
S31580E0C7D010309DE5202082E2043083E04339A0E1F9
S31580E0C7E0033BA0E1233BD0E70330C1E510309DE574
S31580E0C7F0034064E04449A0E1044BA0E1243BD0E758
S31580E0C8000630C1E508309DE50A3083E04339A0E192
S31580E0C810033BA0E1233BD0E70430C1E508309DE54A
S31580E0C82003A06AE04AA9A0E10AABA0E12A3BD0E7EF
S31580E0C8300530C1E56FFFFF1A16DE8DE2F08DBDE8AB
S31580E0C8409D240000FC0D00009A1A00007110000083
S31580E0C850E30900005CBAFFFFB32C00006F1E000006
S31580E0C86014070000CF120000532800008C1400004B
S31580E0C870F04D2DE919DE4DE22C308DE5503190E515
S31580E0C88054E091E5101082E228108DE5063D43E202
S31580E0C89030108DE2F060D2E100009EE540709EE5CA
S31580E0C8A090060CE0F002D2E18C66A0E190070CE005
S31580E0C8B080509EE5F004D2E104C08DE590050BE062
S31580E0C8C0C0C09EE5F006D2E1016B86E29C0007E0FF
S31580E0C8D080059FE50BC067E09C0000E078A59FE5BA
S31580E0C8E000C0A0E104009DE5022082E20B4060E00A
S31580E0C8F068059FE504E08EE2940000E0041081E2A2
S31580E0C9000040A0E104009DE5078080E008006BE040
S31580E0C91010008DE510509DE544059FE5956020E08B
S31580E0C92004608CE000008DE5006086E034059FE5DC
S31580E0C9301C509EE59B6020E02C659FE514008DE50C
S31580E0C94000009DE5970626E006008CE018008DE560
S31580E0C95001109DE89A0C2CE010A59FE50C0084E080
S31580E0C9601C008DE500C09DE504059FE504459FE537
S31580E0C97098C020E00080A0E1FC049FE5978020E05D
S31580E0C98020008DE504009DE5940000E0EC449FE501
S31580E0C990940B27E0FE40D2E1070088E024008DE595
S31580E0C9A0940500E05C809EE5FE42D2E108008DE5DC
S31580E0C9B0980400E0FE44D2E19C809EE5337DA0E3CE
S31580E0C9C094080CE0FE46D2E104C08DE5DC609EE58D
S31580E0C9D096040CE008409DE5008084E004409DE5F7
S31580E0C9E0044088E00C4084E0970405E090449FE5AD
S31580E0C9F00C508DE5940806E030009DE984749FE54F
S31580E0CA00054084E097040BE008409DE50C509DE5E9
S31580E0CA100C4084E09A5425E00B4086E0054084E0B3
S31580E0CA2005A0A0E160749FE508509DE50C809DE53A
S31580E0CA30974525E004409DE550749FE5044080E0FD
S31580E0CA40978428E00840A0E144849FE5904827E069
S31580E0CA5040849FE5076086E004709DE5984727E07F
S31580E0CA600C4080E007708BE02CB49FE5940B08E0E7
S31580E0CA7028B49FE5086086E09C8B24E004809DE5F1
S31580E0CA8004A08AE018449FE518B49FE5940808E07E
S31580E0CA90908B24E010049FE59C4028E00C009DE507
S31580E0CAA0088080E018009DE5054080E0005065E064
S31580E0CAB014009DE5C445A0E106C080E0006066E024
S31580E0CAC020009DE5CCC5A0E11CC081E507C080E0E3
S31580E0CAD0000067E0C005A0E1FC0081E51C009DE563
S31580E0CAE0C665A0E10A0080E0C005A0E15C0081E5C2
S31580E0CAF01C009DE51C6181E500A06AE024009DE5BF
S31580E0CB00A8639FE5080080E0C005A0E17C0081E5A0
S31580E0CB1024009DE5C555A0E1008068E010009DE514
S31580E0CB20CCC5A0E1960000E0CAA5A0E10060A0E146
S31580E0CB3000009DE5C885A0E1006066E0C665A0E1ED
S31580E0CB40044001E53C5181E53CC081E5DCA081E51E
S31580E0CB50BC8081E59C6081E528009DE5000052E18E
S31580E0CB604BFFFF1A0080A0E330E08DE22C209DE5AC
S31580E0CB70B0119DE5082192E724208DE501C082E091
S31580E0CB8030208DE210709EE5880292E718209EE5BF
S31580E0CB90C0429FE5071062E0910404E008A09EE5AC
S31580E0CBA00410A0E1B4429FE507506AE0950404E0F2
S31580E0CBB0010980E20450A0E102408AE0046067E077
S31580E0CBC004608DE504B09DE594629FE5100080E207
S31580E0CBD09B0606E0018088E2800686E000008DE51F
S31580E0CBE000609DE5050081E0060080E074629FE5D7
S31580E0CBF00B0058E3970626E000009DE508608DE58A
S31580E0CC0064629FE520E08EE2920626E0061081E0EF
S31580E0CC1044629FE50C108DE59A0626E0061085E0D5
S31580E0CC2010108DE548129FE548529FE5940121E07A
S31580E0CC3014001EE50140A0E13C129FE5336DA0E3C0
S31580E0CC40924121E0950A02E030529FE514108DE58D
S31580E0CC5095272AE004101EE50A2084E018208DE559
S31580E0CC601C201EE5007082E002A0A0E10C201EE5FB
S31580E0CC70025087E0015085E0960502E000529FE58C
S31580E0CC80E8619FE5950704E00C501EE5F4719FE5A9
S31580E0CC9005508AE097050BE001508AE0952627E06B
S31580E0CCA00B5084E01C708DE5075085E0D8719FE5D8
S31580E0CCB0975A2AE00C501EE5D0719FE5055080E03A
S31580E0CCC0972526E0C8519FE5906527E00C501EE544
S31580E0CCD0074084E0BC719FE5976525E005708BE0B1
S31580E0CCE0B4B19FE5015080E09B0506E0ACB19FE5DD
S31580E0CCF0064084E09B6125E00CB01EE5A0619FE5DF
S31580E0CD0020408DE5960B0BE01C409DE50B60A0E195
S31580E0CD1090B19FE5055084E09B6024E088B19FE573
S31580E0CD200460A0E19B6126E0B0119DE5066082E0AB
S31580E0CD300C209DE50AB082E04BB9A0E124209DE578
S31580E0CD400BBBA0E12BBBD3E701B0C2E70C209DE58E
S31580E0CD5002106AE04119A0E1011BA0E1211BD3E7A3
S31580E0CD600A10CCE508209DE520109DE5011082E0C3
S31580E0CD704119A0E1011BA0E1211BD3E70110CCE51D
S31580E0CD8020109DE5020061E04009A0E1000BA0E1F2
S31580E0CD9014209DE5201BD3E70910CCE5071082E03F
S31580E0CDA04119A0E1022067E0011BA0E14229A0E150
S31580E0CDB0211BD3E7022BA0E10210CCE5222BD3E79F
S31580E0CDC00820CCE510209DE5E0009FE5052082E087
S31580E0CDD04229A0E1022BA0E1222BD3E70320CCE578
S31580E0CDE010209DE5025065E04559A0E1055BA0E194
S31580E0CDF0252BD3E70720CCE518209DE5062082E0A9
S31580E0CE004229A0E1022BA0E1222BD3E70420CCE546
S31580E0CE1018209DE5026066E04669A0E1066BA0E128
S31580E0CE20262BD3E70620CCE504209DE5900202E0A0
S31580E0CE300200A0E100209DE5020060E04009A0E15B
S31580E0CE40000BA0E1202BD3E70520CCE546FFFF1AB7
S31580E0CE5019DE8DE2F08DBDE87E51000091CFFFFFB7
S31580E0CE60C90D00006C2B0000B4C5FFFFB543000080
S31580E0CE70B80B000005DBFFFF7DD3FFFFC3E6FFFFB6
S31580E0CE80393E00006A1C00007415000076E2FFFF60
S31580E0CE90C9DAFFFF58420000DAD9FFFF75C6FFFF07
S31580E0CEA0474300000B2000000DD1FFFF16CAFFFFAD
S31580E0CEB0AD580000F04D2DE91BDE4DE22C308DE5BE
S31580E0CEC0503190E5540091E5101082E228108DE50E
S31580E0CED0063D43E230108DE2F050D2E100C090E5AD
S31580E0CEE0F076D2E19C050EE080C090E58E56A0E11A
S31580E0CEF0F0E4D2E1015B85E29E0C04E000C59FE5AB
S31580E0CF00F0E2D2E1940C0CE0404090E50CA085E0A4
S31580E0CF109E0406E0ECE49FE58646A0E1960E0EE0F0
S31580E0CF20C06090E505C06CE0960708E060B090E5EB
S31580E0CF308876A0E1048067E0086085E0055068E0D7
S31580E0CF4014508DE507508EE00EE064E00E7067E0E9
S31580E0CF5007E08CE00CC067E020E08DE524C08DE53D
S31580E0CF6020E090E5F0C1D2E110608DE59E0C04E012
S31580E0CF70F0E3D2E105608AE09B0E0CE0F0E5D2E1D9
S31580E0CF80A0B090E50A5065E004408DE518608DE537
S31580E0CF90E04090E59B0E06E01C508DE5F0E7D2E19F
S31580E0CFA064549FE564B49FE5940E0AE09C0505E031
S31580E0CFB09C0B0BE008C08DE504C09DE550849FE5A1
S31580E0CFC006E08CE04CC49FE50A408EE0940C0CE0D1
S31580E0CFD0022082E29EC828E00CC08DE504C09DE573
S31580E0CFE0057088E08C418CE004E487E028C49FE506
S31580E0CFF00E7064E00A4086E0940C0CE0040080E267
S31580E0D0000BE08CE00C40A0E110C49FE5041081E2C7
S31580E0D01096EC2CE00CE088E00CC09DE500849FE572
S31580E0D0200CC065E098CA25E004C09DE5054084E033
S31580E0D030F0539FE5F0839FE595BC2CE098CA2BE002
S31580E0D0400CC09DE50B508CE004C09DE50CC06AE009
S31580E0D05004C08DE508C09DE5D0A39FE50CB066E0F1
S31580E0D06004C09DE50B808CE0980A06E0C0839FE5CE
S31580E0D070986C2CE0BC839FE59B682AE018609DE570
S31580E0D08007B086E0066067E0C665A0E15C6181E5A1
S31580E0D09010609DE5CBB5A0E10C6086E0C665A0E1B9
S31580E0D0A01C6081E510609DE504B001E506C06CE09A
S31580E0D0B0CCC5A0E13CC181E520C09DE50EC08CE0F9
S31580E0D0C0CCC5A0E13CC081E520C09DE50CE06EE0EA
S31580E0D0D024C09DE5CEE5A0E104C08CE0CCC5A0E10E
S31580E0D0E05CC081E524C09DE51CE181E50C4064E0FF
S31580E0D0F014C09DE5C445A0E10AC08CE0CCC5A0E1A2
S31580E0D1007CC081E514C09DE5FC4081E50C806AE049
S31580E0D1101CC09DE5C885A0E105C08CE0CCC5A0E13A
S31580E0D1209CC081E51CC09DE5DC8081E50C5065E016
S31580E0D13028C09DE5C555A0E10C0052E1BC5081E5D3
S31580E0D14064FFFF1A0080A0E330108DE22C209DE57D
S31580E0D150D0019DE5082192E724208DE5002082E03C
S31580E0D16030008DE288C290E710E091E590029FE57D
S31580E0D17001C98CE29E0000E010C08CE28CC6A0E182
S31580E0D18000708CE00CE060E0084091E5186091E585
S31580E0D19070029FE58666A0E1940000E08446A0E107
S31580E0D1A004A066E00A508CE004508DE5065080E0ED
S31580E0D1B0000064E0006066E006008EE014008DE525
S31580E0D1C00E0066E00CB091E518008DE538029FE52B
S31580E0D1D00CC06AE0900B0BE00CA091E52C029FE579
S31580E0D1E008C08DE505C087E0900A0AE00CC08DE5B1
S31580E0D1F0140091E507C065E0047091E510C08DE507
S31580E0D2001CC091E5000087E008E29FE50C5080E0D5
S31580E0D210950E0EE0874187E00E50A0E1F0E19FE5B4
S31580E0D220018088E2905E2EE00C0058E30B608EE091
S31580E0D230040486E0006064E0140091E51CE08DE57E
S31580E0D2400C4080E0D0019FE514E091E5940000E099
S31580E0D250C8419FE520008DE50A0080E0940E2EE02F
S31580E0D26005406BE00E00A0E11CE09DE5201081E228
S31580E0D27000008EE0A8E19FE59E4C2BE020E09DE556
S31580E0D2800B408EE09CE19FE59EA72BE098E19FE531
S31580E0D2909EBC2AE007C06CE01CC08DE50CE011E581
S31580E0D2A014C011E584B19FE50C706EE01CC09DE56D
S31580E0D2B00A5085E007A08CE09A0B0CE01CE09DE527
S31580E0D2C06CA19FE59ACE2EE068A19FE597CA2BE0F8
S31580E0D2D00CC09DE506708CE04779A0E1077BA0E174
S31580E0D2E024C09DE5277BD3E7D0A19DE50A70CCE7F6
S31580E0D2F00CC09DE50CC066E04CC9A0E10CCBA0E17A
S31580E0D3002CCBD3E70BC0C2E504C09DE50EC08CE014
S31580E0D3104CC9A0E10CCBA0E12CCBD3E701C0C2E5A0
S31580E0D32004C09DE50CE06EE04EE9A0E10EEBA0E1E5
S31580E0D3302ECBD3E70AC0C2E514C09DE500C08CE0E1
S31580E0D3404CC9A0E10CCBA0E12CCBD3E702C0C2E56F
S31580E0D35014C09DE50C0060E04009A0E1000BA0E16F
S31580E0D360200BD3E70900C2E518009DE5040080E0C4
S31580E0D3704009A0E1000BA0E1200BD3E70300C2E562
S31580E0D38018009DE5004064E04449A0E1044BA0E13B
S31580E0D390240BD3E70800C2E508009DE50B0080E09A
S31580E0D3A04009A0E1000BA0E1200BD3E70400C2E531
S31580E0D3B008009DE500A06BE04AA9A0E10AABA0E1E8
S31580E0D3C02A0BD3E70700C2E510009DE5050080E063
S31580E0D3D04009A0E1000BA0E1200BD3E70500C2E500
S31580E0D3E010009DE5005065E04559A0E1055BA0E1B0
S31580E0D3F0250BD3E70600C2E553FFFF1A1BDE8DE25D
S31580E0D400F08DBDE831270000B62B0000CF29000063
S31580E0D410AFEEFFFF5B0800008D1B00008BDEFFFF99
S31580E0D420B0D0FFFFC63200005CEAFFFF8CC0FFFF92
S31580E0D430511100007E180000DFC4FFFFF04D2DE99A
S31580E0D4401EDE4DE23C308DE5503190E554E091E5CD
S31580E0D450101082E238108DE5063D43E240108DE201
S31580E0D460F0C0D2E100009EE5DC869FE59C0004E00A
S31580E0D47040C09EE58406A0E1010B80E214008DE5C4
S31580E0D480F002D2E1C4A69FE59C0004E0F004D2E17C
S31580E0D49080C09EE504408DE5900C06E0C0409EE5A8
S31580E0D4A0F006D2E1022082E294000CE0A0469FE5FD
S31580E0D4B006006CE010008DE50C5086E094069FE552
S31580E0D4C010C09DE514609DE5950404E09C6020E035
S31580E0D4D004C09DE504609DE59C4828E004E08EE27A
S31580E0D4E000C088E018C08DE56CC69FE5041081E237
S31580E0D4F0960C0CE0A26EA0E30CC064E000C08CE069
S31580E0D50010409DE51CC08DE550C69FE5950607E079
S31580E0D510940C2CE048469FE50C00A0E104C09DE514
S31580E0D52040669FE59C0404E0044067E000C084E038
S31580E0D53020C08DE504C09DE504409DE59C7626E00F
S31580E0D54024C69FE5000086E024008DE51C069FE565
S31580E0D5501C669FE5950000E018769FE50050A0E107
S31580E0D56010009DE59C0000E000C0A0E114009DE570
S31580E0D5700CC060E000069FE5900404E0040065E0EE
S31580E0D58000006CE028008DE504009DE59A5020E0DF
S31580E0D5901CA09EE500006CE0FEC0D2E12C008DE58B
S31580E0D5A09A0C00E05C509EE5FEC2D2E108008DE573
S31580E0D5B0950C0BE0FEC4D2E19C009EE5900C04E065
S31580E0D5C0FEC6D2E1DC009EE59C0005E008009DE514
S31580E0D5D00C508DE50BC080E0A0559FE5960C0AE0E7
S31580E0D5E004C080E0950C00E00CC09DE530008DE540
S31580E0D5F008009DE588659FE50C0080E0900707E0E0
S31580E0D60034008DE530009DE578C59FE500808AE0B1
S31580E0D610075088E008009DE56C859FE5985020E0FE
S31580E0D62004508BE00080A0E1960500E09B0C26E0AC
S31580E0D63006608AE054A59FE59A0425E030009DE5E2
S31580E0D6404CA59FE5055080E00C009DE500C08BE091
S31580E0D6509A0C00E03CC59FE50CA09DE5006086E065
S31580E0D6609C0A2AE00C009DE50AA087E028759FE5E4
S31580E0D67000C084E0970C00E020C59FE500708AE05A
S31580E0D680005085E034009DE514A59FE59C0000E010
S31580E0D69008C09DE530008DE59A0C2CE004A59FE559
S31580E0D6A09BCA20E004C06BE000A0A0E1C4049FE533
S31580E0D6B0F4B49FE59C0000E000C0A0E19BC420E0BC
S31580E0D6C00CA08AE00CC09DE5DFBDE0E39B0C2CE07E
S31580E0D6D030009DE50CC080E018009DE508B080E054
S31580E0D6E0008068E020009DE5C885A0E17C8181E539
S31580E0D6F0004066E0068080E01C009DE5C445A0E130
S31580E0D7005C4181E5054080E0005065E028009DE5CC
S31580E0D710C445A0E13C4081E5074080E0000067E049
S31580E0D720C445A0E1C005A0E1CBB5A0E1C885A0E1F4
S31580E0D730C555A0E15C4081E504B001E51C8081E54A
S31580E0D7403C5181E51C0181E52C009DE514409DE579
S31580E0D7500A0080E0C005A0E17C0081E52C009DE523
S31580E0D76000A06AE024009DE5CAA5A0E10C0080E067
S31580E0D770C005A0E19C0081E524009DE5FCA081E553
S31580E0D78000C06CE0CCC5A0E1DCC081E510009DE581
S31580E0D79004C09DE500006CE010C49FE59C4024E059
S31580E0D7A038009DE5C4C5A0E1000052E1BCC081E53A
S31580E0D7B02AFFFF1A0070A0E340E08DE23C209DE561
S31580E0D7C000129DE5072192E730208DE5012082E079
S31580E0D7D040108DE2871291E710009EE5011981E203
S31580E0D7E0101081E28116A0E108108DE518109EE503
S31580E0D7F008C09DE5014080E0001061E050039FE5B0
S31580E0D80050539FE5940000E091C525E004108DE536
S31580E0D81008C09EE530139FE5A26EA0E3910C2CE054
S31580E0D82028A39FE505108CE00C108DE528C39FE5C5
S31580E0D83008109EE50CB09EE59C0101E094060CE0A4
S31580E0D840011060E0051081E004009DE510108DE593
S31580E0D85008139FE508609EE5905121E000039FE56F
S31580E0D8600150A0E108109EE5017087E2900101E099
S31580E0D870F4029FE501106CE0051081E014108DE55F
S31580E0D880E0129FE50D0057E391C626E014C09EE5C1
S31580E0D890051086E018108DE5D0129FE5D8629FE5E9
S31580E0D8A0940101E0C8529FE50140A0E104109DE5A6
S31580E0D8B020E08EE2900101E00100A0E108109DE504
S31580E0D8C0000061E018101EE5960101E0016064E069
S31580E0D8D0061060E01C108DE518101EE594629FE549
S31580E0D8E09A4121E094429FE5011060E01C001EE52C
S31580E0D8F020108DE50B0080E095000AE01C001EE517
S31580E0D90004101EE50C0080E0940005E01C001EE596
S31580E0D91005808AE0010080E0900606E024508DE5EF
S31580E0D920064088E028008DE55C829FE51C001EE5C8
S31580E0D9304C529FE5984020E00C408BE02C008DE532
S31580E0D940950400E03C429FE59B0425E005508AE093
S31580E0D95038A29FE59A0C24E024009DE530A29FE55D
S31580E0D960044080E001008BE09A0008E024029FE515
S31580E0D97008A0A0E191A02AE001008CE00AA086E060
S31580E0D98014629FE5085085E0960008E0080084E090
S31580E0D99008608AE024008DE528A09DE5FC019FE5EE
S31580E0D9A0900A0AE01C001EE50A40A0E1F0A19FE58E
S31580E0D9B09A4020E0ECA19FE59B0A28E0B4A19FE590
S31580E0D9C00C006BE0900A0AE0DCB19FE50A00A0E17A
S31580E0D9D00AA088E09B0C28E0DFBDE0E30800A0E138
S31580E0D9E09B0120E02CC09DE50C109DE5000084E0C5
S31580E0D9F00CB081E04BB9A0E130109DE500C29DE519
S31580E0DA000BBBA0E12BBBD3E70CB0C1E70C109DE5C7
S31580E0DA102CC09DE501C06CE04CC9A0E114109DE5E9
S31580E0DA200CCBA0E12CCBD3E70CC0C2E505C081E0EE
S31580E0DA304CC9A0E1011065E00CCBA0E14119A0E161
S31580E0DA402CCBD3E7011BA0E101C0C2E5211BD3E7C4
S31580E0DA500B10C2E524C09DE510109DE50C1081E019
S31580E0DA604119A0E1011BA0E1211BD3E70210C2E529
S31580E0DA7010109DE501406CE04449A0E1044BA0E133
S31580E0DA80241BD3E70A10C2E51C109DE51CC19FE567
S31580E0DA90061081E04119A0E1011BA0E1211BD3E73B
S31580E0DAA00310C2E51C109DE5016066E04669A0E1D1
S31580E0DAB0066BA0E1261BD3E70910C2E520109DE5A1
S31580E0DAC00A1081E04119A0E1011BA0E1211BD3E707
S31580E0DAD00410C2E520109DE501A06AE04AA9A0E114
S31580E0DAE00AABA0E12A1BD3E70810C2E518109DE532
S31580E0DAF0001081E04119A0E1011BA0E1211BD3E7E1
S31580E0DB000510C2E518109DE5010060E04009A0E13E
S31580E0DB10000BA0E1201BD3E70710C2E518001EE545
S31580E0DB2004109DE5011060E008009DE59C0120E081
S31580E0DB3040C9A0E10CCBA0E12C1BD3E70610C2E5DF
S31580E0DB401DFFFF1A1EDE8DE2F08DBDE8F12B000091
S31580E0DB504BE6FFFFF9240000190300000C100000DB
S31580E0DB607C0C0000E0210000EED7FFFFFE1D0000E8
S31580E0DB70F20D0000502A0000021E00008CFAFFFF22
S31580E0DB803E2500002BF5FFFFCB1A00005BBFFFFFB1
S31580E0DB90B1CDFFFFC2DAFFFF94460000F8EAFFFF4F
S31580E0DBA0D50A0000330A000016F1FFFF4E0C000094
S31580E0DBB0412D0000F04D2DE902DC4DE23C308DE553
S31580E0DBC0503190E5540091E5101082E238108DE5F1
S31580E0DBD0063D43E240108DE2F0E0D2E100C090E500
S31580E0DBE0805090E59E0C04E0F0E4D2E184C6A0E1AA
S31580E0DBF09E0507E040469FE540669FE540569FE5E7
S31580E0DC00970404E0970606E0970505E001CB8CE2F1
S31580E0DC1004808CE0064084E0044065E08440A0E136
S31580E0DC200C4064E006708CE00CE065E0C4C5A0E1E1
S31580E0DC30406090E50CC08DE5F0C2D2E1C0A090E5F1
S31580E0DC409C060BE0F0C6D2E1F8459FE59C0A06E02B
S31580E0DC50F4C59FE506508BE0950C0CE0A0A090E51E
S31580E0DC609BC424E00C50A0E1E0C59FE5022082E25F
S31580E0DC70965C2CE0040080E20C50A0E1D0C59FE5E4
S31580E0DC80041081E2960C0CE0C8659FE59BC626E011
S31580E0DC9006C0A0E1046088E0084064E014408DE5B9
S31580E0DCA0054087E018408DE5074065E01C408DE53E
S31580E0DCB00C408EE00EC06CE01C7090E524C08DE5D3
S31580E0DCC0FEC0D2E15C5090E59C070EE0FEC2D2E158
S31580E0DCD00E70A0E1950C0EE0FEC4D2E104E08DE585
S31580E0DCE09C0A0EE0FEC6D2E108E08DE5DCE090E538
S31580E0DCF020408DE59E0C04E008E09DE504C09DE5AE
S31580E0DD0004A0A0E110608DE58466A0E10E4087E086
S31580E0DD1044E59FE50CC087E09E0C05E03CC59FE5A9
S31580E0DD2007E0A0E19C040BE00B8085E006C088E07C
S31580E0DD302C859FE598CE2EE028C59FE528E08DE5E9
S31580E0DD409C040EE004C09DE50E80A0E107C06CE077
S31580E0DD5014459FE507E0A0E110759FE5948E2EE0DF
S31580E0DD602CC08DE5970C0CE00E40A0E10C7066E0CF
S31580E0DD7007C084E030C08DE500509DE90EE08CE080
S31580E0DD8051CEE0E39E0C04E0E4E49FE504C066E067
S31580E0DD9034C08DE504C09DE534409DE59E4C24E08D
S31580E0DDA008C09DE504E085E034409DE5C4549FE5E8
S31580E0DDB0954C2CE008409DE504509DE50CC08BE039
S31580E0DDC0B4B49FE5045065E0950B04E0AC549FE560
S31580E0DDD006B084E008609DE595B626E0A0549FE510
S31580E0DDE0066088E004809DE504B0A0E195B82BE06C
S31580E0DDF02C509DE508409DE50A5085E005A064E04D
S31580E0DE0028409DE510509DE50AA1A0E1045085E0FB
S31580E0DE10C555A0E1045001E510509DE50B7087E003
S31580E0DE20058064E018509DE5C885A0E10E5085E048
S31580E0DE30C555A0E11C5081E518509DE59C8181E5A2
S31580E0DE4005E06EE0CEE5A0E17CE181E520E09DE5C0
S31580E0DE500CE08EE0CEE5A0E13CE081E520E09DE5CA
S31580E0DE600EC06CE0CCC5A0E15CC181E50CC09DE54F
S31580E0DE700AC08CE05CC081E50CC09DE50CA06AE040
S31580E0DE8024C09DE53CA181E506C08CE0CCC5A0E13F
S31580E0DE907CC081E524C09DE50C6066E01CC09DE504
S31580E0DEA0C665A0E107C08CE0CCC5A0E11C6181E538
S31580E0DEB09CC081E51CC09DE530E09DE50C7067E087
S31580E0DEC014C09DE5C775A0E10EC08CE0CCC5A0E18D
S31580E0DED0BCC081E514C09DE5FC7081E50C406EE038
S31580E0DEE038C09DE5C445A0E10C0052E1DC4081E507
S31580E0DEF038FFFF1A0080A0E340108DE23C209DE5CC
S31580E0DF0020029DE5082192E730208DE5002082E021
S31580E0DF1040008DE210E091E5880290E718C39FE526
S31580E0DF2018439FE518539FE59E0404E09E0C0CE0A1
S31580E0DF309E0505E0010980E2100080E28006A0E10E
S31580E0DF4005E0A0E10C5080E004C08CE00CC06EE0FF
S31580E0DF50047080E08C40A0E100606EE0000064E048
S31580E0DF6008A091E504008DE5180091E5D8C29FE50B
S31580E0DF7000E08AE09E0C0CE0C8429FE50CE0A0E160
S31580E0DF809AC424E0C4C29FE5018088E290EC2CE04C
S31580E0DF900E0058E30CE0A0E1B4C29FE5201081E2D8
S31580E0DFA0900C0CE0AC029FE59AC020E000C0A0E1B6
S31580E0DFB0040085E008008DE5050064E00C008DE551
S31580E0DFC00E0087E010008DE507006EE014008DE519
S31580E0DFD00C0086E01C7011E518008DE506006CE00B
S31580E0DFE014C011E570E29FE50CC087E01C008DE56A
S31580E0DFF00C0011E59E0C05E060C29FE5006087E0BD
S31580E0E0009C060BE0044011E50BA085E08446A0E188
S31580E0E01004C08AE048A29FE597CA2EE044C29FE505
S31580E0E02020E08DE59C060EE03CC29FE50EA0A0E1D7
S31580E0E0309CE72EE00EC0A0E114E011E507E06EE07B
S31580E0E04028729FE524E08DE5970E0EE00E7064E081
S31580E0E05007C08CE028C08DE514C011E500E08CE0B7
S31580E0E06051CEE0E39E0C06E014C011E500E29FE5A8
S31580E0E070066064E09E6C2CE00CE085E0F4519FE560
S31580E0E08090652CE0145011E50CC08BE0E8B19FE57B
S31580E0E090005065E0950B06E0E0519FE504B086E030
S31580E0E0A02C608DE595B026E0D4519FE506608AE048
S31580E0E0B02CB09DE514A011E595BA2BE024509DE5A2
S31580E0E0C00B7087E0055060E0854684E008009DE5BA
S31580E0E0D020509DE5055080E04559A0E1055BA0E133
S31580E0E0E0255BD3E730009DE520A29DE50A50C0E799
S31580E0E0F008009DE520509DE5000065E04009A0E12F
S31580E0E100000BA0E1200BD3E70D00C2E510009DE5F2
S31580E0E1100E0080E04009A0E1000BA0E1200BD3E7F0
S31580E0E1200100C2E510009DE500E06EE04EE9A0E169
S31580E0E1300EEBA0E12E0BD3E70C00C2E518009DE5BF
S31580E0E1400C0080E04009A0E1000BA0E1200BD3E7C2
S31580E0E1500200C2E518009DE500C06CE04CC9A0E174
S31580E0E1600CCBA0E12C0BD3E70B00C2E504009DE5C8
S31580E0E170040080E04009A0E1000BA0E1200BD3E79A
S31580E0E1800300C2E504009DE5004064E04449A0E167
S31580E0E190044BA0E1240BD3E70A00C2E51C009DE511
S31580E0E1A0060080E04009A0E1000BA0E1200BD3E768
S31580E0E1B00400C2E51C009DE5006066E04669A0E1DA
S31580E0E1C0066BA0E1260BD3E70900C2E514009DE5C6
S31580E0E1D0070080E04009A0E1000BA0E1200BD3E737
S31580E0E1E00500C2E514009DE528C09DE5007067E066
S31580E0E1F04779A0E1077BA0E1270BD3E70800C2E5DA
S31580E0E2000C009DE50C0080E04009A0E1000BA0E158
S31580E0E210200BD3E70600C2E50C009DE500006CE02C
S31580E0E2204009A0E1000BA0E1200BD3E70700C2E59F
S31580E0E23031FFFF1A02DC8DE2F08DBDE8C6280000D2
S31580E0E240120A0000371C0000BD08000062230000AF
S31580E0E250FCC8FFFFE1D3FFFFA3130000B72A00004D
S31580E0E26052260000F0DBFFFF141800000BDEFFFFF4
S31580E0E270F20E00006EF2FFFF09B4FFFFF82C0000FB
S31580E0E280E6C9FFFF99150000F04D2DE922DE4DE24B
S31580E0E2903C308DE5503190E5540091E5101082E2F6
S31580E0E2A038108DE5063D43E240108DE2F040D2E144
S31580E0E2B000C090E540A090E59C040EE0F0C2D2E17B
S31580E0E2C08E46A0E19C0A0BE080E090E5F0C4D2E1C6
S31580E0E2D0C05090E59E0C08E0F0E6D2E17C769FE5C2
S31580E0E2E0950E0CE078E69FE59C0707E09C0E0EE035
S31580E0E2F0014B84E20E5084E00EE067E08EE0A0E120
S31580E0E30004C06EE008C08DE50BC068E000C08DE516
S31580E0E310046067E00BC088E000E09DE544869FE509
S31580E0E32044769FE5980E0EE09C0707E03CA69FE5C5
S31580E0E330074085E09B0A0AE00E80A0E1067067E070
S31580E0E3400EE084E0087087E00CE08DE50AE087E087
S31580E0E35010E08DE500709DE514E69FE514469FE5A7
S31580E0E3609E0707E09C0404E007E0A0E1057064E016
S31580E0E370044086E004406EE007706EE004E06AE008
S31580E0E38018E08DE5F0E59FE500B09DE59C0E0EE09A
S31580E0E39020A090E50EC0A0E1B5EEA0E39E0B0BE0D9
S31580E0E3A00C6086E005C06CE00BC08CE00BE086E09C
S31580E0E3B020C08DE58BC0A0E11CE08DE504C08DE535
S31580E0E3C000509DE914708DE50EC08CE024C08DE58B
S31580E0E3D0F0C1D2E1607090E59A0C08E0F0C3D2E13A
S31580E0E3E0E0A090E5970C0EE0F0C5D2E1A07090E554
S31580E0E3F088559FE59C0704E084C59FE5022082E27C
S31580E0E400940C0CE0FE46D2E100C08DE59A0406E06D
S31580E0E410040080E20E7066E0074088E095040AE03A
S31580E0E42060559FE560459FE595A82CE05C559FE5A6
S31580E0E43028C08DE597A52CE054759FE52CC08DE529
S31580E0E440940E0CE000A09DE530C08DE59E070CE0C3
S31580E0E45040E59FE508B066E09EAB2AE034C08DE5F6
S31580E0E46034C59FE500509DE596AC24E034C09DE53B
S31580E0E470041081E204406CE020C59FE598AC2EE074
S31580E0E48030C09DE506A088E00CE08EE0F0C49FE514
S31580E0E4909B0C0CE008B59FE50CC065E09A0B07E0A5
S31580E0E4A000559FE598752AE000509DE50AA065E055
S31580E0E4B030509DE50A8085E0EC549FE596752AE02C
S31580E0E4C000509DE505A08AE034509DE50A7085E020
S31580E0E4D00C509DE504A085E0054064E0C445A0E1DC
S31580E0E4E028509DE5BC4181E51C409DE5CAA5A0E19B
S31580E0E4F0054084E0C445A0E11C4081E51C409DE5E3
S31580E0E50004A001E5046065E024409DE5C665A0E1E0
S31580E0E5100C4084E0C445A0E13C4081E524409DE593
S31580E0E5209C6181E504C06CE0CCC5A0E17CC181E55D
S31580E0E53010C09DE52C409DE508C08CE0CCC5A0E1EF
S31580E0E5405CC081E510C09DE50C8068E020C09DE55B
S31580E0E550C885A0E104C08CE0CCC5A0E17CC081E5A3
S31580E0E56020C09DE55C8181E50C5064E014C09DE5AA
S31580E0E570C555A0E107C08CE0CCC5A0E13C5181E562
S31580E0E5809CC081E514C09DE50C7067E018C09DE5F0
S31580E0E590C775A0E10EC08CE0CCC5A0E1BCC081E52A
S31580E0E5A018C09DE51C7181E50CE06EE0CEE5A0E14A
S31580E0E5B0FCE081E508C09DE504E09DE50CC06EE0E9
S31580E0E5C00CC06EE0CCC5A0E1DCC081E538C09DE53D
S31580E0E5D00C0052E134FFFF1A0050A0E340008DE2C8
S31580E0E5E03C209DE540129DE5052192E734208DE5AE
S31580E0E5F0012082E040108DE2184090E5857291E737
S31580E0E6005C139FE554839FE5940101E0940808E05C
S31580E0E610017987E2107087E28776A0E10140A0E188
S31580E0E620046087E0044068E08440A0E108E090E58B
S31580E0E63010C090E5074064E0071068E004408DE58F
S31580E0E64024739FE524439FE50EA06CE014839FE549
S31580E0E6500EC08CE09C0707E09E0404E09A0808E080
S31580E0E66004E0A0E1074086E0017067E0084084E0CE
S31580E0E670087087E008408DE50E4087E00C408DE528
S31580E0E680F0429FE5E8829FE59C0404E09A0808E072
S31580E0E690067064E0044081E0044068E004E06EE0F7
S31580E0E6A014E08DE5D0E29FE5077068E09C0E0EE011
S31580E0E6B01C4090E50EC0A0E1B5EEA0E39E0A0BE01B
S31580E0E6C00C1081E00B1081E006C06CE018108DE53F
S31580E0E6D00B108CE01C108DE58B10A0E100108DE511
S31580E0E6E002109DE80CB090E594E29FE510708DE510
S31580E0E6F0147090E50C1081E004C090E520108DE563
S31580E0E70078629FE59E0701E00B7064E007408CE04D
S31580E0E71096040AE06C629FE570829FE59CA624E001
S31580E0E7201C6090E524408DE598A724E058829FE51B
S31580E0E73028408DE59B0804E054729FE50480A0E1C3
S31580E0E7409B0704E04CA29FE52C408DE51C4090E5BC
S31580E0E750015085E20C4064E004B0A0E19A1B2BE016
S31580E0E7600470A0E130429FE50F0055E394B626E0C1
S31580E0E770200080E20640A0E12C609DE5044066E052
S31580E0E78018629FE59CB62AE014B29FE508608AE0AD
S31580E0E79030608DE50760A0E19E0606E004729FE5A5
S31580E0E7A006E061E0046010E506A08CE09A0B06E0E6
S31580E0E7B09C672AE004C010E50AA061E00A8088E050
S31580E0E7C0E4A19FE59A6C2CE001A08CE02C109DE5FD
S31580E0E7D00A7081E008109DE540C29DE504A081E0D5
S31580E0E7E04AA9A0E134109DE50AABA0E12AABD3E7C4
S31580E0E7F00CA0C1E708109DE524C09DE5014064E0DA
S31580E0E8004449A0E118109DE5044BA0E1244BD3E7F1
S31580E0E8100E40C2E50C4081E04449A0E101106CE085
S31580E0E820044BA0E14119A0E1244BD3E7011BA0E111
S31580E0E8300140C2E5211BD3E70D10C2E520109DE51E
S31580E0E8400E1081E04119A0E1011BA0E1211BD3E775
S31580E0E8500210C2E520109DE501C06EE04CC9A0E142
S31580E0E8600CCBA0E12C1BD3E70C10C2E50C109DE588
S31580E0E87028C09DE5081081E04119A0E1011BA0E1D7
S31580E0E880211BD3E70310C2E50C109DE5018068E00B
S31580E0E8904889A0E1088BA0E1281BD3E70B10C2E5ED
S31580E0E8A01C109DE50C1081E04119A0E1011BA0E15F
S31580E0E8B0211BD3E70410C2E51C109DE501106CE036
S31580E0E8C04119A0E1011BA0E1211BD3E70A10C2E5B3
S31580E0E8D010109DE530C09DE5071081E04119A0E16B
S31580E0E8E0011BA0E1211BD3E70510C2E510109DE5D1
S31580E0E8F0017067E04779A0E1077BA0E1271BD3E7BA
S31580E0E9000910C2E514109DE50C1081E04119A0E1E3
S31580E0E910011BA0E1211BD3E70610C2E514109DE59B
S31580E0E92001A06CE04AA9A0E10AABA0E12A1BD3E7EB
S31580E0E9300810C2E500C09DE504109DE501106CE07D
S31580E0E94001106CE04119A0E1011BA0E1211BD3E796
S31580E0E9500710C2E521FFFF1A22DE8DE2F08DBDE8C9
S31580E0E960FC0D00009D24000076010000CE2A000008
S31580E0E970132E0000C70C0000821100004C19000025
S31580E0E9809A1A0000312700007110000066E5FFFF4B
S31580E0E9905CBAFFFFF6D4FFFF022D0000A34E000015
S31580E0E9A067DCFFFF68120000390F00002FE4FFFFED
S31580E0E9B0F04D2DE909DD4DE23C308DE5503190E5B5
S31580E0E9C0541091E5063D43E200308DE5103082E259
S31580E0E9D038308DE540308DE2F0C0D2E1000091E53F
S31580E0E9E0C8779FE5900C0EE0F004D2E18EC6A0E1F8
S31580E0E9F001EB8CE280C091E5406091E5900C04E00B
S31580E0EA00ACC79FE5940707E0940C0CE007508EE0D6
S31580E0EA100C008EE00E7067E00EC06CE0F0E2D2E1B2
S31580E0EA2090B79FE59E0604E0F0E6D2E104408DE5EE
S31580E0EA30C04091E580A79FE59E0406E004E09DE561
S31580E0EA400640A0E10E8066E070E79FE5980B0BE05C
S31580E0EA50980E0EE008608DE50E80A0E160E79FE508
S31580E0EA6060679FE59E8424E0022082E204E0A0E1E4
S31580E0EA7004409DE5041081E29AB424E0043083E208
S31580E0EA8004A0A0E104409DE5968424E008809DE50D
S31580E0EA900460A0E130479FE594B828E05CB091E55A
S31580E0EAA00840A0E10E8085E005E06EE00CE08DE5B3
S31580E0EAB00AE080E000006AE014008DE506008CE064
S31580E0EAC018008DE50C0066E01C008DE5040087E00B
S31580E0EAD020008DE5070064E010E08DE524008DE5FB
S31580E0EAE01CE091E5FE00D2E1E0469FE5900E0CE069
S31580E0EAF0FE02D2E104C08DE59B000AE0FE04D2E18D
S31580E0EB009CB091E508808DE59B0006E0FE06D2E1AB
S31580E0EB10DCB091E5B8869FE59B0007E006008CE0D7
S31580E0EB200AC08CE09C040EE0A8C69FE50E40A0E1FA
S31580E0EB30900C0EE004C09DE528E08DE507508CE062
S31580E0EB4095080CE090B69FE52CC08DE504C09DE568
S31580E0EB500C5067E09B050CE080569FE530C08DE564
S31580E0EB6095000BE004009DE574C69FE500006AE031
S31580E0EB70900C0CE00E0084E00C80A0E12CC09DE5BA
S31580E0EB8060569FE50C0080E004C09DE547EEA0E37B
S31580E0EB90950C2CE030009DE534C08DE50B0080E0DF
S31580E0EBA004C09DE540569FE5080080E0950C2CE08A
S31580E0EBB006008AE004C08DE59E000CE02C069FE509
S31580E0EBC09AC02EE00E4084E024E69FE59EC620E0D3
S31580E0EBD028C09DE51CE69FE500C08CE006006AE063
S31580E0EBE09E0005E010069FE528508DE50CE69FE542
S31580E0EBF0965025E028009DE505508BE09E0A20E0B2
S31580E0EC0007E08AE0F8A59FE5000088E00E80A0E1B5
S31580E0EC109A0808E0ECA59FE50EB0A0E1978A2EE081
S31580E0EC20084084E02C809DE5DCA59FE50E8088E0A9
S31580E0EC30D8E59FE59E0B0BE097BA2EE030A09DE5E8
S31580E0EC400B0080E00EE08AE0C4A59FE528E08DE534
S31580E0EC5007E086E09A0E0BE00BE088E00BC08CE0E4
S31580E0EC6007B066E078659FE534809DE59B0606E023
S31580E0EC7006B0A0E128609DE50B5085E00B7086E04C
S31580E0EC8008609DE508A086E0066068E0C665A0E1CC
S31580E0EC90DC6183E510609DE5CAA5A0E1046086E0BD
S31580E0ECA0C665A0E11C6083E510609DE504A003E5F0
S31580E0ECB0064064E0C445A0E1BC4183E518409DE59B
S31580E0ECC00C4084E0C445A0E13C4083E518409DE5E6
S31580E0ECD004C06CE0CCC5A0E19CC183E520C09DE585
S31580E0ECE00EC08CE0CCC5A0E15CC083E520C09DE58C
S31580E0ECF00CE06EE024C09DE5CEE5A0E107C08CE0A7
S31580E0ED00CCC5A0E17CE183E57CC083E524C09DE5BC
S31580E0ED100C7067E01CC09DE5C775A0E105C08CE07E
S31580E0ED20CCC5A0E19CC083E51CC09DE55C7183E514
S31580E0ED300C5065E014C09DE5C555A0E100C08CE0AF
S31580E0ED40CCC5A0E1BCC083E514C09DE53C5183E51C
S31580E0ED500C0060E0C005A0E11C0183E504C09DE5F0
S31580E0ED600C009DE50C0080E0C005A0E1DC0083E5B9
S31580E0ED700C009DE500506CE038009DE5C555A0E1AE
S31580E0ED80000052E1FC5083E512FFFF1A00B0A0E3D9
S31580E0ED9040208DE23C309DE560129DE50B3193E7A6
S31580E0EDA038308DE5013083E040108DE28B5291E77B
S31580E0EDB0FC139FE5015985E2105085E28506A0E1C6
S31580E0EDC0105092E5E4639FE5950101E0950606E043
S31580E0EDD008A092E5188092E50150A0E106C080E0A7
S31580E0EDE0005065E0006066E0011080E0CC039FE5BE
S31580E0EDF00A4068E0940000E0B8E39FE504108DE502
S31580E0EE00C0139FE5940E0EE00040A0E19A4121E018
S31580E0EE10AC039FE5A0739FE5984020E00140A0E128
S31580E0EE20A4139FE59AE727E098E121E00C8092E53C
S31580E0EE3001E0A0E100108CE008108DE50C1060E0A8
S31580E0EE400C108DE504109DE504C092E5071081E085
S31580E0EE5010108DE504109DE508008CE0011067E058
S31580E0EE6004108DE5041085E014108DE5051064E04E
S31580E0EE7018108DE50E1086E01C108DE506106EE00C
S31580E0EE8048E39FE520108DE5900E04E0141092E5AE
S31580E0EE9040039FE501108CE024408DE5900104E07D
S31580E0EEA01C0092E528739FE500008CE090070EE059
S31580E0EEB01C0092E520639FE50C0060E028E08DE58C
S31580E0EEC090060EE014039FE52CE08DE590010AE0C4
S31580E0EED00C039FE50C1068E0910000E024109DE5AE
S31580E0EEE00060A0E1045081E028109DE501B08BE24E
S31580E0EEF0011085E0EC529FE510005BE39C1520E075
S31580E0EF000A108EE030008DE5DC029FE5061081E098
S31580E0EF10901C2EE0141092E5470EA0E3011088E0E5
S31580E0EF2090010CE0C4129FE534E08DE598C120E0C5
S31580E0EF3024109DE5202082E200E081E00C1012E5BD
S31580E0EF40AC029FE590C121E0A8C29FE5010084E084
S31580E0EF500C1012E5A0429FE5011068E09C0105E0F7
S31580E0EF600C1012E594C29FE5945121E001408AE0BD
S31580E0EF709C5821E004C012E5011086E00C6088E030
S31580E0EF807C829FE5045012E5960807E074C29FE50F
S31580E0EF9007E08EE09C7525E074829FE505C0A0E1E0
S31580E0EFA028509DE50C7085E060C29FE5045012E52F
S31580E0EFB09C060AE050C29FE50A1081E09CA525E008
S31580E0EFC005C0A0E12C509DE50C6085E0045012E57B
S31580E0EFD00CC012E505C08CE0980C05E060829DE5EA
S31580E0EFE005C087E0050080E00C7012E5045012E56C
S31580E0EFF005A067E0E8519FE530709DE59A0505E05C
S31580E0F000056086E0054084E008509DE5077085E070
S31580E0F0104779A0E100509DE5077BA0E1277BD5E716
S31580E0F02038509DE50870C5E730709DE508509DE550
S31580E0F030055067E04559A0E100709DE5055BA0E1DC
S31580E0F040255BD7E70F50C3E510509DE50E5085E070
S31580E0F0504559A0E1055BA0E1255BD7E70150C3E513
S31580E0F06010509DE505E06EE04EE9A0E10EEBA0E1F3
S31580E0F0702EEBD7E70EE0C3E514E09DE500E08EE0F9
S31580E0F0804EE9A0E10EEBA0E12EEBD7E702E0C3E587
S31580E0F09014E09DE50E0060E04009A0E1000BA0E1F0
S31580E0F0A0200BD7E70D00C3E51C009DE507E0A0E156
S31580E0F0B00C0080E04009A0E1000BA0E1200BD7E73F
S31580E0F0C00300C3E51C009DE500C06CE04CC9A0E1EF
S31580E0F0D00CCBA0E12C0BD7E70C00C3E520009DE527
S31580E0F0E0060080E04009A0E1000BA0E1200BD7E715
S31580E0F0F00400C3E520009DE5006066E04669A0E186
S31580E0F100066BA0E1260BD7E70B00C3E518009DE56B
S31580E0F110040080E04009A0E1000BA0E1200BD7E7E6
S31580E0F1200500C3E518009DE5004064E04449A0E1A0
S31580E0F130044BA0E1240BD7E70A00C3E504009DE574
S31580E0F140010080E04009A0E1000BA0E1200BD7E7B9
S31580E0F1500600C3E504009DE5001061E04119A0E1E9
S31580E0F160011BA0E1211BD7E70910C3E534009DE52B
S31580E0F1700C109DE5001081E04119A0E1011BA0E1A2
S31580E0F180211BD7E70710C3E534009DE50C109DE50C
S31580E0F190010060E04009A0E1000BA0E1201BD7E779
S31580E0F1A00810C3E5FAFEFF1A09DD8DE2F08DBDE8B1
S31580E0F1B0CF29000051110000D4080000CD1C0000CA
S31580E0F1C0632C000003520000C2ECFFFFB0EFFFFFAC
S31580E0F1D04E2B0000FC220000E9270000B61C000050
S31580E0F1E055150000230D0000D6B6FFFF42C5FFFF90
S31580E0F1F04D020000FADBFFFF092D00007AE7FFFFF2
S31580E0F2001A3F0000ABEAFFFF182200008564000089
S31580E0F21017D8FFFFB2D4FFFFF04D2DE952DF4DE264
S31580E0F22044308DE5503190E5541091E5063D43E25A
S31580E0F23004308DE50830A0E308308DE548308DE276
S31580E0F240B061D2E1F0E4D2E1000056E3F0C0D2E171
S31580E0F2501C00001AF002D2E1000050E31900001A07
S31580E0F260F003D2E1000050E31600001A00005EE3EE
S31580E0F2701400001AF005D2E1000050E31100001AF4
S31580E0F280F006D2E1000050E30E00001AF007D2E16A
S31580E0F290000050E30B00001A000091E59C000EE0B0
S31580E0F2A00E01A0E1000083E5200083E5400083E5D0
S31580E0F2B0600083E5800083E5A00083E5C00083E508
S31580E0F2C0E00083E56C0000EA000091E5C0A091E5EE
S31580E0F2D09C0004E080C091E58406A0E19C0E0BE0F2
S31580E0F2E0404091E5F0C2D2E18BB6A0E1940C05E016
S31580E0F2F0F046D2E1010B80E20BE080E000006BE0BB
S31580E0F3009A040BE090459FE50BA085E09A0404E023
S31580E0F31088A59FE588C59FE59B4A2AE0954C2CE029
S31580E0F3200A4080E000006AE00C508EE018008DE52F
S31580E0F3300EC06CE0F007D2E1E0E091E514C08DE527
S31580E0F340900E0CE0A0A091E5F005D2E10CC08DE531
S31580E0F350607091E5900A0CE020B091E5F003D2E18F
S31580E0F3600668A0E14668A0E190070AE0960B07E010
S31580E0F3700C009DE52CE59FE50A8080E007008CE0A7
S31580E0F38010C08DE500C088E09C0E0EE00CB09DE5D7
S31580E0F3900EC0A0E110E59FE598CE2EE00E80A0E1BC
S31580E0F3A008E59FE590CE2EE00CC09DE50E00A0E13D
S31580E0F3B007608CE0F8C49FE5F8E49FE5960C0CE0E6
S31580E0F3C00C60A0E108C08CE09ECB2BE0E8C49FE512
S31580E0F3D0006086E00BE0A0E19C672BE010C09DE535
S31580E0F3E00CB08DE5D4B49FE50AC08CE09B0C06E0BA
S31580E0F3F010709DE508C086E0C4B49FE5C4849FE5AF
S31580E0F400000086E09B0727E098CA20E00CC09DE5D7
S31580E0F4100CA085E005606CE004C060E0005084E00C
S31580E0F42018009DE5CC85A0E107C080E0000067E09C
S31580E0F430C005A0E1A00083E514009DE5CAA5A0E192
S31580E0F4400E0080E0C005A0E1C665A0E1C555A0E15B
S31580E0F450CCC5A0E100A083E5E06083E5205083E5AC
S31580E0F460C08083E540C083E5600083E514009DE5C8
S31580E0F47000E06EE0CEE5A0E180E083E508009DE572
S31580E0F480043083E2010050E2022082E2041081E24D
S31580E0F49008008DE569FFFF1A48208DE208109DE59A
S31580E0F4A044309DE548008DE2013193E768119DE5A2
S31580E0F4B040308DE5013083E008109DE508649FE5E6
S31580E0F4C0815290E7D0139FE5015985E2105085E29D
S31580E0F4D08506A0E1105092E508A092E5950101E04D
S31580E0F4E0950606E0188092E50150A0E106C080E02E
S31580E0F4F0005065E0006066E0011080E0CC039FE5A7
S31580E0F5000A4068E0940000E0C4E39FE5C4739FE5A9
S31580E0F510940E0EE00040A0E1BC039FE5BCB39FE5FE
S31580E0F520984020E09AE727E09A4B2BE0B0A39FE54E
S31580E0F530202082E298EA2AE000808CE00C0060E0FD
S31580E0F5400C808DE51CC012E5148012E510008DE577
S31580E0F550070081E0011067E018108DE584E39FE500
S31580E0F5600B1085E014008DE51C108DE508008CE01D
S31580E0F57005106BE0900E04E00CB012E520108DE5EE
S31580E0F5800A1086E024108DE55C039FE506106AE0AC
S31580E0F59028108DE50B108CE02C408DE5900104E081
S31580E0F5A0040012E544739FE500008CE090070EE0CE
S31580E0F5B0040012E538639FE50C0060E030E08DE5FD
S31580E0F5C090060EE02C039FE534E08DE590010AE09D
S31580E0F5D024039FE50C1068E0910000E02C109DE587
S31580E0F5E00060A0E1045081E030109DE5011085E0E7
S31580E0F5F008539FE59C1520E00A108EE038008DE5E3
S31580E0F600FC029FE5061081E0901C2EE00B1088E05E
S31580E0F610470EA0E390010CE0E8129FE53CE08DE523
S31580E0F62098C120E02C109DE500E081E0D8129FE5AE
S31580E0F6309BC120E0D4C29FE50B1068E09C0105E009
S31580E0F640CC129FE5CCC29FE5000084E09B5124E08C
S31580E0F6509C5821E004C012E5011086E00C6088E049
S31580E0F660B4829FE5045012E5960807E0ACC29FE5B8
S31580E0F67007E08EE09C7525E004408AE005C0A0E1C5
S31580E0F68030509DE598829FE50C7085E094C29FE5B9
S31580E0F690045012E59C060AE08CC29FE50A1081E0E0
S31580E0F6A09CA525E005C0A0E134509DE50C6085E091
S31580E0F6B004C012E50CC08BE0980C05E068819DE5FE
S31580E0F6C005C087E0050080E0045012E538709DE5CE
S31580E0F6D005A06BE020529FE59A0505E0056086E08F
S31580E0F6E0054084E00C509DE5077085E04779A0E110
S31580E0F6F004509DE5077BA0E1277BD5E740509DE55B
S31580E0F7000870C5E738709DE50C509DE5055067E0CB
S31580E0F7104559A0E104709DE5055BA0E1255BD7E74F
S31580E0F7200F50C3E514509DE50E5085E04559A0E1A4
S31580E0F730055BA0E1255BD7E70150C3E514509DE565
S31580E0F74005E06EE04EE9A0E10EEBA0E12EEBD7E717
S31580E0F7500EE0C3E51CE09DE500E08EE04EE9A0E129
S31580E0F7600EEBA0E12EEBD7E702E0C3E51CE09DE5DA
S31580E0F7700E0060E04009A0E1000BA0E1200BD7E796
S31580E0F7800D00C3E524009DE507E0A0E10C0080E0E4
S31580E0F7904009A0E1000BA0E1200BD7E70300C3E519
S31580E0F7A024009DE500C06CE04CC9A0E10CCBA0E153
S31580E0F7B02C0BD7E70C00C3E528009DE5060080E02A
S31580E0F7C04009A0E1000BA0E1200BD7E70400C3E5E8
S31580E0F7D028009DE5006066E04669A0E1066BA0E151
S31580E0F7E0260BD7E70B00C3E520009DE5040080E00B
S31580E0F7F04009A0E1000BA0E1200BD7E70500C3E5B7
S31580E0F80020009DE5004064E04449A0E1044BA0E18E
S31580E0F810240BD7E70A00C3E518009DE5010080E0E8
S31580E0F8204009A0E1000BA0E1200BD7E70600C3E585
S31580E0F83018009DE5001061E04119A0E1011BA0E1FF
S31580E0F840211BD7E70910C3E53C009DE510109DE537
S31580E0F850001081E04119A0E1011BA0E1211BD7E75F
S31580E0F8600710C3E53C009DE510109DE5010060E0D2
S31580E0F8704009A0E1000BA0E1201BD7E70810C3E513
S31580E0F88008309DE5013083E2080053E308308DE5DA
S31580E0F89001FFFF1A52DF8DE2F08DBDE851110000C5
S31580E0F8A0DFC4FFFF7E180000A12500003BC1FFFFFB
S31580E0F8B084F3FFFF33E3FFFF8E0900000B30000087
S31580E0F8C0FDADFFFFB341000054620000CF29000088
S31580E0F8D0632C0000D4080000CD1C00000352000019
S31580E0F8E0C2ECFFFFB0EFFFFF4E2B0000E9270000E0
S31580E0F8F0FC220000B61C000055150000230D000018
S31580E0F900D6B6FFFF42C5FFFF4D020000FADBFFFFE0
S31580E0F910092D00007AE7FFFF1A3F0000ABEAFFFF00
S31580E0F92018220000B2D4FFFF17D8FFFF85640000DD
S31580E0F930F04D2DE946DF4DE230308DE5503190E5F2
S31580E0F940546091E5063D43E2101082E238508DE244
S31580E0F95014108DE5F000D2E1001096E540E096E5E2
S31580E0F96090010CE0800096E58C16A0E1011B81E217
S31580E0F97000108DE5F012D2E1C04096E5910E0BE0E5
S31580E0F980F014D2E1C8849FE590010AE0F016D2E156
S31580E0F990C0749FE5910400E00B106AE00040A0E1AE
S31580E0F9A00A0060E0900808E0910707E000109DE516
S31580E0F9B007C088E001C08CE09C149FE500E09DE5EF
S31580E0F9C09AC121E0022082E201C0A0E104108BE02E
S31580E0F9D00C108DE50C009DE580149FE5046086E2C1
S31580E0F9E090E121E09FEFE0E30400A0E19E1020E0BB
S31580E0F9F06CE49FE51C4096E59B1E2EE0000088E0C7
S31580E0FA000E1087E0FEE0D2E110108DE59E0401E065
S31580E0FA105C7096E5FEE2D2E104108DE5970E04E097
S31580E0FA209C1096E5FE74D2E138849FE597010EE05E
S31580E0FA3004109DE508E08DE5047081E0970808E014
S31580E0FA40017064E020149FE50EE084E0970101E018
S31580E0FA50045085E208B061E0017088E00C149FE50F
S31580E0FA600C849FE59E0101E0017087E001E0A0E162
S31580E0FA7012009DE9044081E0F8139FE5940101E0DE
S31580E0FA8008409DE501B08BE0981424E010109DE5D8
S31580E0FA9004E08EE00B4080E000006BE0C005A0E172
S31580E0FAA0BC0085E507008CE0C005A0E11C0085E58B
S31580E0FAB00CC067E00E0081E001E06EE0CCC5A0E11D
S31580E0FAC0C005A0E1C445A0E1CEE5A0E19CC085E506
S31580E0FAD03C0085E5044005E57CE085E50C109DE588
S31580E0FAE094039FE500C09DE50A1061E090C12CE09B
S31580E0FAF0CC15A0E15C1085E514109DE5010052E18E
S31580E0FB0093FFFF1A6C239FE50080A0E338108DE217
S31580E0FB1034208DE530209DE538019DE5082192E78A
S31580E0FB202C208DE5002082E038008DE210E091E522
S31580E0FB30880290E724C39FE518439FE510539FE52D
S31580E0FB409E0404E09E0C0CE09E0505E0010980E23F
S31580E0FB50100080E28006A0E105E0A0E10C5080E0A4
S31580E0FB6004C08CE00CC06EE0047080E08C40A0E1C4
S31580E0FB7000606EE0000064E008A091E500008DE59D
S31580E0FB80180091E5F4C29FE500E08AE09E0C0CE067
S31580E0FB90EC429FE50CE0A0E19AC424E0E4C29FE554
S31580E0FBA0018088E290EC2CE0070058E30CE0A0E1CD
S31580E0FBB0B8C29FE5201081E2900C0CE034009DE510
S31580E0FBC09AC020E000C0A0E1040085E004008DE555
S31580E0FBD0050064E008008DE50E0087E00C008DE509
S31580E0FBE007006EE010008DE50C0086E01C7011E5E4
S31580E0FBF014008DE506006CE014C011E588E29FE50F
S31580E0FC000CC087E018008DE50C0011E59E0C05E040
S31580E0FC1078C29FE5006087E09C060BE0044011E532
S31580E0FC200BA085E08446A0E104C08AE060A29FE55F
S31580E0FC3097CA2EE05CC29FE51CE08DE59C060EE04F
S31580E0FC4054C29FE50EA0A0E19CE72EE00EC0A0E1A5
S31580E0FC5014E011E507E06EE040729FE520E08DE577
S31580E0FC60970E0EE00E7064E007C08CE024C08DE550
S31580E0FC7014C011E500E08CE051CEE0E39E0C06E096
S31580E0FC8014C011E518E29FE5066064E09E6C2CE006
S31580E0FC900CE085E00C529FE590652CE0145011E570
S31580E0FCA00CC08BE000B29FE5005065E0950B06E066
S31580E0FCB0F8519FE504B086E028608DE595B026E0B2
S31580E0FCC0EC519FE506608AE028B09DE514A011E539
S31580E0FCD095BA2BE020509DE50B7087E0055060E0FB
S31580E0FCE0854684E004009DE51C509DE5055080E056
S31580E0FCF04559A0E1055BA0E1255BD3E72C009DE5B6
S31580E0FD0038A19DE50A50C0E704009DE51C509DE5BD
S31580E0FD10000065E04009A0E1000BA0E1200BD3E7FD
S31580E0FD200D00C2E50C009DE50E0080E04009A0E1F3
S31580E0FD30000BA0E1200BD3E70100C2E50C009DE5B6
S31580E0FD4000E06EE04EE9A0E10EEBA0E12E0BD3E7FA
S31580E0FD500C00C2E514009DE50C0080E04009A0E1BE
S31580E0FD60000BA0E1200BD3E70200C2E514009DE57D
S31580E0FD7000C06CE04CC9A0E10CCBA0E12C0BD3E732
S31580E0FD800B00C2E500009DE5040080E04009A0E1AB
S31580E0FD90000BA0E1200BD3E70300C2E500009DE560
S31580E0FDA0004064E04449A0E1044BA0E1240BD3E7A2
S31580E0FDB00A00C2E518009DE5060080E04009A0E162
S31580E0FDC0000BA0E1200BD3E70400C2E518009DE517
S31580E0FDD0006066E04669A0E1066BA0E1260BD3E70A
S31580E0FDE00900C2E510009DE5070080E04009A0E13A
S31580E0FDF0000BA0E1200BD3E70500C2E510009DE5EE
S31580E0FE0024C09DE5007067E04779A0E1077BA0E12B
S31580E0FE10270BD3E70800C2E508009DE50C0080E0EB
S31580E0FE204009A0E1000BA0E1200BD3E70600C2E584
S31580E0FE3008009DE500006CE04009A0E1000BA0E130
S31580E0FE40200BD3E70700C2E531FFFF1A46DF8DE2DC
S31580E0FE50F08DBDE8371C0000120A000015C5FFFFD3
S31580E0FE60C6280000F1B0FFFFEF1D0000730500001B
S31580E0FE70E1D3FFFFDE3B0000A3130000412D00002D
S31580E0FE8062230000BD080000FCC8FFFFB72A00001F
S31580E0FE9052260000F0DBFFFF141800000BDEFFFFA8
S31580E0FEA0F20E00006EF2FFFF09B4FFFFF82C0000AF
S31580E0FEB0E6C9FFFF99150000500190E5F04D2DE968
S31580E0FEC0544091E5E8D04DE224308DE5060D40E2E0
S31580E0FED0103082E228E08DE208308DE5F010D2E144
S31580E0FEE0003094E5608094E593010CE0803094E501
S31580E0FEF08C16A0E1F0C4D2E1011B81E29C0305E00F
S31580E0FF00A4C39FE5022082E2950C0CE0044084E2E3
S31580E0FF1001306CE00C5081E003306CE03C1094E5FD
S31580E0FF20FEC1D2E1C335A0E19C0106E07C139FE5EA
S31580E0FF3004E08EE2960101E0016085E005C061E0C3
S31580E0FF40FE10D2E11C5094E5950107E0FE52D2E125
S31580E0FF5000708DE5950801E09C7094E5FE54D2E151
S31580E0FF6004108DE5950708E000109DE5085081E0D6
S31580E0FF703C139FE5950101E00150A0E182009DE8F8
S31580E0FF8007A081E000109DE58AA685E0011067E084
S31580E0FF9008B067E0017068E00A1086E08B5685E07D
S31580E0FFA00771A0E1C115A0E104100EE5071083E01A
S31580E0FFB0037067E005308CE0C335A0E13C308EE528
S31580E0FFC008309DE506606AE00C5065E0C665A0E114
S31580E0FFD0C555A0E1030052E19C608EE51C108EE5DC
S31580E0FFE07C708EE55C508EE5BBFFFF1A0080A0E357
S31580E0FFF028208DE224309DE508119DE5083193E7C0
S31580E1000020308DE5013083E028108DE288C291E7CA
S31580E1001010E092E594129FE501C98CE29E0101E030
S31580E1002010C08CE28CC6A0E101708CE00CE061E04E
S31580E10030084092E5186092E578129FE58666A0E130
S31580E10040940101E08446A0E104A066E00A508CE0D8
S31580E1005000508DE5065081E0011064E0016066E0C4
S31580E1006006108EE010108DE50E1066E00CB092E57C
S31580E1007014108DE540129FE50CC06AE0910B0BE010
S31580E100800CA092E534129FE504C08DE505C087E0BA
S31580E10090910A0AE008C08DE5141092E507C065E093
S31580E100A0047092E50CC08DE51CC092E5011087E0F5
S31580E100B00CE29FE50C5081E0950E0EE0874187E0EA
S31580E100C00E50A0E1FCE19FE5018088E2915E2EE0A1
S31580E100D0060058E30B608EE0041486E0016064E07C
S31580E100E0141092E518E08DE50C4081E0D8119FE58A
S31580E100F014E092E5940101E0D0419FE51C108DE585
S31580E101000A1081E0941E2EE005406BE00E10A0E11E
S31580E1011018E09DE5202082E201108EE0B0E19FE5C6
S31580E101209E4C2BE01CE09DE50B408EE0A4E19FE533
S31580E101309EA72BE0A0E19FE59EBC2AE007C06CE08C
S31580E1014018C08DE50CE012E514C012E58CB19FE58F
S31580E101500C706EE018C09DE50A5085E007A08CE042
S31580E101609A0B0CE018E09DE574A19FE59ACE2EE00E
S31580E1017070A19FE597CA2BE008C09DE506708CE0EB
S31580E101804779A0E1077BA0E120C09DE5277BD0E709
S31580E1019008A19DE50A70CCE708C09DE50CC066E044
S31580E101A04CC9A0E10CCBA0E12CCBD0E70BC0C3E5D9
S31580E101B000C09DE50EC08CE04CC9A0E10CCBA0E16E
S31580E101C02CCBD0E701C0C3E500C09DE50CE06EE035
S31580E101D04EE9A0E10EEBA0E12ECBD0E70AC0C3E564
S31580E101E010C09DE501C08CE04CC9A0E10CCBA0E13B
S31580E101F02CCBD0E702C0C3E510C09DE50C1061E0D1
S31580E102004119A0E1011BA0E1211BD0E70910C3E55B
S31580E1021014109DE5041081E04119A0E1011BA0E1E4
S31580E10220211BD0E70310C3E514109DE5014064E08E
S31580E102304449A0E1044BA0E1241BD0E70810C3E5C3
S31580E1024004109DE50B1081E04119A0E1011BA0E1BD
S31580E10250211BD0E70410C3E504109DE501A06BE006
S31580E102604AA9A0E10AABA0E12A1BD0E70710C3E5C2
S31580E102700C109DE5051081E04119A0E1011BA0E18B
S31580E10280211BD0E70510C3E50C109DE5015065E023
S31580E102904559A0E1055BA0E1251BD0E70610C3E542
S31580E102A053FFFF1AE8D08DE2F08DBDE8A11600007C
S31580E102B031270000B60B0000B62B0000CF290000E5
S31580E102C0AFEEFFFF8D1B00005B0800008BDEFFFFBA
S31580E102D0B0D0FFFFC63200005CEAFFFF8CC0FFFFB3
S31580E102E0511100007E180000DFC4FFFF500190E548
S31580E102F0F04D2DE9544091E5C0D04DE2060D40E246
S31580E1030010A082E220E08DE21C308DE5F010D2E192
S31580E10310003094E5405094E5910303E0F012D2E198
S31580E1032080C094E5910505E0F014D2E104639FE590
S31580E103309C0101E08336A0E101C085E0051061E022
S31580E10340B55EA0E3910505E09C0606E0013B83E20C
S31580E103500510A0E1055083E0067085E005C066E002
S31580E10360F051D2E1206094E5608094E5950606E05F
S31580E10370F053D2E1C0B29FE5950808E00111A0E112
S31580E10380085086E0950B0BE0031061E00B50A0E18D
S31580E10390A8B29FE5022082E2965B2BE0C115A0E13F
S31580E103A00B60A0E198B29FE50A0052E1985B2BE0F1
S31580E103B0068087E0076066E0C665A0E180608EE53D
S31580E103C00C506BE00B608CE0C885A0E1C665A0E1CE
S31580E103D0C555A0E100808EE520608EE560508EE512
S31580E103E040108EE5044084E204E08EE2C6FFFF1A07
S31580E103F00060A0E320208DE21C309DE5E0109DE5C4
S31580E10400063193E7107092E5011083E018308DE5AF
S31580E1041030C29FE520308DE22CE29FE5863293E77C
S31580E10420970C0CE0970E0EE0013983E2103083E2FF
S31580E104308336A0E10C706EE00CB083E003506EE091
S31580E1044008C092E518E092E58770A0E1033067E0A5
S31580E10450E4419FE504308DE50E308CE0930404E0C1
S31580E10460E8819FE50430A0E1D0419FE5147092E5F3
S31580E104709C3424E08776A0E104C0A0E1C0419FE5F9
S31580E10480016086E29E3424E00CE08BE00BC06CE0F8
S31580E10490053064E00CC08DE504C085E010C08DE5D3
S31580E104A014308DE50CC092E51C3092E508E08DE5CF
S31580E104B003A08CE00C3063E094C19FE504E092E513
S31580E104C09A0C0CE08C519FE50C40A0E19EC828E097
S31580E104D084C19FE5930505E09E0C0CE005B087E0BD
S31580E104E00CC064E00B8088E00BB08CE06CC19FE5CA
S31580E104F0075065E09C0A0AE003C6A0E10E3063E09E
S31580E105008336A0E105506CE0037067E050C19FE55A
S31580E1051050319FE59E0C0CE09E0303E00CC06AE03F
S31580E1052003A06AE008309DE518E09DE5083083E0A8
S31580E105304339A0E1E0409DE5033BA0E1233BD0E7E1
S31580E105400430CEE708309DE50CC065E0034068E005
S31580E105504449A0E1044BA0E1243BD0E70930C1E561
S31580E1056010309DE505508AE00C3083E04339A0E107
S31580E10570033BA0E1233BD0E70130C1E510309DE5A7
S31580E10580050056E303E06CE04EE9A0E10EEBA0E165
S31580E105902E3BD0E70830C1E504309DE5202082E29C
S31580E105A0073083E04339A0E1033BA0E1233BD0E779
S31580E105B00230C1E504309DE5037067E04779A0E14B
S31580E105C0077BA0E1273BD0E70730C1E514309DE505
S31580E105D0053083E04339A0E1033BA0E1233BD0E74B
S31580E105E00330C1E514309DE5035065E04559A0E14E
S31580E105F0055BA0E1253BD0E70630C1E50C309DE502
S31580E106000B3083E04339A0E1033BA0E1233BD0E714
S31580E106100430C1E50C309DE503B06BE04BB9A0E158
S31580E106200BBBA0E12B3BD0E70530C1E571FFFF1A9B
S31580E10630C0D08DE2F08DBDE84C1900009A1A000019
S31580E10640711000005CBAFFFF9D240000FC0D0000E4
S31580E10650B32C00006F1E0000E309000014070000C0
S31580E10660CF120000532800008C140000500190E561
S31580E10670F04D2DE9545091E598D04DE2BCB29FE51D
S31580E10680BCA29FE5BC829FE5060D40E2107082E246
S31580E1069018408DE214308DE5F030D2E1001095E519
S31580E106A040C095E593010EE0F032D2E1022082E28C
S31580E106B09C0301E0045085E201608EE00E3061E04A
S31580E106C0FE10D2E11CE095E50661A0E1910E0CE019
S31580E106D0FE12D2E104C08DE55CC095E50331A0E16F
S31580E106E0910C0EE004109DE508E08DE50E1081E0A9
S31580E106F09B010CE004E09DE501CB8CE208109DE5D1
S31580E107009ACE2EE098C121E0CEE5A0E10EC086E04A
S31580E10710C115A0E100C084E506E06EE001C083E09A
S31580E10720070052E1033061E060E084E520C084E5C2
S31580E10730403084E5044084E2D6FFFF1A0080A0E3DE
S31580E1074018C08DE214309DE5B8209DE5083193E728
S31580E1075010308DE5025083E018308DE2883293E7E0
S31580E1076010209CE5013983E208109CE518E09CE5C0
S31580E10770103083E2026083E0C0419FE5033062E0AE
S31580E107808326A0E10E3081E0930404E08666A0E151
S31580E107900430A0E1A8419FE504B09CE5913424E0D2
S31580E107A0018088E20410A0E198419FE5040058E3C6
S31580E107B09E3424E020C08CE20430A0E103E082E0B4
S31580E107C0023063E0014086E008308DE5061061E0A5
S31580E107D014301CE504601CE504108DE503A086E079
S31580E107E00C301CE560119FE50B7083E007208AE001
S31580E107F0920101E054319FE50120A0E150119FE58E
S31580E108009A2121E001A0A0E148119FE5972121E00D
S31580E108100B7086E00120A0E13C119FE5970101E0A4
S31580E108200170A0E10A1081E0961323E02C119FE587
S31580E10830027087E00360A0E1917B23E014101CE560
S31580E108400C308DE50C301CE514B19FE5011083E099
S31580E108509B0107E00CB19FE5022087E09B2323E023
S31580E108600A1087E00320A0E1FCA09FE514301CE597
S31580E10870B8709DE59A1323E00310A0E10C309DE565
S31580E1088003B084E04BB9A0E110309DE50BBBA0E15C
S31580E108902BABD0E707A0C3E70C309DE50EA061E066
S31580E108A0047063E04779A0E1077BA0E1274BD0E7BD
S31580E108B00740C5E501408EE04449A0E1044BA0E153
S31580E108C04AA9A0E1244BD0E708309DE50AABA0E137
S31580E108D00140C5E52A1BD0E70610C5E5021083E095
S31580E108E04119A0E1032062E0011BA0E14229A0E1D8
S31580E108F0211BD0E7022BA0E10210C5E5223BD0E720
S31580E109000530C5E504309DE5063083E04339A0E155
S31580E10910033BA0E1233BD0E70330C5E504309DE509
S31580E10920036066E04669A0E1066BA0E1263BD0E77D
S31580E109300430C5E582FFFF1A98D08DE2F08DBDE8DF
S31580E10940511100007E180000DFC4FFFFA1250000E1
S31580E109508E0900003BC1FFFF84F3FFFF33E3FFFF16
S31580E109600B300000FDADFFFFB34100005462000093
S31580E10970F04D2DE9500190E550D04DE208E08DE251
S31580E10980546091E5B0B19FE506AD40E20C8082E22C
S31580E109900E00A0E1F0C0D2E1001096E5F042D2E18E
S31580E109A0F071D2E19C0101E0205096E540C096E5E8
S31580E109B0970505E0940C0CE080719FE59B0C0CE0BB
S31580E109C0950707E08116A0E1011B81E20C4081E0F9
S31580E109D00750A0E101106CE0077084E001C06CE093
S31580E109E0044065E0022082E2C775A0E1C445A0E14A
S31580E109F0CCC5A0E1080052E100708EE530408EE57D
S31580E10A0018C08EE5046086E204E08EE2E0FFFF1A1C
S31580E10A10045043E2083083E204308DE50480B5E595
S31580E10A2070309DE510B090E503E088E008119FE520
S31580E10A30003090E59B0101E0013983E2103083E2E9
S31580E10A408336A0E103B061E0012083E00BB061E091
S31580E10A50083090E5E4109FE5146090E5930101E0AC
S31580E10A60DC409FE50130A0E1023063E0011082E0E5
S31580E10A70042090E50C7090E506C082E09C0404E0D9
S31580E10A8000308DE504C0A0E1074082E084468CE039
S31580E10A90022067E0063067E0026066E0042081E0DC
S31580E10AA04229A0E1011064E083C68CE0022BA0E13B
S31580E10AB070309DE54119A0E1222BDAE7011BA0E127
S31580E10AC00320C8E78666A0E1212BDAE70520CEE59B
S31580E10AD006208BE04229A0E10BB066E0022BA0E183
S31580E10AE04BB9A0E1222BDAE700309DE50BBBA0E113
S31580E10AF00120CEE52B2BDAE70420CEE50C2083E03E
S31580E10B004229A0E103C06CE0022BA0E14CC9A0E13F
S31580E10B10222BDAE70CCBA0E10220CEE52C3BDAE70B
S31580E10B200330CEE504309DE5180080E2030055E10F
S31580E10B30B9FFFF1A50D08DE2F08DBDE8A116000015
S31580E10B4031270000B60B000050C190E5F04D2DE94C
S31580E10B5054E091E520D04DE206CD4CE2085082E2A8
S31580E10B600D00A0E10D80A0E1F040D2E100109EE50C
S31580E10B70F061D2E1940107E020409EE5022082E225
S31580E10B80960401E0050052E1016087E0071061E02B
S31580E10B90006080E5101080E504E08EE2040080E2EA
S31580E10BA0F0FFFF1A0060A0E308E0A0E1062193E7E9
S31580E10BB040109DE508009EE5017082E0062298E7F7
S31580E10BC004A09EE50C509EE5012A82E2042082E2A1
S31580E10BD098409FE5001082E0022060E005008AE00F
S31580E10BE0900404E088009FE504B0A0E184409FE59D
S31580E10BF08116A0E19AB424E095B020E0045081E02A
S31580E10C004558A0E1011064E006A193E7055BA0E108
S31580E10C1040B09DE54118A0E1255BDCE7011BA0E141
S31580E10C200B50CAE78226A0E1211BDCE70310C7E56A
S31580E10C30001082E04118A0E1022060E0011BA0E102
S31580E10C404228A0E1211BDCE7022BA0E10110C7E5E8
S31580E10C50010056E3222BDCE70220C7E510E08EE2B5
S31580E10C600160A013D0FFFF1A20D08DE2F08DBDE8A0
S31580E10C7051110000DFC4FFFF7E18000030402DE9EE
S31580E10C80545091E5F0E0D2E1004093E5003095E5FE
S31580E10C90500190E59E0303E0F2E0D2E1042095E580
S31580E10CA0013A83E2920E0EE0043083E20E2083E085
S31580E10CB0C221A0E103306EE00CC09DE5060D40E265
S31580E10CC0022BA0E1C331A0E1222BD0E7033BA0E1D7
S31580E10CD00C20C4E70C1084E0233BD0E70130C1E56A
S31580E10CE03080BDE8F04D2DE909DD4DE23C308DE502
S31580E10CF0503190E5541091E5063D43E200308DE5B3
S31580E10D00103082E238308DE540308DE2F0C0D2E1BC
S31580E10D10000091E5AC659FE59C000EE0A8859FE526
S31580E10D208E06A0E101CB80E280E091E5F004D2E19C
S31580E10D3098A59FE59E0004E094059FE5940606E06C
S31580E10D40940000E006B08CE000708CE00C6066E018
S31580E10D50404091E50C0060E0F0C2D2E1022082E2FF
S31580E10D609C040EE0FEC5D2E104E08DE5C0E091E5AC
S31580E10D70043083E29C0E04E004C09DE504E09DE539
S31580E10D800C5064E04CC59FE5950808E0950C0CE0B5
S31580E10D9008408DE50C50A0E104C0A0E19A5C2CE00E
S31580E10DA034459FE50CA0A0E130C59FE5041081E2C2
S31580E10DB09C8E2EE00EC0A0E104E09DE5945E2EE0DF
S31580E10DC008509DE50E40A0E114E59FE59E8525E06E
S31580E10DD010859FE505E0A0E10A508BE008508DE59E
S31580E10DE00B506AE00C508DE50C5087E007C06CE053
S31580E10DF014C08DE504C080E0000064E01C008DE550
S31580E10E000E0086E020008DE506006EE01CB091E5DF
S31580E10E1024008DE5FE00D2E118C08DE5900B0CE053
S31580E10E20FE02D2E104C08DE55CC091E510508DE50E
S31580E10E309C0006E0FE04D2E19CC091E5A8449FE5D2
S31580E10E409C0005E0FE06D2E1DCC091E59CE49FE5ED
S31580E10E509C0007E004009DE594A49FE505C080E041
S31580E10E60060080E090040BE09E0C00E004E09DE546
S31580E10E7007E08EE09E0A04E028408DE504E09DE5EA
S31580E10E800EE067E09E0804E068E49FE52C408DE58E
S31580E10E909E0C04E004C09DE55CE49FE50CC066E041
S31580E10EA09C0E0EE000C08BE00EA0A0E128E09DE55F
S31580E10EB00480A0E10EC08CE004409DE53CE49FE522
S31580E10EC09EC424E02CE09DE530408DE508C08EE0AF
S31580E10ED004409DE528E49FE50AC08CE09EC424E0B9
S31580E10EE005C086E047EEA0E304408DE59E0C04E074
S31580E10EF010C49FE504E0A0E196EC2EE034408DE558
S31580E10F0004C49FE50E408BE034E09DE595EC2EE050
S31580E10F10F8C39FE50EE080E0050066E09C000BE00B
S31580E10F20EC039FE595B02CE00C0088E034008DE57C
S31580E10F30E0039FE5078086E096B02CE0D8B39FE595
S31580E10F400CC08AE0980B00E0D0A39FE5004084E0E6
S31580E10F50970A26E028009DE5C4B39FE506A080E0D8
S31580E10F60C0639FE5960800E0BC839FE500C08CE006
S31580E10F70970826E02C809DE5068088E0076085E07D
S31580E10F809B0600E000608AE000E08EE0070065E015
S31580E10F9064539FE530709DE5900505E00500A0E18D
S31580E10FA0058088E034509DE5005085E008009DE5A8
S31580E10FB007A080E0007067E010009DE5CAA5A0E18A
S31580E10FC0040080E0C005A0E11C0083E510009DE5FA
S31580E10FD0C775A0E1004064E018009DE5C445A0E145
S31580E10FE00E0080E0C005A0E13C0083E518009DE5A8
S31580E10FF004A003E500E06EE020009DE5CEE5A0E1FA
S31580E11000060080E0C005A0E15C0083E520009DE567
S31580E11010DC7183E5006066E024009DE5C665A0E1BC
S31580E11020080080E0C005A0E1BC4183E59CE183E561
S31580E110307C6183E57C0083E524009DE5008068E0B2
S31580E110401C009DE5C885A0E1050080E0C005A0E122
S31580E110509C0083E51C009DE55C8183E5005065E0AD
S31580E1106014009DE5C555A0E10C0080E0C005A0E136
S31580E11070BC0083E514009DE53C5183E500C06CE04E
S31580E11080CCC5A0E11CC183E50C009DE504C09DE5CE
S31580E110900C0080E0C005A0E1DC0083E50C009DE565
S31580E110A000B06CE038009DE5CBB5A0E1000052E1EF
S31580E110B0FCB083E514FFFF1A0070A0E340008DE2E7
S31580E110C03C309DE560229DE5073193E70C308DE567
S31580E110D0024083E040308DE2873293E7102090E54D
S31580E110E0013983E2081090E518C090E5103083E27B
S31580E110F0025083E0D8E19FE5033062E08326A0E1F8
S31580E111000C3081E0930E0EE08556A0E10E30A0E131
S31580E1111018E29FE514A090E5913E2EE004B090E5BB
S31580E111200E10A0E108E29FE50B608AE09C3E2EE08E
S31580E11130017087E20E30A0E103C082E0023063E015
S31580E1114001E085E008308DE5051061E00C3090E541
S31580E111501C5090E504108DE5038085E0D4119FE570
S31580E11160062088E0920101E0CC319FE50120A0E1F3
S31580E11170C8119FE5100057E3982121E0200080E225
S31580E111800180A0E1B8119FE5962121E00B6085E021
S31580E111900120A0E1AC119FE5960101E00160A0E1AB
S31580E111A0081081E0951323E09C119FE5026086E0BB
S31580E111B00350A0E1916B23E090B19FE50360A0E14C
S31580E111C0143010E503108AE09B0103E080B19FE5CE
S31580E111D0022083E09B2A21E006A08EE001B0A0E117
S31580E111E0081083E0143010E568819FE54AA9A0E103
S31580E111F0981323E00AABA0E10310A0E100309DE55E
S31580E1120060229DE52A8BD3E70C309DE50E6066E092
S31580E112100280C3E74669A0E100309DE5066BA0E167
S31580E1122026EBD3E707E0C4E501E08CE00C8061E0E2
S31580E112304EE9A0E10EEBA0E14889A0E12EEBD3E7F0
S31580E11240088BA0E101E0C4E5281BD3E708309DE5E2
S31580E112500610C4E50B1083E04119A0E100309DE55D
S31580E11260011BA0E1211BD3E708309DE50210C4E50F
S31580E1127003206BE04229A0E100309DE5022BA0E14D
S31580E11280223BD3E70530C4E504309DE500209DE5AA
S31580E11290053083E04339A0E1033BA0E1233BD2E77C
S31580E112A00330C4E504309DE5035065E04559A0E18E
S31580E112B0055BA0E1253BD2E70430C4E57FFFFF1A59
S31580E112C009DD8DE2F08DBDE8CF290000D40800006C
S31580E112D00352000051110000632C0000C2ECFFFFB5
S31580E112E0CD1C0000B0EFFFFFB61C00004E2B0000C6
S31580E112F0E9270000FC22000055150000230D0000BF
S31580E11300D6B6FFFF42C5FFFF4D020000FADBFFFFC5
S31580E11310092D00007AE7FFFF1A3F0000ABEAFFFFE5
S31580E1132018220000B2D4FFFF17D8FFFF85640000C2
S31580E113307E180000DFC4FFFFA12500008E090000B2
S31580E113403BC1FFFF84F3FFFF33E3FFFF0B30000078
S31580E11350FDADFFFFB341000054620000F04D2DE981
S31580E1136007DD4DE230308DE5503190E5541091E561
S31580E11370063D43E200308DE50E3082E234308DE584
S31580E1138038308DE2F0C0D2E1000091E5804091E510
S31580E113909C000EE0F0C4D2E18E06A0E19C0406E05A
S31580E113A090E49FE590549FE590449FE5960505E09E
S31580E113B0960E0EE0960404E0010B80E20E8080E05A
S31580E113C005E08EE00EE064E08EE0A0E100E06EE014
S31580E113D0057080E000C064E0CE05A0E1405091E573
S31580E113E004008DE5F002D2E1C06091E590050AE066
S31580E113F0F006D2E148E49FE5900605E044049FE5E6
S31580E1140005408AE0940000E0022082E29A0E2EE016
S31580E114100040A0E130049FE5041081E2954020E0A0
S31580E11420043083E20040A0E120049FE5950000E0DE
S31580E114301C549FE59A0525E00500A0E10E5088E061
S31580E1144008E06EE00CE08DE504E087E010E08DE5F4
S31580E1145007E064E014E08DE500E08CE00C0060E0FC
S31580E114601C7091E51C008DE5FE00D2E15C4091E5C2
S31580E1147090070CE0FE02D2E10C70A0E194000AE054
S31580E114809CC091E5FE04D2E118E08DE59C0006E082
S31580E11490FE06D2E1DCC091E508508DE59C000EE0C8
S31580E114A0B0C39FE50A0087E09C0004E0A8039FE5BE
S31580E114B08E56A0E120E08DE506E087E0900E0BE018
S31580E114C007C0A0E10B8084E0050088E08C839FE57E
S31580E114D0980C2CE088039FE524C08DE5900E0CE006
S31580E114E007006AE00C80A0E107C0A0E174739FE584
S31580E114F074E39FE528008DE5970000E09E8C2CE063
S31580E11500007065E007008CE02C008DE506C08AE07E
S31580E11510510EE0E39C000EE00E0065E000E0A0E104
S31580E1152048039FE50EC0A0E19AC02CE00E00A0E141
S31580E115300CC084E038439FE5940620E006406AE0EB
S31580E1154000008BE02CB39FE5940B0EE028439FE5EA
S31580E1155005B08EE094B625E00E40A0E1055088E026
S31580E1156018839FE59A4824E020809DE5047087E012
S31580E1157028409DE508A084E00AA066E008409DE554
S31580E1158024609DE50AA1A0E1064084E0C445A0E18E
S31580E11590044003E508409DE5046066E0C665A0E198
S31580E115A0686183E510409DE50C4084E0C445A0E197
S31580E115B0184083E510409DE504C06CE0CCC5A0E110
S31580E115C04CC183E518C09DE500C08CE0CCC5A0E1A7
S31580E115D034C083E518C09DE50C0060E0C005A0E15C
S31580E115E0300183E504009DE52CC09DE50A0080E09D
S31580E115F0500083E504009DE500A06AE01C009DE5BE
S31580E1160014A183E5050080E0C005A0E16C0083E5D7
S31580E116101C009DE5005065E014009DE5C555A0E1FF
S31580E11620070080E0C005A0E1880083E514009DE520
S31580E11630F85083E5007067E00C009DE5C775A0E191
S31580E116400C0080E0C005A0E1A40083E50C009DE5E7
S31580E11650DC7083E500E06CE034009DE5CEE5A0E159
S31580E11660000052E1C0E083E545FFFF1A30309DE599
S31580E1167038008DE2047043E2343083E20C308DE54C
S31580E1168004A0B7E5E0319DE508C090E503508AE026
S31580E11690003090E5186090E5013983E2103083E20D
S31580E116A08386A0E1103090E590419FE588E19FE552
S31580E116B0032066E00C3063E0920404E0930E0EE0D2
S31580E116C0BC219FE50E1084E0103090E5081081E0A2
S31580E116D0921323E09FBFE0E30310A0E106308CE0A4
S31580E116E004308DE504209DE548319FE51C0080E2CC
S31580E116F0928323E0963B22E0186010E5022084E0A5
S31580E1170080419FE57FBE8BE29C3424E004308EE00D
S31580E11710104010E570E19FE504C086E09C0E0EE086
S31580E1172006C064E09C0B0BE008308DE50BC0A0E1C0
S31580E117300CC08EE00EB06BE008E010E50E4084E070
S31580E1174008E19FE5940E0EE00EC08CE00E40A0E12C
S31580E1175008E010E50E6086E0F4E09FE59E0603E092
S31580E11760086010E524E19FE503B08BE09E3623E037
S31580E117700BE082E000609DE54EE9A0E102B06BE01E
S31580E117800EEBA0E12EEBD6E700209DE5E0619DE53D
S31580E117904BB9A0E10BBBA0E106E0CAE72B2BD2E770
S31580E117A00620C5E50C2081E000E09DE54229A0E127
S31580E117B001106CE0022BA0E14119A0E1222BDEE7CA
S31580E117C0034084E0011BA0E108309DE50120C5E5E9
S31580E117D0212BDEE70520C5E5042083E04229A0E14F
S31580E117E0034064E0022BA0E14449A0E1222BDEE73D
S31580E117F0044BA0E10220C5E5243BDEE70430C5E5E4
S31580E118000C3010E504209DE584109FE5032062E01D
S31580E11810928123E04339A0E1033BA0E1233BDEE76C
S31580E118200330C5E50C309DE5030057E193FFFF1AD0
S31580E1183007DD8DE2F08DBDE8C6280000120A0000C2
S31580E11840371C0000BD08000062230000FCC8FFFFD2
S31580E11850E1D3FFFFA3130000B72A00005226000060
S31580E11860F0DBFFFF14180000F20E00000BDEFFFF35
S31580E118706EF2FFFF09B4FFFFF82C0000E6C9FFFF17
S31580E118809915000015C5FFFFF1B0FFFFEF1D0000C0
S31580E11890DE3B0000412D0000F04D2DE915DE4DE2E5
S31580E118A028308DE5503190E5541091E5063D43E2CF
S31580E118B004308DE50C3082E22C308DE530308DE2DE
S31580E118C0F050D2E1000091E5F0C4D2E1900505E067
S31580E118D0800091E58556A0E19C0000E060C39FE52C
S31580E118E0015B85E2900C0CE0F066D2E10C4085E08C
S31580E118F005006CE0C0E091E5F0C2D2E140B091E54F
S31580E119009E0606E09C0B0BE038C39FE58666A0E168
S31580E119109B0C0CE08BB6A0E10B7066E007E085E0FE
S31580E119200CE08DE505E067E010E08DE506E08CE012
S31580E119300CC06BE00C6066E006C080E0000066E00B
S31580E119401CC08DE520008DE520C091E5F001D2E156
S31580E1195060A091E59C0000E0F0C3D2E10E5084E006
S31580E119609A0C08E0F0C5D2E1A0A091E504E06EE032
S31580E1197014508DE518E08DE59A0C05E0E0E091E5FF
S31580E11980F0C7D2E1C0629FE59E0C0BE005C080E026
S31580E119900BE08CE09E0606E0B0429FE5B0729FE5E3
S31580E119A0980404E09C6727E008608DE580E180E0AB
S31580E119B0046087E00EC486E00C606EE094A29FE549
S31580E119C094C29FE50BE085E0980A0AE09E0C0CE064
S31580E119D088E29FE524C08DE50AC08CE095CE2EE0B5
S31580E119E0022082E20EC087E008E09DE570729FE505
S31580E119F00E4064E0974B24E024E09DE564729FE528
S31580E11A0004E08EE060429FE5041081E294A02AE042
S31580E11A1008409DE597AB2AE000006BE00A4084E050
S31580E11A2008A065E044829FE50A7080E0970808E0B7
S31580E11A303C729FE514509DE5978020E034729FE5E6
S31580E11A40043083E29A8727E006A085E0055066E0C8
S31580E11A50C555A0E1045183E50C509DE5CAA5A0E1F9
S31580E11A60005085E0C555A0E1145083E50C509DE515
S31580E11A7004A003E5050060E0C005A0E1EC0083E594
S31580E11A801C009DE50C0080E0C005A0E12C0083E50B
S31580E11A901C009DE500C06CE020009DE5CCC5A0E181
S31580E11AA00E0080E0C005A0E1440083E520009DE5CD
S31580E11AB0D4C083E500E06EE010009DE5CEE5A0E1CF
S31580E11AC0070080E0C005A0E15C0083E510009DE5AC
S31580E11AD0BCE083E5007067E018009DE5C775A0E18D
S31580E11AE0040080E0C005A0E1740083E518009DE56F
S31580E11AF0A47083E5004064E02C009DE5C445A0E147
S31580E11B00000052E18C4083E56CFFFF1A28309DE5A9
S31580E11B1030008DE2046043E22C3083E208308DE5CB
S31580E11B2004A0B6E570319DE5002090E503408AE0AA
S31580E11B3044C19FE5103090E5012982E2930C0CE0E7
S31580E11B40102082E28226A0E102306CE00C1082E075
S31580E11B5003306CE0082090E5E4C09FE5147090E5E1
S31580E11B60920C0CE014519FE50C20A0E1012062E08B
S31580E11B700CC081E0041090E50C8090E507E081E0FF
S31580E11B809E0505E007B068E005E0A0E1085081E048
S31580E11B9085568EE0011068E0017067E005108CE003
S31580E11BA004809DE54119A0E1011BA0E1211BD8E755
S31580E11BB070819DE50CC065E00810CAE74CC9A0E1DB
S31580E11BC004109DE50CCBA0E12C1BD1E78776A0E143
S31580E11BD00510C4E5071083E004C09DE5037067E066
S31580E11BE04119A0E1011BA0E14779A0E1211BDCE7D6
S31580E11BF0077BA0E10110C4E58BE68EE0273BDCE7BD
S31580E11C000430C4E50E3082E04339A0E102E06EE0C3
S31580E11C10033BA0E14EE9A0E1233BDCE70EEBA0E14B
S31580E11C200230C4E52E3BDCE70330C4E508309DE5B0
S31580E11C30180080E2030056E1B8FFFF1A15DE8DE257
S31580E11C40F08DBDE831270000B62B00008D1B00002A
S31580E11C50CF2900005B080000AFEEFFFF8BDEFFFFC0
S31580E11C60B0D0FFFFC63200008CC0FFFF5CEAFFFF09
S31580E11C70511100007E180000DFC4FFFFA1160000AD
S31580E11C80B60B0000F04D2DE9E8D04DE218308DE538
S31580E11C90503190E5540091E5063D43E200308DE513
S31580E11CA020108DE20A3082E21C308DE5F0C0D2E16F
S31580E11CB0003090E580E090E59C0303E0F0C4D2E15A
S31580E11CC004539FE59E0C0CE000E39FE59C0505E04F
S31580E11CD09C0E0EE08336A0E10EC0A0E105C06CE06B
S31580E11CE0013B83E28CC0A0E103C06CE0054083E068
S31580E11CF003E06EE0CC35A0E104308DE540C090E5AF
S31580E11D00F032D2E1C05090E5930C0CE0F036D2E1AE
S31580E11D10BC629FE5930505E020B090E505308CE057
S31580E11D20930606E0A07090E50630A0E1A4629FE507
S31580E11D30A4829FE59C3626E0022082E206C0A0E1ED
S31580E11D4098629FE5040080E2953626E00C5084E0B7
S31580E11D500E3066E004C06CE010308DE5FE30D2E1F5
S31580E11D6008C08DE506C08EE09B0304E00CC08DE5DE
S31580E11D70FE32D2E15CC090E5DCE090E5930C0CE0CC
S31580E11D80FE34D2E158629FE5930707E0FE36D2E161
S31580E11D90041081E29E0303E003A08CE00C3063E053
S31580E11DA087C6A0E114C08DE538C29FE5930808E0B7
S31580E11DB09A0C0CE00CE0A0E114C09DE594E626E0E7
S31580E11DC008B08CE020C29FE50B6086E0940C0CE0C5
S31580E11DD00CC06EE014E09DE50BC08CE00EE068E09F
S31580E11DE00386A0E1043063E000B29FE5037067E01B
S31580E11DF0FC319FE59B0A0AE0940303E0F4B19FE599
S31580E11E000EE068E003306AE0940B0BE0068085E043
S31580E11E100C409DE5055066E003306EE0C555A0E1D6
S31580E11E20B05081E5035084E0044063E004309DE5F1
S31580E11E300771A0E1073083E0243081E504309DE538
S31580E11E400BA06AE0037067E010309DE50EE08AE062
S31580E11E500E3083E0C335A0E1C885A0E1C555A0E198
S31580E11E60C445A0E1048001E5105081E59C4081E50F
S31580E11E70887081E5383081E510309DE503E06EE0DC
S31580E11E8008309DE5CEE5A0E10C3083E0C335A0E1E5
S31580E11E904C3081E508309DE574E081E503C06CE076
S31580E11EA01C309DE5CCC5A0E1030052E160C081E52F
S31580E11EB07DFFFF1A18309DE520E08DE2048043E244
S31580E11EC0243083E204A0B8E508219DE510C09EE5B3
S31580E11ED008009EE502708AE01C419FE500209EE5B0
S31580E11EE00C1080E000006CE0B5CEA0E3900C0CE035
S31580E11EF0910404E0012982E2102082E28226A0E1B7
S31580E11F000410A0E10C4082E004509EE50C00A0E1C3
S31580E11F1001C084E0041061E00C409EE5B0B09FE52D
S31580E11F20046085E0960B0BE00001A0E10B60A0E187
S31580E11F30A0B09FE5022060E0956B2BE04229A0E10D
S31580E11F400B50A0E194B09FE5022BA0E1946B2BE0CE
S31580E11F5005608CE00B40A0E14669A0E100B09DE51B
S31580E11F600CC065E0066BA0E1266BDBE700509DE5E2
S31580E11F7008B19DE54CC9A0E10CCBA0E10B60CAE7B5
S31580E11F802CCBD5E704C0C7E504C081E04CC9A0E10C
S31580E11F90011064E00CCBA0E14119A0E12CCBD5E79F
S31580E11FA0011BA0E101C0C7E5211BD5E70310C7E509
S31580E11FB0030058E1222BD5E70220C7E514E08EE243
S31580E11FC0BFFFFF1AE8D08DE2F08DBDE89D240000C9
S31580E11FD0FC0D00009A1A000071100000E309000070
S31580E11FE05CBAFFFFB32C00006F1E000014070000EF
S31580E11FF0CF120000532800008C1400004C19000019
S31580E12000F04D2DE998D04DE214308DE5503190E5D3
S31580E12010541091E5063D43E204308DE50430A0E3BA
S31580E1202000308DE518308DE2B061D2E1F0B4D2E1D5
S31580E12030000056E3F0C0D2E11C00001AF002D2E1C2
S31580E12040000050E31900001AF003D2E1000050E3EA
S31580E120501600001A00005BE31400001AF005D2E1D5
S31580E12060000050E31100001AF006D2E1000050E3CF
S31580E120700E00001AF007D2E1000050E30B00001ACF
S31580E12080000091E59C0000E00001A0E1000083E50D
S31580E12090100083E5200083E5300083E5400083E599
S31580E120A0500083E5600083E5700083E5660000EA21
S31580E120B0000091E5405091E59C0000E080C091E50B
S31580E120C0C0A091E59C0B0BE0F0C2D2E18006A0E1D5
S31580E120D0950C0CE0F056D2E18BB6A0E1010B80E2E3
S31580E120E00B4080E000006BE09A050BE050529FE5E3
S31580E120F00BA08CE09A0505E048729FE548A29FE532
S31580E121009C5727E09B5A2AE004C067E008C08DE52A
S31580E121100AC080E000006AE0075084E010008DE5A7
S31580E12120E04091E5F007D2E1A0A091E5900404E0DA
S31580E12130F005D2E1607091E5900A0AE00668A0E1D7
S31580E12140F003D2E120B091E54668A0E1960B0BE081
S31580E12150900707E0F4619FE50B008AE0078084E061
S31580E121600CC08DE500C088E09C0606E0E0E19FE5D5
S31580E1217006C0A0E1DC619FE598C626E00680A0E185
S31580E12180D4619FE590C626E0D0C19FE50600A0E137
S31580E121900B6084E0960C0CE00C60A0E108C08CE05A
S31580E121A094CE2EE0B8C19FE5006086E09C6B26E088
S31580E121B0B0B19FE507C08AE09B0C0CE00E40A0E140
S31580E121C000008CE008C08CE09C819FE50CE09DE5F9
S31580E121D098C72CE094B19FE59B0A20E006A085E0B4
S31580E121E0056066E00C508EE00EC06CE0CC85A0E127
S31580E121F010C09DE5CAA5A0E100C08CE0CCC5A0E1F8
S31580E1220020C083E510C09DE5C665A0E10C0060E0D5
S31580E12210C005A0E1500083E508009DE5C555A0E134
S31580E12220040080E0C005A0E1300083E508009DE57B
S31580E1223000A083E5004064E0C445A0E1706083E5E9
S31580E12240105083E5608083E5404083E500009DE5AD
S31580E12250043083E2010050E2022082E2041081E24E
S31580E1226000008DE56FFFFF1A18108DE2D0A09FE583
S31580E12270D0809FE5D0709FE501B0A0E100209DE58B
S31580E1228014309DE5080091E5026193E7B8309DE55C
S31580E122900C4091E5035086E002329BE704C091E56C
S31580E122A0013983E2103083E2002083E0033060E08D
S31580E122B004008CE09A0000E08226A0E1980C2CE0F4
S31580E122C0970420E00C4082E004E09DE54449A0E1EA
S31580E122D002206CE0044BA0E1244BDEE704C09DE5DF
S31580E122E0B8E09DE54229A0E1022BA0E10E40C6E7D8
S31580E122F08336A0E1222BDCE70320C5E5002083E0DD
S31580E123004229A0E1033060E0022BA0E14339A0E15C
S31580E12310222BDCE7033BA0E10120C5E5233BDCE79B
S31580E123200230C5E500309DE5101081E2013083E29F
S31580E12330080053E300308DE5CFFFFF1A98D08DE298
S31580E12340F08DBDE8511100007E180000DFC4FFFF6B
S31580E12350A12500008E0900003BC1FFFF84F3FFFF4A
S31580E1236033E3FFFF0B300000FDADFFFF5462000059
S31580E12370B3410000F04D2DE9506190E550D04DE23A
S31580E1238054E091E504308DE5066D46E2063082E261
S31580E1239008C08DE200308DE5F010D2E100309EE597
S31580E123A0F004D2E1930101E080309EE58116A0E15F
S31580E123B0900303E078019FE5011B81E2930000E051
S31580E123C060809EE5013060E0004081E0033060E0BE
S31580E123D040109EE5F002D2E1A0709EE5900101E019
S31580E123E050019FE550A19FE5910000E0F011D2E117
S31580E123F0005084E0040060E020409EE5C335A0E122
S31580E12400940101E0F043D2E1022082E2940808E0FF
S31580E12410FE44D2E104E08EE2940707E004C08CE258
S31580E12420074081E0940A0AE007B068E00A40A0E14B
S31580E1243008A081E08AA684E0011068E0017067E087
S31580E124400A1085E08B4684E00771A0E1C115A0E121
S31580E1245004100CE5071083E0037067E0043080E048
S31580E12460C335A0E114308CE500309DE505506AE086
S31580E12470004064E0C555A0E1C445A0E1030052E116
S31580E1248038508CE508108CE52C708CE520408CE585
S31580E12490C0FFFF1A04309DE594409FE594E09FE5F7
S31580E124A0043043E20000A0E304A0B3E570209DE59B
S31580E124B008108DE202C08AE00020B1E770B09DE5A8
S31580E124C0085091E5041091E5940505E0012982E241
S31580E124D09E0101E0102082E28226A0E1057082E081
S31580E124E0018087E04889A0E1071061E0022065E08C
S31580E124F0088BA0E14119A0E1022065E0288BD6E7AF
S31580E12500011BA0E14229A0E10B80CAE7022BA0E1F1
S31580E12510211BD6E70C0080E20210CCE5480050E3AF
S31580E12520222BD6E70120CCE5DEFFFF1A50D08DE2E3
S31580E12530F08DBDE8A116000031270000B60B000042
S31580E12540F04D2DE9507190E528D04DE20CB19FE533
S31580E125500CA19FE50C819FE5545091E5067D47E20C
S31580E12560041082E208408DE204108DE5F010D2E19C
S31580E12570000095E540C095E5910000E0F012D2E1DA
S31580E1258020E095E59C0101E060C095E5016080E091
S31580E12590001061E0F001D2E18666A0E1900E0EE0E6
S31580E125A0F003D2E18116A0E1900C0CE0022082E2F8
S31580E125B00C008EE09B0000E0045085E29A0E2EE04E
S31580E125C0980C20E00EC086E000C084E500C081E082
S31580E125D0011060E0101084E504109DE506E06EE0F0
S31580E125E0010052E118E084E508C084E5044084E214
S31580E125F0DDFFFF1A0010A0E3014193E748209DE546
S31580E1260008008DE202C084E008208DE2812192E714
S31580E12610810180E004E090E5022482E2022982E2FF
S31580E126200E0082E04008A0E102206EE0000BA0E10E
S31580E1263048509DE54228A0E1200BD7E7022BA0E197
S31580E12640011081E20500C4E7040051E3222BD7E7BC
S31580E126500120CCE5E7FFFF1A28D08DE2F08DBDE8B9
S31580E12660511100007E180000DFC4FFFF10402DE904
S31580E12670544091E5F0E0D2E1001094E5500190E517
S31580E126809E0101E0F0E1D2E1202094E5011A81E2A8
S31580E12690920E0EE0041081E20E2081E0C221A0E1DB
S31580E126A0060D40E2022BA0E1224BD0E708C09DE572
S31580E126B0002093E501106EE0C111A0E10C40C2E774
S31580E126C0011BA0E1043093E5212BD0E70C20C3E781
S31580E126D01080BDE8F04D2DE911DE4DE20C308DE53F
S31580E126E0503190E554C091E5063D43E200308DE5F9
S31580E126F00830A0E308308DE510308DE2B051D2E1AB
S31580E12700F012D2E1000055E3F0E0D2E11B00001ABD
S31580E12710000051E31900001AF003D2E1000050E312
S31580E127201600001AF004D2E1000050E31300001A0B
S31580E12730F005D2E1000050E31000001AF006D2E184
S31580E12740000050E30D00001AF007D2E1000050E3EB
S31580E127500A00001A00009CE59E0000E0000083E587
S31580E12760200083E5400083E5600083E5800083E522
S31580E12770A00083E5C00083E5E00083E5490000EA47
S31580E1278040709CE580409CE5910707E000009CE570
S31580E12790F014D2E19E0000E094010EE0C0409CE599
S31580E127A0F016D2E10E6080E0940101E000406EE037
S31580E127B038039FE501E087E0071061E0910000E0E2
S31580E127C00E8086E040146EE0017084E0040061E0F2
S31580E127D0F013D2E160409CE506606EE0910404E08E
S31580E127E0A0E09CE50558A0E120A09CE5F015D2E1AA
S31580E127F04558A0E1950A0AE09E0101E0E0509CE59A
S31580E12800F0E7D2E1E8B29FE5950E0EE0045081E073
S31580E1281004508DE5011064E00A506EE00E408AE0D6
S31580E1282004E09DE50EA084E005E081E09E0B0BE0EF
S31580E128304BE4A0E1BCB29FE5910B0BE04B144EE07B
S31580E1284004B09DE501106AE004406BE09CB29FE52F
S31580E12850940B0BE04B4461E09CB29FE5950B0BE05A
S31580E128600A5088E04BE44EE0005083E5015087E072
S31580E12870071061E00EE064E0C01083E5041080E0BB
S31580E1288008806AE0401083E5000064E00E1086E08F
S31580E1289006E06EE0E08083E5205083E5A00083E5F5
S31580E128A0601083E580E083E508109DE5043083E2EE
S31580E128B0011051E2022082E204C08CE208108DE52B
S31580E128C08DFFFF1A0C309DE510208DE2043043E246
S31580E128D004308DE50C309DE51C3083E20C308DE5CE
S31580E128E004309DE504E092E504A0B3E504308DE58E
S31580E128F030319DE500005EE303108AE0003092E529
S31580E12900085092E5013983E2103083E2100092E5C6
S31580E129101D00001A000055E31B00001A0CC092E569
S31580E1292000005CE31800001A000050E31600001A6C
S31580E1293014C092E500005CE31300001A18C092E52A
S31580E1294000005CE31000001A1CC092E500005CE325
S31580E129500D00001A00009DE5C332A0E1033BA0E132
S31580E12960233BD0E730019DE50030CAE70130C1E580
S31580E129700230C1E50330C1E50430C1E50530C1E58A
S31580E129800630C1E50730C1E5510000EA004083E049
S31580E12990030060E0183092E554B19FE503C085E01D
S31580E129A0053063E044519FE50C6084E0930505E0E2
S31580E129B045346CE0035080E004C06CE0003063E0B5
S31580E129C0144092E50C0092E5007084E008708DE594
S31580E129D01C7092E5040060E007408EE00E7067E0CF
S31580E129E008E09DE50E8084E007E080E09E0B0BE049
S31580E129F04BE4A0E1FCB09FE5900B0BE04B044EE08D
S31580E12A0008B09DE5000068E004406BE0DCB09FE53E
S31580E12A10940B0BE04B4460E0DCB09FE5970B0BE059
S31580E12A20087086E04BE44EE0C772A0E100B09DE518
S31580E12A30077BA0E1277BDBE730B19DE5066068E0B7
S31580E12A400B70CAE7C662A0E100709DE5066BA0E166
S31580E12A50266BD7E70760C1E5006085E0C662A0E145
S31580E12A60050060E0066BA0E1C002A0E1266BD7E736
S31580E12A70000BA0E10160C1E5200BD7E70600C1E5C7
S31580E12A80040083E0C002A0E1033064E0000BA0E132
S31580E12A90C332A0E1200BD7E7033BA0E10200C1E509
S31580E12AA00EE064E0233BD7E70530C1E50E308CE0EC
S31580E12AB0C332A0E10CE06EE0033BA0E1CEE2A0E10F
S31580E12AC0233BD7E70EEBA0E10330C1E52E3BD7E709
S31580E12AD00430C1E504309DE50C109DE5202082E2BD
S31580E12AE0010053E17DFFFF1A11DE8DE2F08DBDE835
S31580E12AF06A010000D90100009D0200001501000075
S31580E12B00F04D2DE94ADF4DE220308DE5503190E5FB
S31580E12B10544091E5063D43E202B0A0E108C0A0E35E
S31580E12B2028808DE204308DE5B031DBE1F000DBE138
S31580E12B30000053E32000001AF012DBE1000051E3CC
S31580E12B401D00001AF013DBE1000051E31A00001AC0
S31580E12B50F014DBE1000051E31700001AF015DBE128
S31580E12B60000051E31400001AF016DBE1000051E3A6
S31580E12B701100001AF017DBE1000051E30E00001AA4
S31580E12B8008C08DE51F9100EB001094E5489100EBBC
S31580E12B90048088E208C09DE5040008E51C0088E51C
S31580E12BA03C0088E55C0088E57C0088E59C0088E55A
S31580E12BB0BC0088E5DC0088E5A40000EA24C08DE558
S31580E12BC018308DE50F9100EB001094E5389100EB1C
S31580E12BD0048088E20070A0E1F002DBE1099100EB7C
S31580E12BE0401094E5329100EB00A0A0E1F004DBE136
S31580E12BF0049100EB801094E52D9100EB0050A0E16B
S31580E12C00F006DBE1FF9000EBC01094E5289100EB44
S31580E12C100510A0E10060A0E10700A0E1939000EB40
S31580E12C200510A0E108008DE50700A0E18E9000EB9C
S31580E12C300610A0E10070A0E10A00A0E18B9000EB14
S31580E12C400610A0E10050A0E10A00A0E1869000EB29
S31580E12C50D4149FE5169100EB0510A0E1829000EB7C
S31580E12C600510A0E10060A0E108009DE57F9000EB02
S31580E12C700510A0E10C008DE508009DE57A9000EB5A
S31580E12C800610A0E108008DE50700A0E1779000EB52
S31580E12C900610A0E110008DE50700A0E1729000EB3F
S31580E12CA018309DE514008DE50308A0E14008A0E118
S31580E12CB0D49000EB201094E5FD9000EB0070A0E14C
S31580E12CC0F003DBE1CF9000EB601094E5F89000EB48
S31580E12CD00050A0E1F005DBE1CA9000EBA01094E59D
S31580E12CE0F39000EB18008DE5F007DBE1C59000EB92
S31580E12CF0E01094E5EE9000EB0510A0E10060A0E124
S31580E12D0018009DE5599000EB0510A0E100A0A0E137
S31580E12D1018009DE5549000EB0610A0E10050A0E17B
S31580E12D200700A0E1519000EB0610A0E118008DE5C7
S31580E12D300700A0E14C9000EB0A10A0E11C008DE5B4
S31580E12D4018009DE5499000EB1C109DE50060A0E12F
S31580E12D500500A0E1459000EBD0139FE5D49000EB10
S31580E12D60CC139FE50070A0E10500A0E1D09000EBD7
S31580E12D700010A0E10700A0E13B9000EB0610A0E186
S31580E12D80399000EB0A10A0E10050A0E118009DE522
S31580E12D90359000EB90139FE5C59000EB0510A0E11F
S31580E12DA0319000EB8C139FE500A0A0E11C009DE52E
S31580E12DB0BF9000EB0010A0E10700A0E12A9000EBB4
S31580E12DC00A10A0E1289000EB0610A0E10070A0E1D6
S31580E12DD00C009DE5259000EB0610A0E1040008E5D6
S31580E12DE00C009DE5209000EB0510A0E1DC0088E574
S31580E12DF010009DE51D9000EB0510A0E11C0088E523
S31580E12E0010009DE5189000EB0A10A0E1BC0088E572
S31580E12E1014009DE5159000EB0A10A0E13C0088E5E1
S31580E12E2014009DE5109000EB0710A0E19C0088E579
S31580E12E3008009DE50D9000EB0710A0E15C0088E5B8
S31580E12E4008009DE5089000EB24C09DE57C0088E5BF
S31580E12E5001C05CE202B08BE2044084E231FFFF1AFA
S31580E12E6028B08DE220309DE5CC129FE50C2193E7D9
S31580E12E7048319DE51CC08DE5034082E028308DE236
S31580E12E808C0293E724208DE5F88F00EB10509BE5CB
S31580E12E9020B08BE20510A0E10060A0E1F38F00EBAA
S31580E12EA00510A0E10080A0E10600A0E1EE8F00EB35
S31580E12EB018A01BE508501BE50510A0E10060A0E124
S31580E12EC00A00A0E1E98F00EB0510A0E10070A0E126
S31580E12ED00A00A0E1E48F00EB4C129FE5749000EBD1
S31580E12EE00710A0E1E08F00EB0710A0E10050A0E120
S31580E12EF00800A0E1DD8F00EB0710A0E108008DE579
S31580E12F000800A0E1D88F00EB0510A0E10C008DE56B
S31580E12F100600A0E1D58F00EB0510A0E110008DE55C
S31580E12F200600A0E1D08F00EB0C601BE514501BE599
S31580E12F300510A0E114008DE50600A0E1CB8F00EB42
S31580E12F400510A0E100A0A0E10600A0E1C68F00EB9C
S31580E12F501C701BE504601BE50610A0E10050A0E1B2
S31580E12F600700A0E1C18F00EB0610A0E118008DE516
S31580E12F700700A0E1BC8F00EB0A10A0E10080A0E190
S31580E12F8018009DE5B98F00EB0810A0E10060A0E193
S31580E12F900500A0E1B58F00EB90119FE5449000EB31
S31580E12FA08C119FE50070A0E10500A0E1409000EB67
S31580E12FB00010A0E10700A0E1AB8F00EB0610A0E1D5
S31580E12FC0A98F00EB0A10A0E10050A0E118009DE571
S31580E12FD0A58F00EB50119FE5359000EB0510A0E140
S31580E12FE0A18F00EB4C119FE500A0A0E10800A0E1D4
S31580E12FF02F9000EB0010A0E10700A0E19A8F00EB93
S31580E130000A10A0E1988F00EB0610A0E10070A0E124
S31580E1301008009DE5958F00EBE39000EB04309DE59C
S31580E1302024209DE5000BA0E1201BD3E748319DE5F7
S31580E1303008009DE50310C2E70610A0E18A8F00EB48
S31580E13040D99000EB04309DE50510A0E1000BA0E1ED
S31580E13050202BD3E70720C4E510009DE5838F00EBA5
S31580E13060D19000EB04309DE50510A0E1000BA0E1D5
S31580E13070202BD3E70120C4E510009DE57A8F00EB94
S31580E13080C99000EB04309DE50A10A0E1000BA0E1B8
S31580E13090202BD3E70620C4E514009DE5738F00EB72
S31580E130A0C19000EB04309DE50A10A0E1000BA0E1A0
S31580E130B0202BD3E70220C4E514009DE56A8F00EB5F
S31580E130C0B99000EB04309DE50710A0E1000BA0E18B
S31580E130D0202BD3E70520C4E50C009DE5638F00EB4B
S31580E130E0B19000EB04309DE50710A0E1000BA0E173
S31580E130F0202BD3E70320C4E50C009DE55A8F00EB36
S31580E13100A99000EB1CC09DE504309DE501C08CE2F1
S31580E1311008005CE3000BA0E1202BD3E70420C4E5A3
S31580E131204FFFFF1A4ADF8DE2F08DBDE8F304B53F2C
S31580E131305E83EC3F753D2740D48B8A3F0020004477
S31580E13140DC3190E5402190E55C2083E5742090E5D3
S31580E13150602083E51EFF2FE1FF4D2DE9DC4190E5FF
S31580E131600270A0E1403190E55C2094E50050A0E159
S31580E13170030052E134809DE51A0000BAD8B090E5AB
S31580E1318001C0A0E10430A0E10060A0E3242095E540
S31580E131905810A0E3020056E196B121E004A083E253
S31580E131A00E0000AA60E09AE506219CE70CC08DE559
S31580E131B000C097E50EE1A0E19E2C2CE00C3083E285
S31580E131C00C20A0E10500A0E130C09AE53CFF2FE1AB
S31580E131D0016086E20A30A0E10CC09DE5EAFFFFEAE4
S31580E131E00030A0E35C3084E55C2094E5406195E5C0
S31580E131F0603094E5066062E0030056E10360A02159
S31580E1320038109DE5003098E530E09DE5011063E0FA
S31580E13210010056E10160A021E01195E500608DE5B0
S31580E1322003318EE004C091E50500A0E10C1084E253
S31580E132303CFF2FE1003098E5063083E0003088E5F9
S31580E13240603094E5033066E0603084E55C3094E597
S31580E13250036086E0403195E55C6084E5030056E1F4
S31580E13260003097A5013083A2003087A510D08DE28A
S31580E13270F08DBDE8002083E51EFF2FE10020A0E36D
S31580E13280002083E51EFF2FE130402DE9005093E5D4
S31580E132900030A0E3401190E5010053E10A0000AA65
S31580E132A0031195E770C090E503E192E70CC081E0F8
S31580E132B00C0051E10140DE340240C1340140413528
S31580E132C0FAFFFF3A013083E2F1FFFFEA3080BDE8A1
S31580E132D0F34D2DE9DCC190E5006093E5043091E59D
S31580E132E00050A0E103308CE09670D3E58C80D3E585
S31580E132F004A042E20040A0E301B047E2403195E517
S31580E13300030054E1190000AA043196E7702095E59F
S31580E133100400BAE5022083E0020053E10700002AB7
S31580E1332001E0D0E40310A0E108C061E00C0073E1A4
S31580E1333001E0C114FBFFFF1A083083E0F5FFFFEAE5
S31580E13340010057E3070000DA703095E504308DE53A
S31580E1335000B08DE50600A0E10410A0E10620A0E121
S31580E13360013084E2C41100EB074084E0E2FFFFEA2A
S31580E1337008D08DE2F08DBDE8F3412DE9006093E55B
S31580E133800050A0E10270A0E10040A0E30180A0E34B
S31580E13390403195E5030054E1120000AA043196E735
S31580E133A0701095E5842097E7011083E0010053E1F1
S31580E133B00100D2340200C33401004335FAFFFF3AFB
S31580E133C0703095E504308DE50410A0E1013084E2AA
S31580E133D000808DE50600A0E10620A0E1A61100EBC4
S31580E133E0024084E2E9FFFFEA08D08DE2F081BDE8A0
S31580E133F0FF4D2DE9043090E50110A0E3003093E51F
S31580E13400A020A0E300B0A0E133FF2FE1D0319FE51A
S31580E13410DC018BE5003080E5C8319FE5043080E54D
S31580E134200030A0E3083080E534319BE50050A0E12F
S31580E13430000053E30500000A00309BE51A20A0E373
S31580E13440142083E50B00A0E1003093E533FF2FE103
S31580E13450D8609BE5344085E20580A0E124209BE5A8
S31580E13460083065E0020053E15B0000AA0C1096E5A6
S31580E13470280096E5083096E5242096E504308DE52A
S31580E13480910000E044319BE548119BE50C208DE5F8
S31580E1349008308DE5DE8B00EB341096E53C319BE51B
S31580E134A0000051E300308DE540A19BE508309DE5C4
S31580E134B00C209DE530319F050070A0E1300084E568
S31580E134C00C00000A04009DE50310A0E1920000E0F3
S31580E134D0CF8B00EB00109DE507206AE0122F6FE1AC
S31580E134E0A222A0E1010050E10A0057010030A0E1EB
S31580E134F00200001AF4309FE5003084E5320000EAEC
S31580E1350000109DE5800051E10700001A000052E3BA
S31580E13510DC309F150200001A87005AE10200001A8A
S31580E13520D0309FE5003084E51C0000EA00009DE58F
S31580E135300310A0E104308DE5EC8B00EB000051E354
S31580E135401000001A0A00A0E10710A0E1E78B00EB6A
S31580E1355004309DE5000051E30A00001A98209FE5BA
S31580E135600310A0E1002084E500009DE5A88B00EB37
S31580E135700710A0E18C00C8E50A00A0E1A48B00EB6E
S31580E135809600C8E5050000EA00309BE52720A0E328
S31580E13590142083E50B00A0E1003093E533FF2FE1B2
S31580E135A004309BE53C119BE570009BE5087093E553
S31580E135B02A1100EB0110A0E340319BE50020A0E158
S31580E135C00B00A0E137FF2FE1280004E5586086E291
S31580E135D0044084E2018088E29FFFFFEA10D08DE219
S31580E135E0F08DBDE84031E1805831E1807C32E18087
S31580E135F07432E1808832E1807833E180D032E180D3
S31580E13600043090E5F0412DE9003093E50110A0E327
S31580E13610012BA0E3E05190E50040A0E133FF2FE1EB
S31580E13620043094E50110A0E3003093E5012BA0E39B
S31580E13630B8709FE5080085E50400A0E133FF2FE13E
S31580E13640043094E50110A0E3003093E5012BA0E37B
S31580E136500C0085E50400A0E133FF2FE1043094E519
S31580E136600110A0E3003093E5012BA0E3100085E58E
S31580E136700400A0E133FF2FE1086095E50C4095E574
S31580E1368010C095E568E09FE568109FE50030A0E30E
S31580E13690140085E560509FE5970308E05C209FE58F
S31580E136A0022088E04228A0E1032186E7950302E033
S31580E136B0E22842E2512C42E24228A0E1032184E75A
S31580E136C09E0302E05B2882E2692C82E203218CE799
S31580E136D0910302E0B22982E2322D82E2032180E780
S31580E136E0013083E2010C53E3EAFFFF1AF081BDE882
S31580E136F0E96601002E49FFFFE7A7FFFFA2C50100AA
S31580E13700800B4DFFE0C190E5F04D2DE970E090E54D
S31580E1371018D04DE2500190E504008DE508009CE566
S31580E1372008008DE50221A0E10C009CE514609CE592
S31580E137300C008DE5022063E010009CE500E08DE55C
S31580E1374010008DE514208DE538209DE5012052E2BB
S31580E1375038208DE52200004A14209DE5000091E5A0
S31580E13760022083E0027090E7040091E5028090E711
S31580E13770080091E502A090E7040093E40020A0E32D
S31580E1378000C09DE5030080E20C0052E1EDFFFF0AF7
S31580E137900240DAE708509DE502C0D7E704B195E734
S31580E137A004509DE502E0D8E70CC085E010509DE528
S31580E137B00BB0DCE703B040E50EB196E7044195E74F
S31580E137C0012082E204408BE04448DCE7024040E5A8
S31580E137D00C409DE50EE194E70EC0DCE701C040E5D3
S31580E137E0E6FFFFEA18D08DE2F08DBDE8E0C190E515
S31580E137F0F04D2DE90221A0E120E09DE518409CE510
S31580E13800705090E5022063E001E05EE21800004A34
S31580E1381000C091E5020083E000609CE704C091E589
S31580E1382004A093E400709CE708C091E500809CE7E2
S31580E138300000A0E3050050E1F2FFFF0A00B0D7E700
S31580E1384000C0D6E701BC8BE20BB194E70CC194E7EB
S31580E138500BC08CE000B0D8E702BC8BE20BB194E7F9
S31580E138600BC08CE04CC8A0E100C0CAE7010080E251
S31580E13870EFFFFFEAF08DBDE8F04D2DE90221A0E1F1
S31580E1388020409DE5705090E5022063E0014054E2DE
S31580E138901700004A00C091E5020083E000609CE7E2
S31580E138A004C091E504E093E400709CE708C091E5EB
S31580E138B000809CE700C0A0E305005CE103E08EE2C6
S31580E138C0F1FFFF0A0C00D7E70CB0D8E70CA0D6E7EA
S31580E138D002004EE50AA080E00B0080E080A04AE28B
S31580E138E0800040E203A04EE501004EE501C08CE296
S31580E138F0F0FFFFEAF08DBDE8E0C190E5F04D2DE9FE
S31580E139000221A0E118409CE5705090E5022063E039
S31580E1391020009DE5010050E220008DE51E00004A71
S31580E1392000C091E5020083E000609CE704C091E578
S31580E1393004A093E400709CE708C091E500809CE7D1
S31580E1394000C0A0E305005CE1F0FFFF0A0CE0D7E7E9
S31580E139500CB0D6E70C00D8E70EB08BE00E0080E025
S31580E1396080B04BE2800040E2FFB00BE201EC8EE2F8
S31580E139700BB194E70EE194E7FF0000E2020C80E2EE
S31580E139800EE08BE000B194E70BE08EE04EE8A0E13B
S31580E139900CE0CAE701C08CE2E9FFFFEAF08DBDE801
S31580E139A0F0412DE90221A0E118E09DE5704090E526
S31580E139B0022063E001E05EE21300004A00C091E587
S31580E139C0020083E000509CE704C091E500609CE73B
S31580E139D008C091E500709CE704C093E40000A0E391
S31580E139E0040050E103C08CE2F1FFFF0A0080D5E7D5
S31580E139F003804CE50080D6E702804CE50080D7E77E
S31580E13A0001804CE5010080E2F4FFFFEAF081BDE848
S31580E13A10F04D2DE9244090E50221A0E120509DE57D
S31580E13A20707090E5022063E0008064E2015055E227
S31580E13A30F08DBD48026083E00000A0E3040050E120
S31580E13A400B0000AA00C191E706E09CE700C093E580
S31580E13A5007A08EE000C08CE00A005EE104C08CE045
S31580E13A6001B0DE1408B0CC17FAFFFF1A010080E23C
S31580E13A70F1FFFFEA043083E2EBFFFFEA70402DE9D4
S31580E13A800221A0E110E09DE5705090E5022063E01F
S31580E13A9001E05EE20C00004A004091E502C083E06D
S31580E13AA00CC094E7040093E405608CE006005CE1D9
S31580E13AB0030080E2F5FFFF0A0140DCE4014040E5D6
S31580E13AC0024040E5034040E5F7FFFFEA7080BDE84C
S31580E13AD0E0C190E5F04D2DE90221A0E118D04DE25B
S31580E13AE070E090E5505190E508709CE50C009CE50E
S31580E13AF014809CE504008DE5022063E010009CE5DE
S31580E13B0000E08DE508008DE514208DE538209DE502
S31580E13B10012052E238208DE52D00004A14209DE5F2
S31580E13B20000091E5022083E0020090E70C008DE53C
S31580E13B30040091E504C093E4020090E710008DE56E
S31580E13B40080091E502A090E70C0091E502B090E7CC
S31580E13B500020A0E300009DE504C08CE2000052E174
S31580E13B60E9FFFF0A0260DAE710E09DE50C009DE5DA
S31580E13B700240DEE70200D0E706E197E70EE080E06B
S31580E13B80FFE06EE20EE0D5E704E04CE508E09DE576
S31580E13B9006E19EE7046198E70EE086E04EE880E084
S31580E13BA0FFE06EE20EE0D5E703E04CE504E09DE55B
S31580E13BB004E19EE70E0080E0FF0060E20000D5E7C9
S31580E13BC002004CE50200DBE701004CE5012082E2E0
S31580E13BD0DFFFFFEA18D08DE2F08DBDE81EFF2FE111
S31580E13BE007402DE910C09DE500C08DE5700090E5A8
S31580E13BF004008DE5000091E50210A0E10320A0E13B
S31580E13C000030A0E39C0F00EB0CD08DE204F09DE444
S31580E13C10F8452DE9043090E50110A0E3003093E505
S31580E13C201C20A0E30040A0E133FF2FE1C8339FE5EC
S31580E13C30242094E5E00184E5003080E5283094E5B0
S31580E13C400050A0E1011043E2060051E30E00008A34
S31580E13C500130A0E31331A0E1660013E30500001A09
S31580E13C60180013E30500001A010013E30600000AB9
S31580E13C70010052E3020000EA030052E3000000EA99
S31580E13C80040052E30200001A070000EA000052E352
S31580E13C90050000CA003094E50B20A0E3142083E5FB
S31580E13CA00400A0E1003093E533FF2FE1303194E564
S31580E13CB0000053E30900000A283094E50430C3E3A9
S31580E13CC0020053E30500000A003094E51C20A0E3DE
S31580E13CD0142083E50400A0E1003093E533FF2FE172
S31580E13CE02C2094E5283094E5011042E2050051E369
S31580E13CF001F19F97AD0000EA103DE180183EE18039
S31580E13D00B03FE180843FE180B03FE180503FE18098
S31580E13D100120A0E3013043E2782084E5060053E305
S31580E13D2003F19F97A80000EA443DE180783DE18078
S31580E13D30443DE180CC3FE180CC3FE180CC3FE180F6
S31580E13D40443DE180B4329FE5241094E5043085E575
S31580E13D505800A0E30130A0E300C0A0E3010053E1F5
S31580E13D609F0000AAD82094E5902322E0013083E2E7
S31580E13D7034C082E5F8FFFFEA303194E5000053E391
S31580E13D800300000A010053E30400001A70329FE544
S31580E13D90000000EA6C329FE5043085E5050000EA23
S31580E13DA0003094E51C20A0E3142083E50400A0E123
S31580E13DB0003093E533FF2FE1043094E50110A0E371
S31580E13DC0003093E50400A0E1032BA0E3E05194E504
S31580E13DD033FF2FE130E29FE530C29FE530129FE568
S31580E13DE00030A0E3180085E59E0302E0040080E24E
S31580E13DF0042000E59C0302E0FC2380E5910302E0D8
S31580E13E00013083E2022982E2010C53E3FC2780E55B
S31580E13E10F4FFFF1A720000EA0320A0E3013043E2D7
S31580E13E20782084E5060053E303F19F97660000EA74
S31580E13E304C3EE180603FE180543EE180CC3FE180D1
S31580E13E40CC3FE180CC3FE1805C3EE180C4319FE5BF
S31580E13E505B0000EAC0319FE5500000EAB8319FE59A
S31580E13E60043085E5043094E50110A0E3003093E564
S31580E13E70012BA0E30400A0E1E05194E533FF2FE1BB
S31580E13E80043094E50110A0E3003093E5012BA0E333
S31580E13E9088819FE5080085E50400A0E133FF2FE1F5
S31580E13EA0043094E50110A0E3003093E5012BA0E313
S31580E13EB00C0085E50400A0E133FF2FE1043094E5B1
S31580E13EC00110A0E3003093E5012BA0E3100085E526
S31580E13ED00400A0E133FF2FE1087095E50C6095E5DC
S31580E13EE010C095E538E19FE538119FE50030A0E304
S31580E13EF0140085E530519FE598030AE02C219FE582
S31580E13F0002208AE04228A0E195030AE0032187E7BF
S31580E13F101C219FE502208AE04228A0E19E030AE077
S31580E13F20032186E70C219FE502208AE091030AE0DE
S31580E13F3003218CE700219FE502208AE0032180E7C7
S31580E13F40013083E2010C53E3EAFFFF1A240000EA21
S31580E13F500320A0E3060053E3782084E51A00001AE3
S31580E13F60303194E5000053E30300000A010053E396
S31580E13F701500001AC4309FE5110000EAC0309FE5C4
S31580E13F800F0000EA0420A0E3020053E1782084E5F3
S31580E13F900A00000A050053E30B00001AA4309FE5EE
S31580E13FA0043085E50400A0E194FDFFEB0C0000EA16
S31580E13FB0030052E10400001A243094E5783084E568
S31580E13FC084309FE5043085E5050000EA003094E51C
S31580E13FD01C20A0E3142083E50400A0E1003093E5F2
S31580E13FE033FF2FE1543094E5000053E30130A01311
S31580E13FF0783094057C3084E5F885BDE8DC3BE1806A
S31580E14000E03BE180F838E180EC37E1808B4C0000E1
S31580E14010469600002F1D00007C3AE1800437E1805E
S31580E14020D3CD02005D92FEFFCD4FFFFF448B0300AF
S31580E14030809699FE00DE3AFE80D1B60080995800DE
S31580E140407838E180A039E180D03AE180103AE180A8
S31580E14050DC3190E50020A0E3242083E5742090E51F
S31580E140602C2083E51EFF2FE138402DE914509DE594
S31580E14070DC3190E500E095E50CC093E510309DE5F7
S31580E140800240A0E10E3183E0002092E53CFF2FE182
S31580E14090003095E5013083E2003085E5003094E536
S31580E140A0013083E2003084E53880BDE8F04D2DE9CA
S31580E140B0DCE190E520D04DE210409EE504408DE5BF
S31580E140C014409EE508408DE51C809EE518409EE5FE
S31580E140D000E091E5006093E502E19EE710E08DE581
S31580E140E004E091E5703090E5081091E502E19EE704
S31580E140F0A370A0E1022191E714208DE550C190E5FE
S31580E1410007208EE010109DE518308DE51C208DE5A9
S31580E141100630A0E114209DE50C408DE500208DE57B
S31580E141201C209DE5063083E202005EE1021081E219
S31580E141301D00000A00409DE50CB09DE50120D4E418
S31580E1414000408DE504409DE5025194E70140DEE4BF
S31580E1415002219BE704A198E705508CE002208AE0E2
S31580E1416008A09DE542288CE004419AE702A051E54A
S31580E1417004408CE00AB0D5E706B043E50AB0D2E761
S31580E1418005B043E50AA0D4E704A043E501A051E5E3
S31580E141900A50D5E7035043E50A20D2E7022043E5FA
S31580E141A00A20D4E7012043E5DCFFFFEA0630A0E3FD
S31580E141B0970303E0701090E5032086E0010011E3A8
S31580E141C01600000A14109DE518009DE504509DE552
S31580E141D0A000D1E70010DEE50CE09DE5014198E71E
S31580E141E000E19EE7000195E70EE084E008409DE569
S31580E141F0014194E710109DE58710D1E701508CE0ED
S31580E142000000D5E70300C6E74E388CE00130D3E7FE
S31580E1421004C08CE00130C2E50130DCE70230C2E562
S31580E1422020D08DE2F08DBDE8F04D2DE9DCE190E521
S31580E1423030D04DE210409EE50C408DE514409EE580
S31580E1424010408DE518409EE51CE09EE518E08DE581
S31580E1425000E091E514408DE582419EE782E18EE0C2
S31580E1426004E09EE520E08DE504E091E5081091E526
S31580E1427002A19EE7022191E724208DE5002093E5C6
S31580E14280043093E504308DE5703090E528308DE596
S31580E14290A350A0E105108AE050C190E504309DE588
S31580E142A020609DE52C108DE50470A0E124109DE54C
S31580E142B01C408DE500208DE508108DE52C109DE5EF
S31580E142C0062082E201005AE1063083E2027087E24B
S31580E142D0026086E22C00000A08E09DE514B09DE5C7
S31580E142E00110DEE408E08DE50CE09DE518809DE5B2
S31580E142F001419EE701E0DAE401119BE70E8198E74F
S31580E1430004408CE0011088E010809DE541188CE046
S31580E143100EE198E7028057E50EE08CE008B0D4E73D
S31580E1432006B042E508B0D1E705B042E50880DEE7B0
S31580E14330048042E5018057E508B0D4E703B042E561
S31580E1434008B0D1E702B042E50880DEE7018042E5C8
S31580E14350028056E508B0D4E706B043E508B0D1E778
S31580E1436005B043E50880DEE7048043E5018056E554
S31580E143700840D4E7034043E50810D1E7021043E55E
S31580E143800810DEE7011043E5CBFFFFEA0630A0E344
S31580E14390950303E000209DE5700090E5031082E03F
S31580E143A004209DE5010010E3032082E02100000A5C
S31580E143B028E09DE524009DE50040DAE5AE00D0E702
S31580E143C014709DE50CE09DE518609DE500E19EE7B2
S31580E143D0046196E7000197E70EE08CE0006086E0F5
S31580E143E010009DE500809DE5044190E71C009DE578
S31580E143F046688CE08570D0E704C08CE00700DEE794
S31580E144000300C8E70700D6E70100C1E50700DCE75E
S31580E144100200C1E520109DE58510D1E70100DEE7C8
S31580E1442004E09DE50300CEE70130D6E70130C2E541
S31580E144300130DCE70230C2E530D08DE2F08DBDE8B7
S31580E14440F0402DE9DC5190E514D04DE20270A0E117
S31580E14450242095E52C609DE5000052E328309DE51A
S31580E1446000E096E50B00000A0140A0E300408DE5FF
S31580E144700010A0E3282095E504208DE5200085E263
S31580E144800E2183E00130A0E17B0D00EB0030A0E35B
S31580E14490243085E5160000EA2CC095E530209DE5BF
S31580E144A002005CE302206EE002C0A02302005CE130
S31580E144B00C40A0310240A021020054E30E21A0E18C
S31580E144C00EC193E7023083002030951504309305C1
S31580E144D00C308D150130A01308C08DE50C308D05AB
S31580E144E0243085150CC095E5002097E508308DE2EE
S31580E144F03CFF2FE1003096E5043083E0003086E52D
S31580E14500243095E52CC095E5000053E30CC064E0CA
S31580E145102CC085E5003097050130830200308705A0
S31580E1452014D08DE2F080BDE8043090E5F0412DE9CC
S31580E14530003093E50110A0E33020A0E30040A0E144
S31580E1454033FF2FE138329FE5782094E50010A0E330
S31580E14550DC0184E5003080E5703094E50050A0E12F
S31580E14560930202E0403194E5081080E5020053E3CE
S31580E14570282080E50A00001A08329FE5043080E5AC
S31580E1458004329FE50C3080E5043094E50400A0E137
S31580E14590043093E50110A0E333FF2FE1200085E5A8
S31580E145A0040000EAE4319FE5043080E5E0319FE5EF
S31580E145B00C3080E5201080E5283094E5DC5194E5E7
S31580E145C0070053E3043094E50400A0E1003093E56D
S31580E145D00110A0E3012BA0E33400001A33FF2FE1A1
S31580E145E00110A0E3012BA0E3A8719FE5100085E50A
S31580E145F0043094E50400A0E1003093E533FF2FE138
S31580E146000110A0E3012BA0E3140085E5043094E5D5
S31580E146100400A0E1003093E533FF2FE10110A0E330
S31580E14620012BA0E3180085E5043094E50400A0E1C0
S31580E14630003093E533FF2FE1106095E5144095E571
S31580E1464018C095E550E19FE550119FE50030A0E364
S31580E146501C0085E548519FE5970308E044219FE5E5
S31580E14660022088E04228A0E1950308E0032186E75D
S31580E1467034219FE5022088E04228A0E19E0308E0FC
S31580E14680032184E724219FE5022088E0910308E065
S31580E1469003218CE718219FE5022088E0032180E74A
S31580E146A0013083E2010C53E3EAFFFF1AF081BDE8B2
S31580E146B033FF2FE10110A0E3012BA0E3F4709FE526
S31580E146C0100085E5043094E50400A0E1003093E52F
S31580E146D033FF2FE10110A0E3012BA0E3140085E570
S31580E146E0043094E50400A0E1003093E533FF2FE147
S31580E146F00110A0E3012BA0E3180085E5043094E5E1
S31580E147000400A0E1003093E533FF2FE1106095E5E9
S31580E14710144095E518C095E59CE09FE59C109FE5E2
S31580E147200030A0E31C0085E594509FE5970308E0FF
S31580E1473090209FE5022088E04228A0E1032186E7D8
S31580E14740950302E0E22842E2512C42E24228A0E1CE
S31580E14750032184E79E0302E05B2882E2692C82E200
S31580E1476003218CE7910302E0B22982E2322D82E2D3
S31580E14770032180E7013083E2010C53E3EAFFFF1A6C
S31580E14780F081BDE85040E1804044E1802842E1800B
S31580E147906840E180AC40E180D3CD02005D92FEFFCE
S31580E147A0CD4FFFFF448B0300809699FE00DE3AFEF3
S31580E147B080D1B60080995800E96601002E49FFFF55
S31580E147C0E7A7FFFFA2C50100800B4DFFF34D2DE961
S31580E147D0786090E5E4C190E570B090E5C60FC6E1FA
S31580E147E018709CE500C0A0E300308DE504008DE5FE
S31580E147F000309DE503005CE1140000AA0CE192E73C
S31580E148000C4191E70B808EE008005EE10D00000A25
S31580E148100000A0E30050A0E1060050E1050000AAF7
S31580E1482000A0D4E7003197E7010080E20AA0D3E750
S31580E148300A5085E0F7FFFFEA04309DE50150CEE4BA
S31580E14840034084E0EFFFFFEA01C08CE2E7FFFFEA85
S31580E1485008D08DE2F08DBDE8E4C190E5F04D2DE91B
S31580E1486018C09CE5708090E5E0009CE80000A0E33C
S31580E14870030050E1110000AA004192E700C191E7EF
S31580E1488008A084E00A0054E103C08CE20900000A32
S31580E1489003E05CE50EB0D5E702E05CE50EE0D6E745
S31580E148A00EE08BE001B05CE50BB0D7E70BE08EE084
S31580E148B001E0C4E4F2FFFFEA010080E2EBFFFFEAF8
S31580E148C0F08DBDE8F04D2DE928D04DE224308DE51F
S31580E148D0E43190E5700090E518C093E520208DE500
S31580E148E000E09CE504E08DE504E09CE508C09CE5FC
S31580E148F00CC08DE500C0A0E308E08DE510008DE5F4
S31580E1490024209DE502005CE12E0000AA300093E5BB
S31580E1491020209DE500E3A0E10C6192E710409DE552
S31580E1492014E08DE53CE093E5044086E018E08DE512
S31580E14930348093E538A093E50CE191E71C408DE561
S31580E149400040A0E31C209DE503E08EE2020056E1F3
S31580E149501700000A14509DE504209DE504B185E029
S31580E1496003505EE50B7098E7055082E00750D5E786
S31580E1497008209DE502705EE5014084E2077082E0F1
S31580E149800B209AE70F4004E20270D7E718209DE5F5
S31580E14990075085E00BB092E701705EE50C209DE55E
S31580E149A0077082E00B70D7E7075085E00150C6E4D7
S31580E149B0E3FFFFEA010080E20F0000E2300083E5D9
S31580E149C001C08CE2CDFFFFEA28D08DE2F08DBDE813
S31580E149D0F8402DE9705090E5E46190E5025085E27A
S31580E149E00040A0E18550A0E1406086E20070A0E34E
S31580E149F0783094E5030057E1080000AA043094E595
S31580E14A000400A0E1043093E50110A0E30520A0E1D4
S31580E14A1033FF2FE1017087E20400A6E5F3FFFFEAA9
S31580E14A20F880BDE81EFF2FE1003090E52F20A0E35E
S31580E14A30142083E5003093E513FF2FE1F04D2DE956
S31580E14A40707090E558D04DE248308DE578B090E5CC
S31580E14A50503190E52C308DE5013047E220308DE50F
S31580E14A609B0303E0E44190E530308DE5013087E258
S31580E14A708330A0E134308DE500A0A0E3043042E24A
S31580E14A8044108DE518308DE548309DE503005AE107
S31580E14A907E0000AA18309DE50010A0E30400B3E58E
S31580E14AA00720A0E118308DE5777600EB443084E28B
S31580E14AB000308DE500C0A0E300306BE254308DE537
S31580E14AC00B005CE16B0000AA44309DE5541094E54F
S31580E14AD00A2193E718309DE5000051E30C2082E03E
S31580E14AE0003093E50C00000A30109DE534009DE529
S31580E14AF0012082E020109DE50060E0E3013083E063
S31580E14B0054109DE50C108DE500109DE5001091E5B2
S31580E14B10001081E008108DE5040000EA00109DE5B3
S31580E14B200160A0E3001091E508108DE50CB08DE5FC
S31580E14B30181094E514208DE50C1191E738108DE578
S31580E14B40101094E508209DE50C1191E73C108DE568
S31580E14B508610A0E1012082E000E061E204208DE59B
S31580E14B600120E0E3910202E04CE08DE50CE09DE579
S31580E14B700000A0E300E06EE240208DE550E08DE5A7
S31580E14B800020A0E100E066E210708DE51C008DE575
S31580E14B9028E08DE514E09DE50C509DE5063083E047
S31580E14BA005E08EE014E08DE504E09DE501E08EE030
S31580E14BB004E08DE510E09DE500005EE32500000A56
S31580E14BC004E09DE54C809DE528509DE5F8809EE1D9
S31580E14BD014E09DE5082082E050809DE5082082E290
S31580E14BE008E0DEE72C809DE5422288E00EE0D2E710
S31580E14BF038209DE50E80D2E728209DE50220D3E787
S31580E14C00022088E00520C3E73C209DE504509DE530
S31580E14C100820D2E70EE062E08E80A0E108208EE0F7
S31580E14C20020080E024208DE540209DE5B20085E10B
S31580E14C3010509DE524209DE51C009DE5082082E03D
S31580E14C40015045E2020080E010508DE5082082E0C7
S31580E14C501CE08DE5CEFFFFEA970101E008309DE596
S31580E14C6001C08CE2B10083E100309DE5043083E24E
S31580E14C7000308DE591FFFFEA543094E5133F6FE113
S31580E14C80A332A0E1543084E501A08AE27DFFFFEA08
S31580E14C9058D08DE2F08DBDE8F04D2DE9786090E554
S31580E14CA020D04DE218308DE5E45190E5703090E505
S31580E14CB000308DE5048042E2003066E20040A0E308
S31580E14CC014108DE51C308DE518309DE5030054E127
S31580E14CD0310000AA0010A0E300209DE50400B8E5BC
S31580E14CE0E97500EB0510A0E13030B1E50000A0E305
S31580E14CF00323A0E10C208DE5060050E1210000AA06
S31580E14D00182095E500C098E5002192E704208DE51D
S31580E14D100420B1E508208DE514209DE504E192E7C4
S31580E14D2000209DE500E08EE002208CE010208DE5FC
S31580E14D300020A0E310709DE506E08EE007005CE1CF
S31580E14D400E00000A0CB09DE508709DE51CA09DE56E
S31580E14D5002B18BE00BB097E70AA0DEE704709DE530
S31580E14D60012082E20AA087E00BA0DAE700B0DCE569
S31580E14D700F2002E20BA08AE001A0CCE4ECFFFFEA7F
S31580E14D80010080E2DBFFFFEA013083E20F3003E2DC
S31580E14D90303085E5014084E2CAFFFFEA20D08DE22A
S31580E14DA0F08DBDE8FF4D2DE9583090E5E46190E561
S31580E14DB0010053E31C30860538519F05043090E5A8
S31580E14DC00050A0130080A0E108C093E51C50861531
S31580E14DD0783098E50110A0E3012C85E23CFF2FE1D4
S31580E14DE014B096E51C3086E20070A0E300308DE5D4
S31580E14DF0180086E5783098E5030057E13B0000AA84
S31580E14E0000309DE50B00A0E10440B3E500308DE57F
S31580E14E100410A0E17E8500EB000055E3182096158D
S31580E14E2001A044E28AA0A0E1FE4084E20A10A0E16A
S31580E14E300731921700B0A0E1FF3083120731821764
S31580E14E40183096E50400A0E1073193E708308DE557
S31580E14E506F8500EB0010A0E308309DE50120A0E11D
S31580E14E6004408DE50140A0E1000052E10C0000DA4A
S31580E14E70014084E208308DE58414A0E104309DE5AB
S31580E14E808400A0E1010060E0000083E00A10A0E177
S31580E14E900C208DE55E8500EB0C209DE508309DE5D7
S31580E14EA0F0FFFFEA840B6EE10410A0E102E0C3E7C4
S31580E14EB0012082E2010C52E3E9FFFF1A000055E38B
S31580E14EC00800000A0320A0E1FF1083E2FF0043E22D
S31580E14ED000E0D3E501E062E5FFE0D3E5000052E1E1
S31580E14EE001E0E1E5F9FFFF1A017087E2C0FFFFEA21
S31580E14EF010D08DE2F08DBDE8FE010000FF4D2DE979
S31580E14F00E45190E50040A0E1103095E5883080E5F8
S31580E14F10143095E5843080E5583090E5010053E31F
S31580E14F200900000A0200003A020053E34F00000A3A
S31580E14F30640000EA783090E5030053E3A8319F05E9
S31580E14F40A8319F15043085E5650000EA783090E563
S31580E14F50030053E398319F0598319F15043085E529
S31580E14F600030A0E3303085E51C3095E5000053E361
S31580E14F700000001A8AFFFFEB345095E5000055E307
S31580E14F80E4B1940530308B025500001A782094E51F
S31580E14F90020055E1520000AA106013E51C108BE275
S31580E14FA00020A0E3050052E1090000AA0400B1E572
S31580E14FB0000056E10400001A02218BE034A092E55C
S31580E14FC000005AE32600001A010000EA012082E28D
S31580E14FD0F3FFFFEA042094E50400A0E100C092E536
S31580E14FE00110A0E3012BA0E304308DE53CFF2FE126
S31580E14FF0016046E200C19FE504309DE58664A0E15B
S31580E150000080A0E300A0A0E108218AE00070A0E38F
S31580E1501008308DE5E4309FE50C208DE5071083E0CF
S31580E150200800D1E70610A0E19C0000E004C08DE510
S31580E15030FE0C80E2010080E2F58400EB0C209DE528
S31580E1504004C09DE508309DE5070182E7017087E2AE
S31580E15050100057E3EDFFFF1A108088E2010C58E358
S31580E15060E8FFFF1A04A0A3E5015085E2C6FFFFEA47
S31580E150708C309FE5043085E50030A0E3543085E54A
S31580E15080443095E5000053E30000001A4FFEFFEB44
S31580E15090706094E5405085E2026086E28660A0E138
S31580E150A00070A0E3783094E5030057E10C0000AA94
S31580E150B00400B5E50010A0E30620A0E1F27400EB60
S31580E150C0017087E2F6FFFFEA003090E53120A0E348
S31580E150D0142083E5003093E510D08DE2F04DBDE8F4
S31580E150E013FF2FE110D08DE2F08DBDE85848E180C5
S31580E150F0CC47E180C448E180984CE18002FEFFFF25
S31580E15100B59AE3803C4AE180043090E5F04D2DE9A3
S31580E15110003093E518D04DE20110A0E35820A0E3DA
S31580E151200040A0E133FF2FE128339FE5E40184E5E8
S31580E15130003080E520339FE5083080E51C339FE52C
S31580E151400C3080E50030A0E3443080E5343080E502
S31580E15150783094E5040053E3080000DA003094E502
S31580E151603920A0E3142083E50420A0E3182083E519
S31580E15170003094E50400A0E1003093E533FF2FE1B0
S31580E15180603094E5010C53E3080000DA003094E5E1
S31580E151903B20A0E3142083E5012CA0E3182083E5DE
S31580E151A0003094E50400A0E1003093E533FF2FE180
S31580E151B0E48194E5787094E5203088E200308DE5ED
S31580E151C00150A0E3603094E504308DE5012085E26D
S31580E151D00230A0E10110A0E3070051E1920303B0A0
S31580E151E0011081B2FBFFFFBA04109DE5010053E196
S31580E151F00250A0D1F4FFFFDA010055E30700001A5F
S31580E15200002094E53A10A0E3183082E5003094E579
S31580E15210141082E5003093E50400A0E133FF2FE12D
S31580E152200030A0E301B0A0E3070053E100209DB583
S31580E15230950B0BB0035182B7013083B2F9FFFFBA08
S31580E152401C229FE5000057E31F0000DA00A0A0E3DF
S31580E152502CC094E50A50A0E102005CE30531920797
S31580E1526010208DE500209DE50530A011036192E7D0
S31580E152700B00A0E10610A0E108308DE50CC08DE5BC
S31580E15280638400EB016086E204309DE510209DE5B4
S31580E15290960000E0030050E1090000CA00109DE598
S31580E152A008309DE5015085E2070055E1036181E71C
S31580E152B001A0A0E30CC09DE56200000A00B0A0E178
S31580E152C0E4FFFFEA00005AE3DDFFFF1A783094E558
S31580E152D0030053E3003094E50900001A18B083E532
S31580E152E0202098E51C2083E5242098E5202083E58D
S31580E152F0282098E5242083E56020A0E3142083E537
S31580E15300030000EA6120A0E3142083E518B083E579
S31580E15310003094E5043093E50400A0E10110A0E3B8
S31580E1532033FF2FE1043094E50400A0E108C093E562
S31580E153300110A0E3783094E50B20A0E13CFF2FE15A
S31580E153400050A0E31C3088E20C308DE504B08DE599
S31580E1535008008DE5782094E5020055E12D0000AA4C
S31580E153600C309DE504009DE50420B3E500208DE544
S31580E153700210A0E10C308DE5258400EB00309DE53F
S31580E153800070A0E3013043E2C320A0E10760A0E121
S31580E1539010208DE500A0A0E100209DE5020056E108
S31580E153A0190000AA10209DE5FF00A0E3962020E0E9
S31580E153B00310A0E114308DE5158400EB14309DE5F2
S31580E153C00720A0E100C0A0E10B0052E10B0000AA9A
S31580E153D00010A0E30A0051E1050000AA08009DE55E
S31580E153E0050190E7020080E001C0C0E7011081E29B
S31580E153F0F7FFFFEA04109DE5012082E0F1FFFFEA75
S31580E15400016086E20A7087E0E2FFFFEA015085E209
S31580E1541004A08DE5CEFFFFEA08309DE5103088E5F2
S31580E1542014B088E50400A0E15DFEFFEB583094E519
S31580E15430020053E30500001A0400A0E118D08DE2D2
S31580E15440F04DBDE861FDFFEA00B0A0E17CFFFFEA37
S31580E1545018D08DE2F08DBDE8FC4EE180244AE180F2
S31580E15460284AE180A878E380E42190E5F0412DE9BE
S31580E15470186092E5707090E500E0A0E30280A0E319
S31580E1548003005EE1170000AA0E0191E70740A0E163
S31580E15490030080E2000054E31000000A032050E597
S31580E154A002C050E5A221A0E12CC1A0E1025196E71C
S31580E154B00C23A0E101C050E5014044E2ACC1A0E18A
S31580E154C0882C0CE1BC2095E1030080E2012082E298
S31580E154D00228A0E12228B0E1BC208511ECFFFFEA99
S31580E154E001E08EE2E5FFFFEAF081BDE8043090E578
S31580E154F010402DE9003093E50110A0E388209FE577
S31580E15500E44190E533FF2FE1FF3F80E2283084E5F7
S31580E15510FE1F80E2012B80E20030A0E30430A1E5AA
S31580E1552000C063E2013083E2100053E304C022E568
S31580E15530F9FFFF1A431E80E2081081E20FED80E257
S31580E155400320A0E100C062E2013083E20420A1E50C
S31580E1555004C02EE501C003E201C02CE2300053E332
S31580E155600C2082E0F6FFFF1A4B1E80E2081081E2F2
S31580E15570D030A0E300C062E2013053E20420A125ED
S31580E1558003C18027FBFFFF2A1080BDE8FC070000EE
S31580E155901EFF2FE1E43190E50120A0E31C2083E5A5
S31580E155A01EFF2FE1F8402DE9583090E5E45190E572
S31580E155B0000053E30040A0E1187095E54C00000A35
S31580E155C00230A0E3000051E3583080E50600000A8E
S31580E155D02C319FE5043085E528319FE5083085E566
S31580E155E00130A0E31C3085E5120000EA18319FE521
S31580E155F0043085E514319FE5083085E5843094E50E
S31580E15600000053E3190000CA003094E53A20A0E394
S31580E15610142083E50120A0E3182083E5003094E59A
S31580E156200400A0E1003093E533FF2FE1583094E5A3
S31580E15630020053E31400000A1C3095E5000053E3B1
S31580E15640F880BD08044047E27C7087E20400B4E557
S31580E156500010A0E3012AA0E38B7300EB070054E17D
S31580E15660F9FFFF1A0030A0E31C3085E5F880BDE83C
S31580E15670010C53E3ECFFFFDA003094E53B20A0E335
S31580E15680142083E5012CA0E3E2FFFFEA706094E554
S31580E156900630A0E3930606E0203095E50C6086E2CD
S31580E156A0000053E30600001A043094E50400A0E10B
S31580E156B0043093E50110A0E30620A0E133FF2FE15A
S31580E156C0200085E5200095E50010A0E30620A0E115
S31580E156D06D7300EB283095E5000053E30100001A75
S31580E156E00400A0E180FFFFEB0030A0E3243085E5F4
S31580E156F0D0FFFFEA000051E3B4FFFF1A10309FE5C7
S31580E15700BAFFFFEA6854E180CC62E1808C5FE18098
S31580E157109055E180C05EE180FF4D2DE918E090E58E
S31580E15720090091E8144091E504308DE508408DE566
S31580E1573004409DE5082091E5000054E10CC091E527
S31580E15740103091E53A0000DA0243A0E10050A0E191
S31580E1575083A0A0E10C408DE50C709DE50260A0E19F
S31580E157600C0056E1140000CA05419EE70380A0E1E2
S31580E15770074084E00A4084E008B09DE50B0058E1EB
S31580E157800A0000CAB2B0D4E000005BE30500000A7B
S31580E1579004409DE50500A0E1050054E1005081E566
S31580E157A0090000CA220000EA018088E2F1FFFFEAEF
S31580E157B0016086E2407087E2E8FFFFEA04409DE50A
S31580E157C0015085E2040055E1E2FFFFDA04409DE500
S31580E157D083A0A0E10C709DE50260A0E10C0056E19A
S31580E157E0100000CA04519EE70380A0E1075085E0DE
S31580E157F00A5085E008B09DE50B0058E1060000CA35
S31580E15800B2B0D5E000005BE30440811504408D151C
S31580E158100700001A018088E2F5FFFFEA016086E26F
S31580E15820407087E2ECFFFFEA014044E2000054E188
S31580E15830E7FFFFAA02005CE10273A0C10260A0C19A
S31580E1584083A0A0C1350000DA0050A0E104409DE5C7
S31580E15850040055E1120000CA05419EE70380A0E1FC
S31580E15860074084E00A4084E008B09DE50B0058E1FA
S31580E15870090000CAB2B0D4E000005BE30400000A8C
S31580E1588006005CE10620A0E1086081E5080000CA27
S31580E15890220000EA018088E2F2FFFFEA015085E218
S31580E158A0E9FFFFEA016086E20C0056E1407087E29B
S31580E158B0E4FFFFDA0C73A0E10C50A0E183A0A0E144
S31580E158C00060A0E104409DE5040056E10F0000CAB6
S31580E158D006419EE70380A0E1074084E00A4084E038
S31580E158E008B09DE50B0058E1060000CAB2B0D4E0ED
S31580E158F000005BE30C50811505C0A0110700001A7A
S31580E15900018088E2F5FFFFEA016086E2ECFFFFEACB
S31580E15910015045E2020055E1407047E2E7FFFFAA08
S31580E1592008409DE5030054E102B3A0C10350A0C144
S31580E15930370000DA0060A0E18580A0E104409DE5C2
S31580E15940040056E1140000CA06419EE70270A0E118
S31580E159500B4084E0084084E0404084E20C0057E15B
S31580E159600B0000CA404084E2B0A854E100005AE34B
S31580E159700500000A08409DE50530A0E1050054E1F7
S31580E15980105081E5080000CA210000EA017087E233
S31580E15990F1FFFFEA016086E2E7FFFFEA08409DE565
S31580E159A0015085E2040055E1E1FFFFDA08509DE50B
S31580E159B00060A0E18580A0E104409DE5040056E118
S31580E159C0100000CA06419EE70270A0E10B4084E028
S31580E159D0084084E0404084E20C0057E1070000CAB9
S31580E159E0404084E2B0A854E100005AE314508115A6
S31580E159F008508D150600001A017087E2F5FFFFEA6F
S31580E15A00016086E2EBFFFFEA015045E2030055E1E2
S31580E15A10E6FFFFAA04409DE50C7062E0046060E069
S31580E15A208741A0E1077184E008409DE50662A0E137
S31580E15A30045063E08541A0E1970705E083B0A0E1EA
S31580E15A400570A0E1967625E00560A0E1946425E005
S31580E15A500243A0E1185081E50050A0E30C408DE5BA
S31580E15A6004409DE5040050E1150000CA0C709DE5F7
S31580E15A700260A0E10C0056E10F0000CA00419EE7FA
S31580E15A800380A0E1074084E00B4084E0024044E2E9
S31580E15A9008A09DE50A0058E1040000CAB2A0F4E13D
S31580E15AA0018088E200005AE301508512F7FFFFEAA0
S31580E15AB0016086E2407087E2EDFFFFEA010080E265
S31580E15AC0E6FFFFEA1C5081E510D08DE2F08DBDE85E
S31580E15AD0F04D2DE95BDE4DE208D04DE20C008DE51F
S31580E15AE0E40190E54111A0E1180090E5C221A0E131
S31580E15AF04331A0E118108DE58112A0E120308DE5DA
S31580E15B0028008DE5043081E28202A0E100308DE556
S31580E15B10023080E204308DE520309DE51C1081E283
S31580E15B2083C2A0E104308CE208308DE50C309DE53E
S31580E15B301E0080E2848093E500309DE51CC08CE206
S31580E15B40013083E0C330A0E110308DE504309DE57E
S31580E15B500251E0E300B083E008309DE5CBB0A0E1FF
S31580E15B600CA083E0CAA0A0E100E0A0E31C208DE5C3
S31580E15B7008005EE14E0000AA0C309DE5886093E561
S31580E15B80003096E50E20D3E700309DE5030052E133
S31580E15B90050000AA027063E08770A0E1970703E041
S31580E15BA0022061E00370A0E1070000EA010052E112
S31580E15BB0090000DA027061E08770A0E1970703E0EF
S31580E15BC00370A0E100309DE5022063E08220A0E140
S31580E15BD0920203E00320A0E1080000EA10309DE58F
S31580E15BE00070A0E3030052E100309DC5022061D040
S31580E15BF0022063C08220A0E1920203E00320A0E1BB
S31580E15C00043096E504409DE50E30D3E7040053E188
S31580E15C10034064B0844084B0947427B0060000BA2F
S31580E15C20000053E1034060C0844084C0947427C07F
S31580E15C30030000CA0B0053E1010000CA033060E0B3
S31580E15C40010000EA04409DE5033064E0833083E0AF
S31580E15C50932322E0083096E508409DE50E30D3E7B0
S31580E15C60040053E1034064B0947427B0050000BAA0
S31580E15C700C0053E103406CC0947427C0030000CA52
S31580E15C800A0053E1010000CA03306CE0010000EA3A
S31580E15C9008409DE5033064E0932322E06E3F8DE288
S31580E15CA0020055E10E7183E70250A0A101E08EE288
S31580E15CB0AEFFFFEA0010A0E30130A0E1080053E166
S31580E15CC06E2F8DE2080000AA032192E7050052E1DA
S31580E15CD05B2E8DD2082082D2012082D0003542D53A
S31580E15CE0011081D2013083E2F3FFFFEA0030A0E3C5
S31580E15CF00201E0E3030182E7013083E2800053E3BE
S31580E15D00FBFFFF1A00B0A0E301005BE14C00000A53
S31580E15D10B8308DE20360DBE70C309DE500009DE560
S31580E15D20882093E504C09DE5003092E518E0A0E384
S31580E15D300630D3E7003063E0040092E5082092E57F
S31580E15D400600D0E78330A0E10C0060E006C0D2E730
S31580E15D5008209DE5800080E002C06CE0900002E0D2
S31580E15D60900E0EE0932322E00E00A0E19C2C22E02F
S31580E15D7004C08CE20CC2A0E124C08DE5990E80E2DC
S31580E15D8030008DE524009DE5083083E28332A0E191
S31580E15D9090E08EE2020C80E200C0A0E314308DE553
S31580E15DA02CE08DE534008DE538308DE20C7083E0B2
S31580E15DB007014CE26E3F8DE22CE09DE5000183E038
S31580E15DC010208DE524509DE510409DE500A0A0E1E1
S31580E15DD00780A0E10430BAE5018088E2030054E15E
S31580E15DE034309DE500408AB5054084E0805085E207
S31580E15DF0016048B5030055E1F5FFFF1A10309DE5D6
S31580E15E00047087E20E3083E010308DE530309DE519
S31580E15E1012EE8EE203005EE1100080E2E8FFFF1AF7
S31580E15E2014309DE520C08CE2032082E080005CE3B3
S31580E15E30023C83E214308DE5DAFFFF1A01B08BE292
S31580E15E40B0FFFFEA28309DE518209DE5021283E048
S31580E15E5020309DE50321A0E11C309DE5032482E00D
S31580E15E608220A0E10030A0E3022042E238008DE208
S31580E15E70035191E783C280E00000A0E300E082E085
S31580E15E800EE085E004608CE20140DCE4014084E2DE
S31580E15E9006005CE1B240EEE1FAFFFF1A400080E2E3
S31580E15EA0020C50E3F4FFFF1A013083E2040053E36E
S31580E15EB0EDFFFF1A5BDE8DE208D08DE2F08DBDE865
S31580E15EC0F04D2DE918D04DE210308DE5E43190E5C5
S31580E15ED00080A0E1183093E504308DE501B0A0E1C2
S31580E15EE0703090E502C0A0E10050A0E308308DE576
S31580E15EF010309DE5030055E1210000AA05619CE78C
S31580E15F0005419BE708309DE5034084E2033086E066
S31580E15F100C308DE50C309DE5030056E11600000A54
S31580E15F20031054E5022054E504009DE5013054E573
S31580E15F30A111A0E12221A0E101A190E7A331A0E195
S31580E15F400200A0E30273A0E1807307E1B7009AE162
S31580E15F50000050E30300001A0800A0E114C08DE5BB
S31580E15F60DAFEFFEB14C09DE5B7309AE1034084E2A7
S31580E15F70013043E20130C6E4E5FFFFEA015085E204
S31580E15F80DAFFFFEA18D08DE2F08DBDE8F04D2DE91C
S31580E15F90E47190E578D04DE270308DE5183097E583
S31580E15FA048308DE5503190E528308DE5283097E50C
S31580E15FB02C308DE5883090E570C090E56C208DE5DC
S31580E15FC0002093E54C208DE5042093E5083093E5A8
S31580E15FD054308DE58C308CE0033043E250208DE502
S31580E15FE058308DE50620A0E301308CE268108DE51E
S31580E15FF0920301E00030A0E30C008DE55C108DE5B5
S31580E1600004308DE504309DE570209DE5020053E185
S31580E16010AB0000AA68309DE504209DE5025193E737
S31580E160206C309DE5023193E714308DE5243097E5B8
S31580E16030000053E3203097E50E00000A58209DE5E5
S31580E1604014109DE5025085E001204CE2022081E0BA
S31580E1605014208DE55C209DE5023083E010308DE5EE
S31580E160600030A0E3243087E50230E0E320308DE59F
S31580E160700030E0E3050000EA10308DE50130A0E371
S31580E16080243087E50330A0E320308DE50130A0E3BD
S31580E160903C308DE520309DE50040A0E38330A0E1F2
S31580E160A008308DE5023083E260308DE508309DE58C
S31580E160B010609DE5043083E264308DE50410A0E153
S31580E160C00420A0E10430A0E124C08DE51C408DE5EB
S31580E160D018408DE538408DE534408DE530408DE5DD
S31580E160E024009DE5000050E36800000A64009DE518
S31580E160F028E09DE5F00096E1001081E008009DE54D
S31580E16100081081E2F00096E14112A0E1003083E0DF
S31580E16110083083E22C009DE54332A0E1033190E72C
S31580E1612060009DE503308EE0F00096E1002082E09C
S31580E16130082082E22C009DE54222A0E1020190E75F
S31580E161402C209DE5012192E70010D5E501B0D3E74A
S31580E161500110D5E500308EE001A0D3E70210D5E548
S31580E1616002308EE00180D3E748309DE5CB11A0E196
S31580E16170013193E740308DE5C831A0E14A21A0E1C4
S31580E161808300A0E1020380E044008DE544E09DE5E3
S31580E1619040009DE5BE0090E1000050E30300001A57
S31580E161A00C009DE574C08DE548FEFFEB74C09DE56E
S31580E161B044209DE540309DE53C109DE5B23093E17C
S31580E161C014209DE5013043E20130C2E614208DE5DD
S31580E161D04C209DE538E09DE50320D2E70BB062E0F7
S31580E161E050209DE58B10A0E10320D2E70AA062E072
S31580E161F054209DE58A00A0E10330D2E701208BE0BF
S31580E16200088063E018309DE538808DE5033082E0D3
S31580E16210B030C6E1013082E030209DE530B08DE5D9
S31580E16220032082E018208DE51C209DE5013083E086
S31580E1623000108AE0022081E0B220C6E1002081E000
S31580E1624034109DE534A08DE5021081E0002082E0E6
S31580E162508800A0E11C108DE5001088E0044081E013
S31580E16260001081E0B440C6E101408EE0001081E09B
S31580E1627020009DE5005085E024009DE5010040E297
S31580E1628024008DE508009DE5006086E093FFFFEA46
S31580E1629008509DE510209DE59C0505E010309DE5C3
S31580E162A0B811DDE1053083E0B51082E1BC21DDE1A5
S31580E162B0B220C3E1B440C3E104309DE5013083E21D
S31580E162C04EFFFFEA78D08DE2F08DBDE8E43190E5CE
S31580E162D0F04D2DE940D04DE20C308DE5103093E55F
S31580E162E0883080E50C309DE50110A0E3146093E5EC
S31580E162F0043090E58622A0E1003093E50040A0E1FC
S31580E1630033FF2FE10030A0E31F20A0E33F10A0E39D
S31580E1631000B0A0E1003080E50C0080E90C1080E55A
S31580E16320103080E5142080E50B10A0E1E40194E5CE
S31580E16330F8FCFFEB0130A0E30BC0A0E108B08DE5EE
S31580E1634004308DE504309DE5060053E11E0000AA88
S31580E1635004309DE50010A0E3830056E10120A0E131
S31580E163600B30A0E10100A0E10C0000BA1CE093E54E
S31580E1637000005EE1030000DA185093E5000055E382
S31580E163800310A0C10E00A0C104E09DE5012082E2D8
S31580E163900E0052E1203083E2F3FFFF1A080000EAA3
S31580E163A018E093E5012082E200005EE10E00A0C1E3
S31580E163B004E09DE50310A0C10E0052E1203083E2A6
S31580E163C0F6FFFF1A000051E30100001A0050A0E336
S31580E163D0370000EA20308CE214308DE5043091E517
S31580E163E024308CE50C3091E52C308CE5143091E548
S31580E163F034308CE5003091E520308CE5083091E54C
S31580E1640028308CE5103091E530308CE5003091E52F
S31580E16410040091E50C2091E508A091E5007063E028
S31580E1642010308DE502306AE083E1A0E103E18EE0A0
S31580E16430108091E5143091E50772A0E1035068E0A0
S31580E164400E0057E18551A0E1750000CA870000EA98
S31580E16450883094E5C680A0E100A093E510309DE503
S31580E164600610A0E1080083E0E97F00EB0610A0E1D9
S31580E164700500CAE7883094E504A093E514309DE5EC
S31580E16480080083E0E27F00EB0610A0E10500CAE7A1
S31580E16490883094E5080087E008A093E5DC7F00EB8F
S31580E164A008309DE5203083E208308DE50500CAE7B6
S31580E164B0015085E204309DE5030055E14900000A7B
S31580E164C0E43194E50070A0E3183093E520308DE562
S31580E164D008309DE585229BE7043093E524308DE500
S31580E164E008309DE50760A0E1083093E518308DE539
S31580E164F008309DE514708DE50C3093E528308DE507
S31580E1650008309DE510708DE5108093E5143093E5B4
S31580E165102C308DE518309DE50333A0E138308DE5EB
S31580E165208830A0E13C308DE524309DE5030052E1E1
S31580E16530C6FFFFCA8231A0E138C09DE518109DE50E
S31580E16540043083E230308DE528309DE5030051E16A
S31580E16550220000CA20309DE53C009DE5023193E7AB
S31580E165600C3083E0003083E00101A0E11C308DE551
S31580E16570023080E20800A0E134308DE52C309DE5E3
S31580E16580030050E1120000CA1CE09DE5B230DEE076
S31580E165901CE08DE5000053E30B00000A10A09DE5A9
S31580E165A030E09DE5036086E093AE2EE014A09DE5A4
S31580E165B010E08DE534E09DE593AE2EE014E08DE5C7
S31580E165C080E1A0E104E08EE2937E27E0010080E2B3
S31580E165D0E9FFFFEA011081E240C08CE2D9FFFFEAE0
S31580E165E0012082E2CFFFFFEA003094E56220A0E35A
S31580E165F0845084E5142083E5185083E5003094E5E2
S31580E166000400A0E1043093E50110A0E333FF2FE11C
S31580E166100C209DE50130A0E31C3082E540D08DE27F
S31580E16620F08DBDE8070055E1190000CA10309DE5FF
S31580E16630030080E0A00F80E0C000A0E1040081E5D6
S31580E16640010080E220008CE5E40194E531FCFFEB7A
S31580E16650E40194E514109DE52EFCFFEB04309DE505
S31580E1666014C09DE5013083E204308DE534FFFFEA15
S31580E166700E0055E1060000CA0A2082E0A22F82E0E0
S31580E16680C220A0E10C2081E5012082E228208CE570
S31580E16690ECFFFFEA083083E0A33F83E0C330A0E16B
S31580E166A0143081E5013083E230308CE5E5FFFFEAA5
S31580E166B0F8402DE9043090E50110A0E3003093E540
S31580E166C02C20A0E30040A0E133FF2FE160319FE57C
S31580E166D0E40184E5003080E558319FE50C3080E5C2
S31580E166E00030A0E3203080E5283080E5783094E5FD
S31580E166F00050A0E1030053E30500000A003094E571
S31580E167003020A0E3142083E50400A0E1003093E586
S31580E1671033FF2FE1043094E50400A0E1003093E5F6
S31580E167200110A0E38020A0E333FF2FE10060A0E326
S31580E16730180085E5043094E50400A0E1043093E592
S31580E167400110A0E3012AA0E3187095E533FF2FE15C
S31580E16750060087E7046086E2800056E3F4FFFF1ACD
S31580E167600130A0E31C3085E56C3094E5000053E30D
S31580E16770103085051A00000A606094E5070056E34B
S31580E16780003094D53A20A0D3142083D50820A0D315
S31580E16790050000DA010C56E3080000DA003094E5E2
S31580E167A03B20A0E3142083E5012CA0E3182083E5B8
S31580E167B0003094E50400A0E1003093E533FF2FE15A
S31580E167C0043094E50400A0E108C093E50110A0E35C
S31580E167D00620A0E10330A0E33CFF2FE1146085E5CC
S31580E167E0100085E5583094E5000053E30230A013AC
S31580E167F058308415583094E5020053E3F880BD188B
S31580E16800702094E50630A0E3930202E0043094E53B
S31580E168100400A0E1043093E50110A0E30C2082E2BC
S31580E1682033FF2FE1200085E50400A0E1F840BDE8D3
S31580E168302DFBFFEAA455E1809455E1801EFF2FE10F
S31580E16840003090E57B20A0E310402DE90010E0E3E5
S31580E168500040A0E1142083E5043093E533FF2FE186
S31580E16860183094E510209FE5002083E50220A0E31F
S31580E16870042083E50100A0E31080BDE8BCA6E380A7
S31580E1688070402DE9005051E20060A0E1184090E5AA
S31580E168907080BDD8043094E5030055E1040000DA48
S31580E168A0055063E00600A0E10C3094E533FF2FE16B
S31580E168B0F7FFFFEA002094E5033065E0052082E0FA
S31580E168C0002084E5043084E57080BDE81EFF2FE179
S31580E168D0000052E30000511370402DE90040A0E131
S31580E168E00150A0E10260A0E10400001A003090E5C9
S31580E168F02B20A0E3142083E5003093E533FF2FE1DD
S31580E16900181094E5000051E30500001A043094E57F
S31580E169100400A0E1003093E51C20A0E333FF2FE1E2
S31580E16920180084E5183094E528209FE5082083E562
S31580E1693024209FE50C2083E520209FE5102083E538
S31580E169401C209FE5142083E518209FE5182083E528
S31580E16950600083E87080BDE83C68E1804068E18062
S31580E169608068E1806476E080CC68E180000051E374
S31580E1697010402DE90030A0E1004090E50C0000AA2E
S31580E169806C2094E5000052E30200000A682094E559
S31580E16990020052E3020000DA0300A0E1083094E548
S31580E169A033FF2FE16C3094E5013083E26C3084E58E
S31580E169B01080BDE8683094E5010053E11080BDB8F0
S31580E169C0083094E51040BDE813FF2FE1003090E5F3
S31580E169D00020A0E36C2083E5142083E51EFF2FE1F0
S31580E169E07F402DE9003090E501C0A0E1142093E5D8
S31580E169F0000052E3040000DA741093E5010052E1ED
S31580E16A00701093D5021191D70A0000DA780093E5E8
S31580E16A10000050E30900000A7C1093E5010052E191
S31580E16A20060000BA80E093E50E0052E1030000CA59
S31580E16A30021061E0011190E7000051E30200001AC3
S31580E16A40182083E5702093E5001092E50100A0E12E
S31580E16A500020A0E101E0D2E400005EE30B00000A41
S31580E16A6025005EE30700001A0120D0E5730052E3BA
S31580E16A700600001A0C00A0E1182083E21CD08DE20A
S31580E16A8004E09DE4657200EA0200A0E1EFFFFFEA1F
S31580E16A90202093E500208DE5242093E504208DE5F3
S31580E16AA0282093E508208DE52C2093E50C208DE5C3
S31580E16AB0302093E510208DE5342093E514208DE593
S31580E16AC00C00A0E1182093E51C3093E5537200EBAE
S31580E16AD01CD08DE204F09DE4003090E504E02DE5E4
S31580E16AE0CCD04DE20C3093E50D10A0E133FF2FE1E0
S31580E16AF00D10A0E108009FE5A42400EBCCD08DE247
S31580E16B0004F09DE462EBE380003090E510402DE9EE
S31580E16B10083093E50040A0E133FF2FE10400A0E1D6
S31580E16B201040BDE89AAEFFEA50209FE5002080E55F
S31580E16B304C209FE5042080E548209FE5082080E5FC
S31580E16B4044209FE50C2080E540109FE540209FE5AD
S31580E16B50102080E5701080E50020A0E37E10A0E3A0
S31580E16B60682080E56C2080E5142080E5741080E55E
S31580E16B70782080E57C2080E5802080E51EFF2FE17E
S31580E16B80086BE1806C69E180D86AE180E069E18047
S31580E16B901085E380CC69E180002090E538C0A0E3F0
S31580E16BA0181082E5003090E514C082E5003093E567
S31580E16BB013FF2FE1FF4D2DE9088091E5187091E5EE
S31580E16BC08883A0E1980707E000A0A0E10150A0E159
S31580E16BD00060A0E330B081E20C208DE5103095E5D0
S31580E16BE0030056E11F0000AA034066E0143095E5F4
S31580E16BF0030054E10340A0A1183095E5032086E027
S31580E16C001C3095E5033062E0030054E10340A0A126
S31580E16C10043095E5033062E0030054E10340A0A12E
S31580E16C20000054E30F0000DA0C309DE5980404E09F
S31580E16C30000053E3003095E500408DE534C09515BD
S31580E16C40062193E730C095050730A0E10A00A0E16F
S31580E16C500B10A0E13CFF2FE1143095E5047087E04D
S31580E16C60036086E0DCFFFFEA10D08DE2F08DBDE8BF
S31580E16C7038319FE5F34D2DE9030052E10060A0E153
S31580E16C800150A0E10240A0E1048090E50100009A74
S31580E16C900110A0E3BFFFFFEB073014E20840841246
S31580E16CA004406310010055E30700009A003096E541
S31580E16CB00F20A0E3142083E5185083E5003096E5A4
S31580E16CC00600A0E1003093E533FF2FE1057188E00E
S31580E16CD0343097E500A0A0E3000053E30500000A05
S31580E16CE0082093E5040052E12600002A03A0A0E1F2
S31580E16CF0003093E5F7FFFFEA00005AE3B0309F15D5
S31580E16D00B0309F05055193E7A0309FE510B084E24E
S31580E16D10033064E0030055E10350A02105C08BE018
S31580E16D200C10A0E10600A0E104C08DE5640300EB50
S31580E16D3004C09DE5000050E30600001AA550A0E1DD
S31580E16D40310055E3F4FFFF8A0600A0E10210A0E3DB
S31580E16D5090FFFFEBF0FFFFEA4C2098E5045085E0D9
S31580E16D600C1082E00020A0E302005AE10030A0E1AD
S31580E16D704C1088E5002080E5042080E5085080E518
S31580E16D803400870500008A15040093E5002084E03D
S31580E16D90042083E5082093E5100080E2024064E068
S31580E16DA0000083E0084083E508D08DE2F08DBDE800
S31580E16DB0F0C99A3B007EE3803C7EE380010051E3AB
S31580E16DC0F0412DE90040A0E10150A0E10270A0E18F
S31580E16DD00380A0E1046090E50600000A003090E5BA
S31580E16DE00F20A0E3142083E5181083E5003090E5B9
S31580E16DF0003093E533FF2FE10400A0E10510A0E127
S31580E16E008020A0E399FFFFEB18309DE500C0A0E369
S31580E16E10080180E91C309DE50C3080E5483096E537
S31580E16E2000C080E5207080E528C080E52C3080E5D3
S31580E16E30480086E5F081BDE8010051E3F0412DE9A6
S31580E16E400040A0E10150A0E10270A0E10380A0E151
S31580E16E50046090E50600000A003090E50F20A0E38B
S31580E16E60142083E5181083E5003090E5003093E542
S31580E16E7033FF2FE10400A0E10510A0E18020A0E32B
S31580E16E807AFFFFEB18309DE500C0A0E3080180E9B9
S31580E16E901C309DE50C3080E5443096E500C080E508
S31580E16EA0207080E528C080E52C3080E5440086E5C9
S31580E16EB0F081BDE8010051E3F0412DE90070A0E1E8
S31580E16EC00180A0E1045090E50700009A003090E54A
S31580E16ED00F20A0E3142083E5181083E5003090E5C8
S31580E16EE0003093E533FF2FE11D0000EA444095052C
S31580E16EF00060A0031A00001A000054E30900000AAA
S31580E16F00283094E5000053E30400000A286084E514
S31580E16F10383094E50700A0E1301084E233FF2FE1B9
S31580E16F202C4094E5F3FFFFEA486095E5444085E52A
S31580E16F30000056E30900000A283096E5000053E395
S31580E16F400400000A284086E5383096E50700A0E18E
S31580E16F50301086E233FF2FE12C6096E5F3FFFFEAFE
S31580E16F60486085E5084185E00020A0E33C3094E572
S31580E16F703C2084E5000053E30C00000A440093E9D9
S31580E16F80066082E00310A0E1106086E20620A0E1BF
S31580E16F900700A0E1008093E5CF0200EB4C3095E558
S31580E16FA0036066E04C6085E50830A0E1F0FFFFEA2A
S31580E16FB0341094E5343084E5000051E30B00000A97
S31580E16FC0180091E9044083E00700A0E1104084E2E3
S31580E16FD00420A0E1006091E5BB0200EB4C3095E531
S31580E16FE00610A0E1034064E04C4085E5F1FFFFEA4D
S31580E16FF0F081BDE810402DE90110A0E30040A0E159
S31580E17000ABFFFFEB0400A0E10010A0E3A8FFFFEBDC
S31580E170100400A0E1041094E55420A0E3AA0200EB69
S31580E170200030A0E3043084E50400A0E11040BDE82F
S31580E17030B40200EAF04D2DE903A082E00250A0E11E
S31580E17040042091E50060A0E102005AE10140A0E15F
S31580E1705020809DE50500008A0C2091E5020053E140
S31580E170600200008A003091E5000053E30500001A32
S31580E17070003096E51720A0E3142083E50600A0E121
S31580E17080003093E533FF2FE1183094E5030055E1B5
S31580E170900300003A102094E5023083E003005AE1D0
S31580E170A01C00009A283094E5000053E30500001A9D
S31580E170B0003096E54720A0E3142083E50600A0E1B1
S31580E170C0003093E533FF2FE1243094E5000053E36C
S31580E170D00500000A0600A0E10410A0E10120A0E37A
S31580E170E0B3FEFFEB0030A0E3243084E5183094E56D
S31580E170F00600A0E1030055E110309495185084858F
S31580E171000A306390C33FC3910410A0E1183084959F
S31580E171100020A0E3A6FEFFEB1C3094E50A0053E1D4
S31580E171202E00002A050053E10A00002A000058E3F8
S31580E171300530A0010A00000A003096E51720A0E399
S31580E17140142083E50600A0E1003093E533FF2FE1CB
S31580E171500530A0E1010000EA000058E30000000AE2
S31580E171601CA084E5202094E5000052E30F00000A8C
S31580E17170186094E508B094E5037066E08BB3A0E10E
S31580E171800A6066E007A1A0E1060057E11300002A44
S31580E17190003094E50010A0E30A0093E70B20A0E11C
S31580E171A0B96C00EB017087E204A08AE2F5FFFFEAA1
S31580E171B0000058E30200000A0130A0E3243084E5B0
S31580E171C0080000EA003096E51720A0E3142083E565
S31580E171D00600A0E1003093E533FF2FE1010000EAEC
S31580E171E0000058E3F3FFFF1A180094E5055060E0CC
S31580E171F0000094E5050180E0F08DBDE8A4309FE5CF
S31580E17200F0412DE9030052E10060A0E10180A0E1B7
S31580E172100240A0E1045090E50100009A0310A0E34A
S31580E172205CFEFFEB073014E20840841204406310F1
S31580E17230010058E30700009A003096E50F20A0E3AD
S31580E17240142083E5188083E5003096E50600A0E109
S31580E17250003093E533FF2FE10600A0E1101084E2D0
S31580E172601B0200EB007050E20200001A0600A0E16A
S31580E172700410A0E347FEFFEB4C3095E5100087E272
S31580E17280103083E2043083E04C3085E5085185E0B7
S31580E172903C3095E5180087E80030A0E3083087E5C3
S31580E172A03C7085E5F081BDE8F0C99A3BF04D2DE96A
S31580E172B08283A0E10070A0E101A0A0E1046090E5F5
S31580E172C00810A0E198009FE50350A0E11E7C00EB49
S31580E172D0004050E20500001A003097E54820A0E31F
S31580E172E0142083E50700A0E1003093E533FF2FE129
S31580E172F0050054E10540A0A1504086E50700A0E1E4
S31580E173000A10A0E10521A0E158FEFFEB0060A0E3B1
S31580E1731000B0A0E1050056E10F00002A053066E0E5
S31580E17320030054E10340A0210A10A0E10700A0E197
S31580E17330980402E0B0FFFFEB06118BE00430A0E198
S31580E17340000053E3040081140130431208008010E9
S31580E17350FAFFFF1A046086E0EDFFFFEA0B00A0E189
S31580E17360F08DBDE8F0C99A3BF04D2DE90070A0E1C2
S31580E1737001A0A0E1046090E50210A0E19C009FE5F8
S31580E173800280A0E10350A0E1EF7B00EB004050E2F8
S31580E173900500001A003097E54820A0E3142083E534
S31580E173A00700A0E1003093E533FF2FE1050054E1CA
S31580E173B00540A0A1504086E50700A0E10A10A0E1C2
S31580E173C00521A0E129FEFFEB0060A0E300B0A0E18A
S31580E173D0050056E10F00002A053066E0030054E11E
S31580E173E00340A0210A10A0E10700A0E1980402E091
S31580E173F081FFFFEB06118BE00430A0E1000053E34F
S31580E17400040081140130431208008010FAFFFF1A4C
S31580E17410046086E0EDFFFFEA0B00A0E1F08DBDE8B8
S31580E17420F0C99A3BF34D2DE9047090E50050A0E355
S31580E17430443097E50540A0E1000053E30800000AE7
S31580E17440002093E5000052E30C1093050820930594
S31580E1745091422400041093052C3093E59152250046
S31580E17460F4FFFFEA483097E5000053E30B00000A9A
S31580E17470002093E5000052E30600001A08C093E578
S31580E174800C1093E5042093E59C0101E09C0202E067
S31580E17490814384E0825385E02C3093E5F1FFFFEA76
S31580E174A0000054E35C0000DA0410A0E10520A0E1CD
S31580E174B04C3097E50060A0E1890100EB050050E1E1
S31580E174C05C819FA5040000AA0410A0E1D07B00EBBB
S31580E174D0010050E30080A0A10180A0B3444097E57C
S31580E174E001B0A0E300A0A0E3000054E32200000A7B
S31580E174F0003094E5000053E31D00001A043094E562
S31580E175000C5094E5010043E20510A0E104308DE5DD
S31580E175108D7B00EB04309DE5010080E2080050E1BF
S31580E17520103084D5070000DA980505E0082094E557
S31580E17530105084E50600A0E1301084E2930202E077
S31580E17540690100EB28B084E5103094E50600A0E1FE
S31580E175500110A0E3082094E582FFFFEB503097E528
S31580E17560143084E518A084E51CA084E524A084E594
S31580E17570000084E52C4094E5DAFFFFEA485097E580
S31580E1758001A0A0E3000055E32300000A003095E561
S31580E17590000053E31E00001A042095E50CB095E542
S31580E175A0010042E20B10A0E104208DE5667B00EB51
S31580E175B004209DE5010080E2080050E1102085D598
S31580E175C0080000DA083095E5980B0BE0930202E0BB
S31580E175D010B085E50600A0E1301085E28223A0E1C6
S31580E175E0410100EB28A085E5103095E50600A0E194
S31580E175F00110A0E3082095E52BFFFFEB503097E5DE
S31580E17600143085E5184085E51C4085E5244085E50F
S31580E17610000085E52C5095E5D9FFFFEA08D08DE29B
S31580E17620F08DBDE800CA9A3BFF4D2DE9038082E0EB
S31580E176300260A0E1042091E50070A0E1020058E13A
S31580E176400140A0E10500008A0C2091E5020053E1AA
S31580E176500200008A003091E5000053E30500001A3C
S31580E17660003097E51720A0E3142083E50700A0E129
S31580E17670003093E533FF2FE1183094E5030056E1BE
S31580E176800700003A102094E5023083E0030058E1D8
S31580E176900300008A1C3094E5080053E16B00003A50
S31580E176A09B0000EA283094E5000053E30500001AC8
S31580E176B0003097E54720A0E3142083E50700A0E1A9
S31580E176C0003093E533FF2FE1243094E5000053E366
S31580E176D02C00000A18B094E508C094E500A0A0E368
S31580E176E09C0B03E008308DE5303084E203B0A0E105
S31580E176F0103094E503005AE1200000AA03506AE0C5
S31580E17700143094E5030055E10350A0A1183094E5C7
S31580E1771003208AE01C3094E5033062E0030055E102
S31580E177200350A0A1043094E5033062E0030055E103
S31580E177300530A0B1000053E3100000DA9C0305E0B8
S31580E17740003094E50CC08DE500508DE534C094E5BC
S31580E177500A2193E70700A0E108309DE50B10A0E13F
S31580E177603CFF2FE108309DE50CC09DE5053083E0C7
S31580E1777008308DE5143094E503A08AE0DBFFFFEA6B
S31580E177800030A0E3243084E5183094E508C094E520
S31580E17790030056E110309495186084850830639033
S31580E177A0C33FC3911830849518B094E500A0A0E357
S31580E177B09C0B03E008308DE5303084E203B0A0E134
S31580E177C0103094E503005AE1B1FFFFAA03506AE065
S31580E177D0143094E5030055E10350A0A1183094E5F7
S31580E177E003208AE01C3094E5033062E0030055E132
S31580E177F00350A0A1043094E5033062E0030055E133
S31580E178000530A0B1000053E3A1FFFFDA9C0305E058
S31580E17810003094E50CC08DE500508DE530C094E5EF
S31580E178200A2193E70700A0E108309DE50B10A0E16E
S31580E178303CFF2FE108309DE50CC09DE5053083E0F6
S31580E1784008308DE5143094E503A08AE0DBFFFFEA9A
S31580E17850060053E10B00002A30309DE5000053E33A
S31580E178600630A0010B00000A003097E51720A0E35F
S31580E17870142083E50700A0E1003093E533FF2FE193
S31580E178800630A0E1020000EA30209DE5000052E3E7
S31580E178900000000A1C8084E5202094E5000052E384
S31580E178A00E00000A182094E508A094E5035062E0F2
S31580E178B0088062E00571A0E1080055E11400002A24
S31580E178C0003094E50010A0E3070093E70A20A0E1E9
S31580E178D0ED6A00EB015085E2047087E2F5FFFFEA8D
S31580E178E030309DE5000053E30200000A0130A0E359
S31580E178F0243084E5090000EA003097E51720A0E30B
S31580E17900142083E50700A0E1003093E533FF2FE102
S31580E17910020000EA30309DE5000053E3F2FFFF1AF2
S31580E17920180094E5066060E0000094E5060180E0D9
S31580E1793010D08DE2F08DBDE80030A0E370402DE9F6
S31580E17940043080E50050A0E16C0000EB5410A0E328
S31580E179500060A0E10500A0E1590000EB004050E2A3
S31580E179600900001A0500A0E1660000EB003095E50C
S31580E179703820A0E3142083E5184083E5003095E5BF
S31580E179800500A0E1003093E533FF2FE188309FE5E4
S31580E17990003084E584309FE5043084E580309FE5DE
S31580E179A0083084E57C309FE50C3084E578309FE5CE
S31580E179B0103084E574309FE5143084E570309FE5BE
S31580E179C0183084E56C309FE51C3084E568309FE5AE
S31580E179D0203084E564309FE5243084E560309FE59E
S31580E179E0283084E55C309FE5303084E50030A0E3E3
S31580E179F0383084E5403084E5343084E53C3084E5D4
S31580E17A00443084E5483084E55430A0E32C6084E555
S31580E17A104C3084E5044085E57080BDE8706CE1809A
S31580E17A20FC71E1806873E180AC72E180386EE1805F
S31580E17A30BC6DE1802474E1802876E1803470E18058
S31580E17A40B46EE180F46FE18000CA9A3B010080E088
S31580E17A5008402DE9010040E26D7A00EB0880BDE83F
S31580E17A6010402DE9014041E2044080E00400A0E1BC
S31580E17A709E7A00EB040061E01080BDE870402DE95C
S31580E17A8010409DE5015180E0036182E0000054E30E
S31580E17A90050000DA040096E4041095E414209DE5DF
S31580E17AA0906A00EB014044E2F7FFFFEA7080BDE8AF
S31580E17AB00030A0E18223A0E10100A0E10310A0E172
S31580E17AC0886A00EA0100A0E1972200EA0100A0E1CC
S31580E17AD0082200EA0100A0E1932200EA0100A0E188
S31580E17AE0042200EA0200A0E11EFF2FE1003090E5CA
S31580E17AF03320A0E3142083E5003093E513FF2FE1E3
S31580E17B000000A0E31EFF2FE11EFF2FE10030A0E180
S31580E17B100100A0E10210A0E113FF2FE1010052E391
S31580E17B2070402DE90040E0D3120000DA0340A0E185
S31580E17B300400B4E50250A0E10010A0E31020A0E328
S31580E17B40A86D00EB0060A0E10610A0E12C009FE5A6
S31580E17B508E2000EB011045E20420A0E10600A0E1C1
S31580E17B60E9FFFFEB004090E20010A0E110009FE505
S31580E17B700140A013852000EB0400A0E17080BDE800
S31580E17B80C6BDE380EEBDE3801EFF2FE1F04D2DE91A
S31580E17B9004489FE528D04DE248709DE503A0A0E129
S31580E17BA08C3094E5010017E3033087E118008DE519
S31580E17BB020108DE50260A0E18C3084E51700000A93
S31580E17BC00010A0E3132EA0E30400A0E12E6A00EBEF
S31580E17BD0C8079FE58E2500EB880084E5900084E266
S31580E17BE0856800EB5B2D00EB0050A0E1652D00EB95
S31580E17BF00510A0E10020A0E1900084E2886800EB16
S31580E17C00900084E2DEA6FFEB900084E22F6900EB30
S31580E17C10A000A0E3563000EB0130A0E38C3084E590
S31580E17C20020017E38C00000A000056E370379FD507
S31580E17C30005093D5040000DA00009AE50010A0E335
S31580E17C401020A0E3676D00EB0050A0E10100A0E306
S31580E17C50473000EB0500A0E11E2E00EB0080A0E39B
S31580E17C60548084E5508084E50050A0E1062E00EB47
S31580E17C70010050E33900001A0510A0E124079FE5D1
S31580E17C80422000EB001095E50C379FE5012CA0E141
S31580E17C90888093E5212C82E1FF3C01E2032482E1A5
S31580E17CA0FF3801E2233482E1FC269FE5020053E1BD
S31580E17CB00300000AF4069FE5282000EB0000E0E3DC
S31580E17CC0230000EA0200A0E3293000EB0500A0E1F1
S31580E17CD0BF2C00EB000050E30300001AD0069FE5BD
S31580E17CE01E2000EB0100E0E3190000EA0300A0E3B7
S31580E17CF01F3000EB0500A0E1772D00EB000058E393
S31580E17D000B00000AAC069FE5142000EB0500A0E11C
S31580E17D10C72C00EB000050E30300001A98069FE5AC
S31580E17D201A2000EB0200E0E3090000EA8C069FE5F9
S31580E17D300A2000EB0400A0E30D3000EB1D10D5E531
S31580E17D40020051E36300000A74069FE50F2000EB11
S31580E17D500300E0E3063000EB0050A0E3060000EA12
S31580E17D6018309DE55C069FE5001093E5072000EB62
S31580E17D706F00E0E3FE2F00EB0850A0E1543094E57C
S31580E17D8014869FE5000053E33C069F054F00000AF9
S31580E17D900500A0E1BC2D00EB010050E31B00001AB9
S31580E17DA01E10D5E55D10C8E51F30D5E55C30C8E528
S31580E17DB01C30D5E55E30C8E50CC095E5400085E22E
S31580E17DC00C2CA0E1FF3C0CE22C2C82E1032482E125
S31580E17DD0FF380CE2233482E1033080E0100095E540
S31580E17DE04C3088E5002CA0E1FF3C00E2202C82E1CA
S31580E17DF0032482E1FF3800E2233482E1583088E5CA
S31580E17E00443098E5000053E30200001A0F0000EACF
S31580E17E10B8059FE52D0000EA180098E50E0051E3CC
S31580E17E20002CA0E1FF3C00E2202C82E1032482E1E8
S31580E17E30FF3800E2233482E1603088E550209805FE
S31580E17E40582088050230830060308805010000EA09
S31580E17E507C059FE51D0000EA485084E5040017E3B0
S31580E17E604A00000A5D20D4E52C559FE5023042E2C6
S31580E17E70FD0013E30130A0030030A0130E0052E3AE
S31580E17E8001308303000053E30360A0013F00000A51
S31580E17E905E30D5E5050053E30060A0133B00001A90
S31580E17EA0643085E200308DE5683085E204308DE529
S31580E17EB00600A0E10A10A0E10520A0E10230A0E3DE
S31580E17EC0872D00EB000050E308059F15ED00000AC1
S31580E17ED0A21F00EB2B0100EA0500A0E3A42F00EB33
S31580E17EE01E30D5E5020053E31B00001A0C1095E520
S31580E17EF0403085E2012CA0E1503084E5212C82E1FD
S31580E17F00FF3C01E2032482E1FF3801E2233482E18E
S31580E17F10543084E5060000EA040053E31100001AB8
S31580E17F20B4249FE50500A0E10010A0E3043082E2DD
S31580E17F305E2C00EB0510A0E14020A0E39C049FE5C8
S31580E17F40836900EB0130A0E30600A0E3005084E5FD
S31580E17F50443084E5862F00EB87FFFFEAEDFFFF8A59
S31580E17F60010053E3000000EA0E0053E3DEFFFF0A5F
S31580E17F7018309DE568049FE5001093E5831F00EBCB
S31580E17F800400E0E372FFFFEA6C0095E5760200EB20
S31580E17F90085017E25C00000A71A6FFEB483094E5D1
S31580E17FA010308DE54C3094E51C308DE5543094E508
S31580E17FB014308DE55C30D4E524308DE550B094E520
S31580E17FC0588094E50050A0E15D00D4E5B62C00EB45
S31580E17FD024309DE5000053E30010A0E12A00001A59
S31580E17FE010309DE5030058E10B0058110140A003D4
S31580E17FF00040A0130300001AE8039FE5631F00EB2E
S31580E1800001B0A0E3070000EADC039FE55F1F00EB18
S31580E180100B10A0E10800A0E114209DE50138A0E362
S31580E180207B2C00EB04B0A0E114309DE50800A0E1D3
S31580E180300311A0E1034088E094A4FFEB7C039FE574
S31580E18040461F00EB0420A0E10810A0E19C039FE518
S31580E180504E1F00EB0700A0E3452F00EB10309DE5B6
S31580E180601C209DE5030054E10030A0930130A083FC
S31580E18070020058E101B02BE20030A0230B0013E1AE
S31580E1808014B39FE51C00000A060000EA60039FE541
S31580E180900310A0E13D1F00EB000055E36C00000AF0
S31580E180A00250E0E3670000EA10109DE51C209DE5A3
S31580E180B040039FE5351F00EB3C039FE50810A0E1F7
S31580E180C00420A0E1311F00EB44309BE5000053E33F
S31580E180D00500000A2230DBE5040053E30A00001ABA
S31580E180E018039FE51D1F00EB070000EA10039FE5DB
S31580E180F01A1F00EB7300E0E33F0000EA58109BE5AE
S31580E1810090008BE2042061E0876700EB100017E3C3
S31580E1811084429FE50F00000A783084E2682094E586
S31580E1812000308DE5641094E5900084E2022061E000
S31580E18130743084E2832D00EB000050E39400001A52
S31580E18140741094E5BC029FE53C1500EBB8029FE50F
S31580E18150781094E5391500EB200017E30800000A52
S31580E18160A8029FE56C1094E50E2A00EB9C029FE540
S31580E18170241040E2042081E22C2A00EB000050E347
S31580E181808300001A88329FE55E20D4E51F0D17E350
S31580E18190028193E70130A0130030A003000058E389
S31580E181A00030A01301300302000053E34300001ABC
S31580E181B0400017E34D00001A800017E35300001AD0
S31580E181C0010C17E35900001A010B17E31A00000AA4
S31580E181D05D30D4E5C0719FE5010053E30B00000AF1
S31580E181E068FEFFEB010BA0E30610A0E10A20A0E107
S31580E181F00730A0E138FF2FE10800E0E3DC2E00EB59
S31580E18200000055E31800000A0050E0E30D0000EAA3
S31580E1821000029FE5FE1500EB000050E34E00000AE8
S31580E18220F4119FE50F6800EB000050E34A00001A65
S31580E18230E8019FE5541097E5001500EB000055E352
S31580E182405200000A0050A0E3C1A5FFEB030075E3ED
S31580E182500300001A0600E0E3C52E00EB0200E0E32E
S31580E182604B0000EA010075E34800001A18009DE51D
S31580E1827020109DE50620A0E10A30A0E142A6FFEBB1
S31580E182800000E0E3420000EA6C3085E204308DE5EF
S31580E18290703085E208308DE50610A0E100508DE56D
S31580E182A020009DE50A20A0E10230A0E3422A00EB0E
S31580E182B0006050E233FFFF0A64019FE503FFFFEAB6
S31580E182C0000055E30000000AA1A5FFEB5E00D4E5BE
S31580E182D0E92B00EB5E20D4E50010A0E144019FE5A7
S31580E182E0AA1E00EB0700E0E3A12E00EB250000EAE1
S31580E182F04000A0E30610A0E10A20A0E198309FE5C6
S31580E1830038FF2FE100B050E20F00001AA9FFFFEA23
S31580E183108000A0E30610A0E10A20A0E178309FE585
S31580E1832038FF2FE100B050E2A4FFFF0A060000EA21
S31580E18330010CA0E30610A0E10A20A0E158309FE5F8
S31580E1834038FF2FE100B050E29EFFFF0AD8009FE59B
S31580E18350821E00EB0B00A0E10D0000EA601094E5BF
S31580E183600600A0E1012CA0E1FF3C01E2212C82E1A3
S31580E18370032482E1FF3801E2233482E10A10A0E19D
S31580E1838033FF2FE1ACFFFFEA0100A0E3000000EA42
S31580E183900500A0E128D08DE2F08DBDE8B460E480EF
S31580E183A0B5BEE3806C4FE480BCBEE38056190527F9
S31580E183B0EEBEE38000BFE38015BFE38030BFE3809C
S31580E183C03CE8E3803EBFE3807EBFE380A1BFE380FC
S31580E183D0C1BFE380E4BFE38008C0E3800461E48059
S31580E183E0B860E4805DBFE38051C0E38060C0E38034
S31580E183F073C0E3809FC0E380C2C0E380F2C0E380C4
S31580E184001CC1E38056C1E3809DC1E380AAC1E380BC
S31580E184104461E4800C79E380FDC1E38007C2E380B7
S31580E184200AC2E3802DC0E380B5C1E380E3C1E38086
S31580E18430F0452DE9018042E2000058E314D04DE297
S31580E184400070A0E10160A0E10250A0E10340A0E15B
S31580E1845004A083E2240000DA0C108DE2040093E5A7
S31580E184601020A0E35F6B00EB0C309DE50000D3E5C7
S31580E184703A0050E3000050130110A0130010A0034E
S31580E18480230050E30010A00301100112000051E324
S31580E184901500000A0920A0E3040094E56C109FE52D
S31580E184A0A91B00EB022045E2083084E2000050E39C
S31580E184B00B00000A0CC090E554109FE501005CE3D7
S31580E184C08C1091E507C0A0030C0051E100C08DB589
S31580E184D00700A0B10610A0B1090000BA34009FE5FB
S31580E184E02A1E00EB0000E0E3060000EA28309FE563
S31580E184F000308DE50700A0E10610A0E10820A0E1AB
S31580E185000A30A0E1A0FDFFEB14D08DE2F085BDE855
S31580E18510983CE480B460E48013C2E3800F070000F6
S31580E1852073402DE90050A0E158009FE50160A0E18C
S31580E18530371500EB000050E30100001A0000A0E3CC
S31580E185400E0000EA40109FE5466700EB004050E2EE
S31580E18550F9FFFF1A34309FE534009FE5001093E57B
S31580E1856000608DE504408DE5081E00EB0500A0E185
S31580E185700410A0E10120A0E30D30A0E1ABFFFFEB09
S31580E1858008D08DE27080BDE8FDC1E3803DC2E38025
S31580E185906C4FE48041C2E38001C0A0E307402DE94E
S31580E185A000C08DE5955800EB0CD08DE204F09DE49A
S31580E185B001C0A0E307402DE900C08DE5075900EB36
S31580E185C00CD08DE204F09DE4010052E3F0402DE908
S31580E185D064D04DE2030000CA70009FE5EB1D00EB1D
S31580E185E00000A0E3170000EA0140A0E300408DE52A
S31580E185F00350A0E1030093E90C208DE210308DE277
S31580E18600023400EB006050E20D0000BA0C009DE5FB
S31580E1861010108DE2047090E5945400EB000050E375
S31580E186200500000A041095E50720A0E10630A0E1E7
S31580E186301C009FE5D51D00EB010000EA7C5700EBAD
S31580E18640000000EA0400A0E164D08DE2F080BDE89C
S31580E18650BCC2E380E7C2E38070402DE9004090E54B
S31580E186600050A0E1000054E30200001AC8009FE533
S31580E18670C61D00EB2C0000EA0400A0E1F15800EBF6
S31580E18680006050E22A0000AA635F00EB0010A0E1DF
S31580E18690A8009FE5BD1D00EB0A0076E31E00001AE7
S31580E186A0142094E5223CA0E1FF1802E2023C83E13A
S31580E186B0213483E1FF1C02E2011483E10F0051E3DF
S31580E186C00200008A78009FE51020A0E3AF1D00EB51
S31580E186D0181094E5212CA0E1FF3801E2012C82E11A
S31580E186E0232482E1FF3C01E2033482E1110053E37A
S31580E186F00900009A143094E548009FE5231CA0E127
S31580E18700FF2803E2031C81E1221481E1FF3C03E2BD
S31580E18710031481E11120A0E39C1D00EB28009FE575
S31580E187200040A0E3991D00EB004085E50400A0E14F
S31580E187307080BDE80100A0E37080BDE88BC6E38070
S31580E18740B6C6E380D4C6E380ECC6E380EC26E4805B
S31580E18750000051E31700000A013080E0013053E563
S31580E187600A0053E30000531374C09F050B00001AFF
S31580E187700130D0E4000053E30A00000A0320DCE77D
S31580E18780B70012E30D00001A000051E30000530325
S31580E187900100A0130000A003010020E21EFF2FE1EB
S31580E187A00000A0E31EFF2FE1000051E3F5FFFFDAB1
S31580E187B0010051E30500001A0100A0E11EFF2FE14F
S31580E187C0000051E3EFFFFFDA011041E2E7FFFFEA44
S31580E187D00020D0E5000052E3FAFFFF1A0200A0E193
S31580E187E01EFF2FE1B599E380F8452DE9004051E27E
S31580E187F0F885BD080050A0E1D4FFFFEB006050E2B0
S31580E188001600000A34019FE5541D00EB0060A0E3E9
S31580E18810040056E10E0000AA000056E3010000DAEA
S31580E188201C019FE54D1D00EB0500A0E14B1D00EB12
S31580E188300500A0E1B16600EB016086E2006086E0BA
S31580E188400500A0E1AD6600EB010080E2005085E025
S31580E18850EEFFFFEAE4009FE5F845BDE83F1D00EA4B
S31580E18860038014E22200001A400054E3040000DA97
S31580E188700510A0E10420A0E1C8009FE5F845BDE828
S31580E18880421D00EAC0009FE5401D00EB033084E213
S31580E18890000054E30340A0B14441A0E10860A0E1B7
S31580E188A0A8A09FE5A8809FE5017044E2040056E117
S31580E188B00D0000AA063195E7070056E1231CA0E1E9
S31580E188C0FF2803E2031C81E1221481E1FF3C03E2FC
S31580E188D080009FE5031481E10820A0B10A20A0A1D0
S31580E188E02A1D00EB016086E2EFFFFFEA68009FE563
S31580E188F0100000EA400054E3DCFFFFCA5C009FE51C
S31580E18900221D00EB48809FE5017044E2040056E1B8
S31580E18910070000AA070056E10610D5E72C209FE55F
S31580E189203C009FE50820A0B1181D00EB016086E2BE
S31580E18930F5FFFFEA2C009FE5F845BDE8131D00EA47
S31580E1894007C7E38004C7E38009C7E38019C7E380EB
S31580E189507C35E4802134E4801BC7E3803B2FE480CF
S31580E1896024C7E38026C7E380CD31E4800C309FE5E0
S31580E189700010A0E1000083E504009FE52F1300EAE3
S31580E18980E465E4802DC7E380010052E3F04D2DE9F3
S31580E1899050D04DE24C0100DA040093E50370A0E18A
S31580E189A00030D0E50280A0E1610053E34F00001A78
S31580E189B0024052E2BA03000A080097E50C1F9FE5E0
S31580E189C0286600EB000050E31600001A034058E2E7
S31580E189D00C7087120150A0131400001A4C3099E5EF
S31580E189E00140A0E320308DE520309DE5000053E392
S31580E189F04500000A20008DE216FFFFEB000050E300
S31580E18A004100000A000054E320109D150300001A7E
S31580E18A100410A0E1B80E9FE51B1400EB0010A0E165
S31580E18A20B00E9FE52F0000EA087087E20050A0E3D0
S31580E18A300010A0E31020A0E3000097E5E96900EBD0
S31580E18A4050308DE2300023E50300A0E101FFFFEB2A
S31580E18A50000050E32C00000A000055E30930A01124
S31580E18A6020209D154C2083150100001A20009DE5EC
S31580E18A70BDFFFFEB010054E38D0300DA1020A0E394
S31580E18A80040097E50010A0E3D66900EB0020A0E1A1
S31580E18A9020009DE504E090E52ECCA0E1FF380EE2D2
S31580E18AA00ECC8CE123C48CE1FF3C0EE203348CE1F5
S31580E18AB0030052E10400002A0210A0E1180E9FE5AE
S31580E18AC00320A0E1B11C00EB790300EA0010A0E1EC
S31580E18AD0BE5D00EB000050E37503000A4E5E00EBDD
S31580E18AE00010A0E1F40D9FE5A81C00EB700300EAFD
S31580E18AF0ECAD9FE500309AE50A40A0E1000053E342
S31580E18B000300001ADC0D9FE5941C00EB0160A0E3F5
S31580E18B106B0300EAD01D9FE50220A0E3DC6500EB54
S31580E18B20006050E23900001A030058E3E60000DAFB
S31580E18B300610A0E11020A0E3080097E5A96900EB03
S31580E18B4000008AE50A00A0E1C2FEFFEB000050E3E7
S31580E18B50EDFFFF0A0C0097E50610A0E11020A0E3E7
S31580E18B60A06900EB040058E30050A0E10800001A78
S31580E18B7000309AE5041093E5213CA0E1013C83E1D4
S31580E18B80FF2801E2223483E1FF1C01E2013483E123
S31580E18B90120000EA0610A0E11020A0E3100097E59C
S31580E18BA0906900EB00209AE504E092E52ECCA0E105
S31580E18BB0FF280EE20ECC8CE122C48CE1FF2C0EE282
S31580E18BC002248CE1020050E10010A0E10030A0E136
S31580E18BD00200002A140D9FE56C1C00EBCAFFFFEA38
S31580E18BE00320A0E1000094E50510A0E1775D00EBAC
S31580E18BF0000050E3E83C9F05005083053003000AFE
S31580E18C00055E00EB0010A0E1D00C9FE5F60100EADD
S31580E18C10040097E5D81C9FE50220A0E39C6500EB64
S31580E18C20000050E31000001A030058E3A60000DAC2
S31580E18C30081097E500009AE50C4097E5F75900EBB7
S31580E18C40001050E2E50100BA00009AE50420A0E1B7
S31580E18C50355D00EB000050E3150300AAEE5D00EB05
S31580E18C600010A0E18C0C9FE5DF0100EA040097E5A6
S31580E18C700060D0E5730056E38D00001A030058E3E7
S31580E18C80910000DA0C3097E5040058E308A097E5F7
S31580E18C900C308DE57400000A103097E520308DE5C3
S31580E18CA00020D3E510B087E23C0052E3045048E26D
S31580E18CB02D00001A0060A0E33CCC9FE5012083E211
S31580E18CC00670A0E150308DE2302023E520809DE5DD
S31580E18CD00010D8E53E0051E36400000A050057E143
S31580E18CE0F50200AA000051E30170870207219B0784
S31580E18CF020208D05F4FFFF0A0310A0E10020A0E308
S31580E18D000800A0E114C08DE510308DE5356900EBF2
S31580E18D1014C09DE5046086E210309DE5002CA0E15B
S31580E18D20202C82E1FF1C00E2012482E1FF0800E2BF
S31580E18D30200482E120209DE504008CE4022068E0A5
S31580E18D40000052E3B40B9FD50810A0D1A60100DA4A
S31580E18D5020209DE50010D2E5200051E3DAFFFF1ADD
S31580E18D60012082E220208DE5F8FFFFEA5B0052E3F5
S31580E18D702900001A0060A0E37C8B9FE580CB9FE50C
S31580E18D80012083E20670A0E150308DE2302023E5B8
S31580E18D9020209DE50020D2E55D0052E31900000A1E
S31580E18DA020009DE50020D0E5200052E3010080020D
S31580E18DB020008D05F9FFFF0A000052E3017087026A
S31580E18DC007219B0720208D050C00000A0220DCE7A5
S31580E18DD014C08DE5440012E30A00000A0310A0E105
S31580E18DE01020A0E310308DE5FE6800EB14C09DE510
S31580E18DF010309DE5016086E2018088E2010048E568
S31580E18E00050057E1E1FFFFBA20309DE50010D3E58B
S31580E18E105D0051E3A802001A140000EA0060A0E3B5
S31580E18E20D4BA9FE50680A0E120009DE5336500EB9D
S31580E18E3020109DE5018088E2013080E20B00A0E10F
S31580E18E4010308DE5F86400EB10309DE5050058E1C2
S31580E18E5003B08BE0066083E0083187E0103093E56C
S31580E18E6020308DE5EFFFFFBA000000EA0060A0E365
S31580E18E700A10A0E1000094E5685900EB001050E289
S31580E18E80560100BA583A9FE500608DE50C209DE5D4
S31580E18E90000093E5603A9FE5105C00EB000050E34B
S31580E18EA0830200AA5C5D00EB0010A0E1540A9FE515
S31580E18EB04D0100EA670056E39A00001A0030A0E30C
S31580E18EC0040058E318308DE5010000CA0060E0E354
S31580E18ED07B0200EA050058E308B097E50200001A34
S31580E18EE00030DBE5730053E3F7FFFF1A000094E5FA
S31580E18EF0101097E50CA097E5146097E5475900EBCC
S31580E18F00003050E2350100BA0050DBE56E0055E3F2
S31580E18F100400000A730055E3050058030150A003DD
S31580E18F200050A0133900001A0310A0E1000094E577
S31580E18F300C308DE5A25900EB0C309DE550608DE259
S31580E18F400310A0E1300026E50080A0E10620A0E143
S31580E18F50000094E5765700EB0020DBE56E0052E3F6
S31580E18F600070E0130030A0E10600001A0C008DE5E8
S31580E18F700010A0E3140097E51020A0E3996800EBC8
S31580E18F800C309DE50070A0E10050E0E301C088E28D
S31580E18F9020209DE5080052E1140000DA0C0052E140
S31580E18FA00020DBE501508502070055E16E005203A2
S31580E18FB00600001A0310A0E1000094E50020A0E37A
S31580E18FC0605800EB0010A0E10A00A0E1410000EA50
S31580E18FD00310A0E1000094E50620A0E10CC08DE538
S31580E18FE0535700EB0CC09DE5003050E2E7FFFFAA46
S31580E18FF00030DBE5730053E30C099F159F00001AEF
S31580E190000A00A0E1011085E2841100EB280200EA62
S31580E19010CC289FE50310A0E1000092E518308DE2AF
S31580E190200620A0E1DC5800EB18609DE5000056E3E0
S31580E190300070A0E10300001A0A00A0E1CC189FE5C8
S31580E19040601100EB1E0200EA610000DA0030DBE528
S31580E19050760053E32300001A0610A0E1BBFDFFEB87
S31580E19060000050E30A00A0110710A0111900001AB0
S31580E19070040056E30400001A20008DE290189FE573
S31580E19080002097E5E56800EB100000EA030016E3AF
S31580E190900130A0030030A013140056E30030A0C3D2
S31580E190A0013003D2000053E30C00000A0040A0E146
S31580E190B020308DE2840083E0042097E754189FE511
S31580E190C0044084E2D56800EB060054E1F7FFFFBA7D
S31580E190D00A00A0E120108DE23A1100EBF40100EAEA
S31580E190E034089FE5650000EA610053E320008D02C4
S31580E190F028189F050720A0010400000A730053E3A6
S31580E1910071FFFF1A08189FE520008DE20620A0E195
S31580E19110C26800EB0A00A0E120108DE2291100EB84
S31580E191200560A0E1E60100EA6C5046E2FB5015E2FB
S31580E191309F00001A6C0056E32060A0130160A00333
S31580E19140020058E3D8A79F050300000A030058E30D
S31580E1915008A097E50C5097150050A003000094E510
S31580E191600A10A0E1AD5800EB008050E29B0000BA06
S31580E19170000055E31800000A64379FE50810A0E176
S31580E19180000093E50520A0E120308DE2825800EBD6
S31580E1919020609DE5000056E30040A0E10400001A4E
S31580E191A00A10A0E10520A0E178079FE5F71A00EB18
S31580E191B0C30100EA060000DA0510A0E168079FE531
S31580E191C0F21A00EB0400A0E120109DE585FDFFEB9E
S31580E191D00E0100EA0600A0E1500000EA4C779FE527
S31580E191E00810A0E1000094E518208DE2695600EBB5
S31580E191F0013040E20010A0E1080053E303F19F97BC
S31580E19200630000EA2892E1808892E180BC92E18065
S31580E192108093E1809493E1809493E1809493E180DB
S31580E192209493E1800C8BE180000094E50810A0E145
S31580E192300020A0E3C35700EB060055E10030A0E132
S31580E192400A0000CAE8269FE5000050E30230A0014B
S31580E1925000C0D3E5201065E200005CE3D4269FE5FB
S31580E19260D4069FE5011087E00320A011C71A00EB21
S31580E19270015085E21F0055E3490000DABC069FE50F
S31580E19280C21A00EB20FEFFEA018045E2060058E1C2
S31580E19290010000DA0850A0E1410000EA211065E210
S31580E192A09C069FE5011087E0B81A00EB000058E3C1
S31580E192B00050E0033A00000AF5FFFFEA0810A0E15A
S31580E192C00C20A0E3000094E50F5600EB083090E512
S31580E192D00080A0E1231CA0E1FF2803E2031C81E1D9
S31580E192E0221481E1FF3C03E2031481E1000094E56D
S31580E192F0025700EB04C098E52C1CA0E1FF380CE294
S31580E193000C1C81E1231481E1FF3C0CE20020A0E109
S31580E19310030481E1000050E320008DE5030000AA0B
S31580E193203D5C00EB0010A0E118069FE52E0000EA07
S31580E193300600001A060055E1190000CA201065E210
S31580E19340011087E000069FE5901A00EB140000EA21
S31580E19350060055E1120000CA201065E2011087E09F
S31580E19360E8059FE5891A00EB0C0088E220109DE56F
S31580E193701CFDFFEBD8059FE5841A00EB080000EAA7
S31580E19380201065E2011087E0C8059FE57F1A00EBB2
S31580E19390030000EA060055E1BC059FD5DAFDFFCA68
S31580E193A0110000EA010075E318809DE58BFFFF1A45
S31580E193B03F0100EAA4159FE50220A0E3B46300EB38
S31580E193C0000050E31C00001A081097E500009AE5BA
S31580E193D0125800EB001050E2050000AA0100A0E15E
S31580E193E00D5C00EB0010A0E174059FE5671A00EBC8
S31580E193F0C5FDFFEA030058E300009AE5070000DABD
S31580E194000C2097E5EE5A00EB006050E2280100AAB5
S31580E19410015C00EB0010A0E148059FE5F80000EA59
S31580E194204D5B00EB006050E2210100AAFA5B00EBA4
S31580E194300010A0E130059FE5F10000EA040097E520
S31580E194400030D0E5680053E37300001A00209AE506
S31580E1945018059FE5143092E584649FE5235CA0E1DD
S31580E19460FF1803E2035C85E1215485E1FF3C03E2D9
S31580E19470035485E1003092E5231CA0E1FF2803E255
S31580E19480031C81E1221481E1FF3C03E2031481E1C3
S31580E194903E1A00EB00309AE5D4049FE5042093E57B
S31580E194A0223CA0E1FF1802E2023C83E1213483E120
S31580E194B0FF1C02E2011483E10120A0E1331A00EBF3
S31580E194C000309AE5AC049FE5083093E5231CA0E1E2
S31580E194D0FF2803E2031C81E1221481E1FF3C03E2E0
S31580E194E0031481E1291A00EB00309AE588049FE5AF
S31580E194F00C3093E5231CA0E1FF2803E2031C81E104
S31580E19500221481E1FF3C03E2031481E11F1A00EB9F
S31580E1951000309AE564049FE5103093E5231CA0E1D1
S31580E19520FF2803E2031C81E1221481E1FF3C03E28F
S31580E19530031481E1151A00EB0510A0E140049FE5D3
S31580E19540121A00EB00309AE538049FE5183093E56E
S31580E19550231CA0E1FF2803E2031C81E1221481E1BF
S31580E19560FF3C03E2031481E1081A00EB010055E3B5
S31580E195702100009A003096E50C049FE51C3093E5C6
S31580E19580231CA0E1FF2803E2031C81E1221481E18F
S31580E19590FF3C03E2031481E1FC1900EB020055E391
S31580E195A01500000A003096E5E0039FE5203093E55B
S31580E195B0231CA0E1FF2803E2031C81E1221481E15F
S31580E195C0FF3C03E2031481E1F01900EB100055E35F
S31580E195D00900009A003096E5B4039FE5243093E5CF
S31580E195E0231CA0E1031C81E1FF2803E2221481E12F
S31580E195F0FF3C03E2031481E1E41900EB000094E50A
S31580E196007A5600EB0010A0E188039FE5DF1900EBB5
S31580E1961084039FE5DD1900EBA50000EA7C139FE555
S31580E196200320A0E31A6300EB006050E20C00001A0D
S31580E196300610A0E11020A0E3080097E5E96600EBBB
S31580E1964000209AE5003CA0E1203C83E1FF1C00E29A
S31580E19650013483E1FF0800E2200483E11C0082E516
S31580E19660970000EA040097E534139FE50220A0E322
S31580E19670076300EB005050E21000001A1020A0E3CF
S31580E19680080097E50510A0E12C6700EB1020A0E328
S31580E1969000A0A0E101B0A0E10C0097E50510A0E1F2
S31580E196A0266700EB0A20A0E10B30A0E1F000CDE1D6
S31580E196B0000094E5C22300EBC06F00E0800000EA81
S31580E196C0040097E5DC129FE50220A0E3F06200EB5F
S31580E196D0006050E24C00001A083097E50030D3E58F
S31580E196E0700053E32100001A00009AE53F5600EB33
S31580E196F00650A0E10070A0E1AC029FE5A31900EB62
S31580E19700A8029FE5A11900EB070055E16C0000AACC
S31580E19710000094E50510A0E118208DE220308DE26D
S31580E19720005600EB008050E2050000AA3A5B00EBB0
S31580E197300860A0E10010A0E174029FE5931900EBB7
S31580E197405F0000EA24309DE500308DE520309DE51F
S31580E1975004308DE50510A0E158029FE51C209DE5CA
S31580E1976018309DE5891900EB015085E2E5FFFFEAB6
S31580E19770610053E31400001A0610A0E11020A0E373
S31580E197800C0097E5ED6600EB1020A0E300A0A0E1D8
S31580E1979001B0A0E1100097E50610A0E1E76600EBD5
S31580E197A00A20A0E10B30A0E1F000CDE1000094E5D4
S31580E197B0735900EB006050E23D0000AA165B00EBB6
S31580E197C00010A0E1F0019FE50D0000EA640053E39B
S31580E197D0BDFDFF1A0610A0E11020A0E30C0097E57D
S31580E197E0806600EB0010A0E100009AE59F5900EB4E
S31580E197F0006050E22E0000AA075B00EB0010A0E1BA
S31580E19800B8019FE5611900EB2D0000EA040097E5B8
S31580E198100030D0E5630053E31900001A026048E2A4
S31580E198200260D6E3A8FDFF1A040058E30650A011B2
S31580E198300680A0110900001A0610A0E11020A0E31D
S31580E19840080097E5676600EB0610A0E11020A0E32B
S31580E198500080A0E10C0097E5626600EB0050A0E194
S31580E19860000094E50110A0E37C2200EB000094E582
S31580E198700810A0E10520A0E10130A0E3FD2100EB85
S31580E198800F0000EA38119FE50220A0E3806200EB39
S31580E19890006050E28CFDFF1A00009AE5502300EB50
S31580E198A0070000EA38309FE5003093E520308DE50A
S31580E198B04CFCFFEA0060A0E3010000EA04019FE5B9
S31580E198C0C9FEFFEA0600A0E150D08DE2F08DBDE849
S31580E198D04EC7E3802DC7E38051C7E38073C7E3803A
S31580E198E0A2C7E380E465E480BEC7E3802EC8E38057
S31580E198F031C8E38064C8E3808DC8E380E461E480B5
S31580E19900ABC8E380B599E380E7C8E38001C9E3802A
S31580E199107C35E48018C9E38055CDE3801FC9E380B7
S31580E1992039C9E380B53DE48058C9E38092C9E380D3
S31580E19930943DE48035C7E3804CC7E3805FC9E3802B
S31580E1994067C9E38083C9E3803EC9E38089C9E3804F
S31580E1995090C9E3808DC9E38098C9E380A5C9E38096
S31580E1996095FDE38067C8E380B9C9E380D4C9E38024
S31580E19970F0C9E380FFC9E38016CAE3802CCAE3809D
S31580E1998043CAE3805ACAE38068CAE3807FCAE38038
S31580E1999096CAE380ADCAE380C4CAE380EC26E4805C
S31580E199A0DBCAE3807E30E48008B4E380DFCAE3800B
S31580E199B0FACAE3802CCBE3804BCBE38065CBE380B3
S31580E199C084CBE380B1CEE380CCC8E38013402DE93C
S31580E199D030C09FE50040A0E12C009FE501E0A0E1D9
S31580E199E00CC060E024109FE54CC1A0E10C008DE83D
S31580E199F09C0101E00420A0E10E30A0E19D1600EB80
S31580E19A0008D08DE21080BDE8785DE480C059E480BD
S31580E19A10B76DDBB6010052E310402DE928409FE5A2
S31580E19A20040000DA040093E50010A0E31020A0E32F
S31580E19A30EC6500EB000084E5001094E50C009FE501
S31580E19A40D21800EB0000A0E31080BDE8EC65E4806D
S31580E19A5062CCE380031042E2010051E32E00008AEA
S31580E19A60F0412DE9000093E50410A0E30350A0E165
S31580E19A700260A0E11A1800EB007050E2280000DADB
S31580E19A800010A0E31020A0E3040095E5D56500EB86
S31580E19A9094309FE50010A0E3003093E51020A0E329
S31580E19AA0034080E0080095E5CE6500EB040056E3CF
S31580E19AB00080A0E10100A0130300001A0C0095E5E7
S31580E19AC00010A0E31020A0E3C66500EB343099E5F1
S31580E19AD07F3483E2030054E10430A0910A00009AC6
S31580E19AE048109FE548009FE5A81800EB0C0000EAC6
S31580E19AF0040057E3008083050200000A020057E371
S31580E19B00B080C3010080C315073083E0010050E2D5
S31580E19B10F6FFFF2A0000A0E3F081BDE80000E0E364
S31580E19B201EFF2FE10100A0E3F081BDE8EC65E48052
S31580E19B30F197E38079CCE380040052E34A00001A8E
S31580E19B40F0412DE90210A0E118D04DE2000093E545
S31580E19B500370A0E1E21700EB004050E20100A0B300
S31580E19B60430000BA040054E30C619F050300000A38
S31580E19B7008319FE5020054E304619FE50360A0118B
S31580E19B80040097E50010A0E31020A0E3956500EBC3
S31580E19B90F0509FE50010A0E3008095E51020A0E35A
S31580E19BA0088080E0080097E58E6500EB005095E53A
S31580E19BB00010A0E31020A0E3055080E00C0097E5BB
S31580E19BC0886500EB0070A0E305C0A0E10010A0E18C
S31580E19BD0080065E0010057E100308CE01C00000AD6
S31580E19BE0040054E300E0930500209C050400000A8C
S31580E19BF0020054E3B0E0D301B020DC0100E0DC17E1
S31580E19C000020DC1502005EE10E00000A033068E008
S31580E19C10055083E00C408DE510208DE50610A0E12E
S31580E19C20082083E000E08DE50430A0E104608DE565
S31580E19C3008508DE550009FE5541800EB0140A0E304
S31580E19C400710A0E1030000EA04C08CE0017087E21E
S31580E19C50DFFFFFEA0040A0E330009FE50620A0E1B8
S31580E19C604A1800EB0400A0E1010000EA0000E0E30D
S31580E19C701EFF2FE118D08DE2F081BDE8ACCCE38008
S31580E19C80A3CCE380A8CCE380EC65E480B1CCE3802F
S31580E19C90E3CCE380020052E3340000DA70402DE940
S31580E19CA0000093E50410A0E30350A0E18C1700EBDC
S31580E19CB0006050E22F0000BA0010A0E31020A0E37C
S31580E19CC0040095E5476500EB0010A0E31020A0E3D2
S31580E19CD00040A0E1080095E5426500EB010050E314
S31580E19CE00900001A040056E30100001A003094E5E9
S31580E19CF0FDFFFFEA020056E30100001AB030D4E12D
S31580E19D00FDFFFFEA0030D4E5FDFFFFEA040056E3FC
S31580E19D100600001A0420A0E10030A0E1013053E200
S31580E19D20FBFFFF3A001092E5042082E2FAFFFFEAA8
S31580E19D30020056E3040080100600001A0420A0E128
S31580E19D400030A0E1013053E2FBFFFF3AB010D2E1EF
S31580E19D50022082E2FAFFFFEA0430A0E1000053E14B
S31580E19D60FCFFFF0A0020D3E5013083E2FAFFFFEA38
S31580E19D700000E0E31EFF2FE10100A0E37080BDE873
S31580E19D80FF4D2DE9D0009FE5D0709FE5D0A09FE5FE
S31580E19D90010052E3004090E508008DE500609AE518
S31580E19DA0008097E50C708DE50000E0D3280000DAAD
S31580E19DB0015011E20370A0E102B0A0E11300001AA4
S31580E19DC0000093E50410A0E3451700EB004050E264
S31580E19DD00100A0B31E0000BA1020A0E3040097E5BD
S31580E19DE00510A0E1FF6400EB78209FE502005BE3CC
S31580E19DF0006092E5066080E00400000A080097E5CD
S31580E19E000510A0E11020A0E3F66400EB0080A0E15C
S31580E19E100410A0E11000A0E37D7100EB0610A0E143
S31580E19E200830A0E10420A0E1980405E000008DE57A
S31580E19E300600A0E1275A00EB0C309DE5066085E03F
S31580E19E40008083E508309DE50000A0E300608AE5B7
S31580E19E50004083E510D08DE2F08DBDE8F865E480C1
S31580E19E609C43E480E865E480EC65E480040052E3A9
S31580E19E704100001AF8452DE90210A0E1000093E5C2
S31580E19E800370A0E1161700EB006050E23C0000BAD7
S31580E19E90040097E50010A0E31020A0E3D16400EB75
S31580E19EA0E4809FE50010A0E31020A0E300A098E500
S31580E19EB00050A0E1080097E5CA6400EB0010A0E33A
S31580E19EC01020A0E3008098E50040A0E10C0097E532
S31580E19ED0C46400EB007050E20200001AAC009FE51A
S31580E19EE09E1700EB260000EA084084E00400A0E12A
S31580E19EF0FF2100EB0A5085E0000050E30C00000AE8
S31580E19F008C009FE5951700EB0410A0E10500A0E128
S31580E19F10960702E0092200EB004050E20100000AC8
S31580E19F205B2200EB160000EA68009FE58B1700EBE9
S31580E19F300F0000EA0410A0E1055064E0017057E2E9
S31580E19F40053081E00A00003A040056E300309305CB
S31580E19F50003081050400000A020056E3B030D301E7
S31580E19F600530D117B030C1010030C115061081E04E
S31580E19F70F1FFFFEA0000A0E3F885BDE80000E0E339
S31580E19F801EFF2FE10100A0E3F885BDE8EC65E480E2
S31580E19F9005CDE38016CDE3802434E480020052E3EC
S31580E19FA0000000CA1B1500EAF0412DE9040093E5A3
S31580E19FB00250A0E10010A0E31020A0E30340A0E15D
S31580E19FC0886400EB64309FE50010A0E3006093E5D0
S31580E19FD01020A0E3066080E0080094E5816400EB50
S31580E19FE00610A0E10080A0E10820A0E10000A0E346
S31580E19FF0665900EB0610A0E1082086E00070A0E13A
S31580E1A0000730A0E128009FE5601700EB030055E3E8
S31580E1A0100400000A0C0094E50010A0E31020A0E300
S31580E1A020706400EB007080E50000A0E3F081BDE89C
S31580E1A030EC65E48028CDE380020052E3F34D2DE91F
S31580E1A0400000E0135200001A4C819FE54CA19FE588
S31580E1A050016011E203B0A0E10070A0E1004098E563
S31580E1A06000509AE50B00001A000093E50410A0E386
S31580E1A0709B1600EB005050E23F0000BA04009BE5DE
S31580E1A0800610A0E11020A0E3566400EB10319FE5B5
S31580E1A090004093E5044080E0343099E57F3483E203
S31580E1A0A0030054E1FC609F951100009AF8109FE54A
S31580E1A0B0F8009FE5351700EB2F0000EA331700EB38
S31580E1A0C0EC009FE5972900EB000050E32C00000AA5
S31580E1A0D0010050E31300001A0030D6E52D0053E36A
S31580E1A0E01000001A000057E30100000A003065E223
S31580E1A0F0034084E00410A0E1B8009FE5231700EB5C
S31580E1A100040055E3B0009F0500109405EAFFFF0ABD
S31580E1A110020055E3A4009F05B010D401A0009F156D
S31580E1A1200010D415E4FFFFEA78009FE504108DE284
S31580E1A1301020A0E32B6400EB04309DE5063053E06C
S31580E1A1400900000A040055E3000084050200000AC4
S31580E1A150020055E3B000C4010000C415000057E3D6
S31580E1A16005408410000053E3E1FFFF1A004088E5D3
S31580E1A17000508AE50000A0E3050000EA0100A0E3C3
S31580E1A180030000EA000057E3D9FFFF0A0530A0E1AA
S31580E1A190D6FFFFEA08D08DE2F08DBDE8F465E48074
S31580E1A1A0F065E480EC65E4800898E4801E98E380BD
S31580E1A1B079CCE38066CDE3804DCDE38054CDE380F9
S31580E1A1C05ACDE38060CDE3800100A0E399FFFFEA09
S31580E1A1D00000A0E397FFFFEA010052E3FF4D2DE97E
S31580E1A1E0C40000DA2C649FE50350A0E1003096E5D7
S31580E1A1F00270A0E1000053E3050000AADD3500EB23
S31580E1A200000050E30030A0C3003086C508049FD526
S31580E1A2102C0000DA040095E500149FE5116000EB5F
S31580E1A220004050E20D00001A020057E3B100001A27
S31580E1A230000096E52C3100EB003050E2D4339F05E7
S31580E1A240DC039F0500109305A700000A344083E5EF
S31580E1A2507F3500EB004090E20140A013EA0000EA7E
S31580E1A260040095E5BC139FE50420A0E3086000EBBC
S31580E1A270004050E21500001A020057E39D00001AE3
S31580E1A280000096E5183100EB88539FE5000050E326
S31580E1A2908C039F05001095059300000A6C3500EB51
S31580E1A2A0000095E58E3500EB003050E20400000AAF
S31580E1A2B00B30D3E5FF0053E30100000A6B2C00EB82
S31580E1A2C0D10000EA60039FE5A41600EB870000EA6F
S31580E1A2D0040095E554139FE5E25F00EB004050E210
S31580E1A2E00400001A020057E38200001A0A00A0E384
S31580E1A2F0863500EBC40000EA040095E530139FE55E
S31580E1A300D85F00EB004050E24400001A020057E3B8
S31580E1A310008096050600000A030057E30600001A4E
S31580E1A320080095E50410A0E10A20A0E3AD6300EB07
S31580E1A3300080A0E10050E0E30F0000EA040057E36B
S31580E1A3406C00001A080095E50410A0E10A20A0E35C
S31580E1A350A46300EB0410A0E10A20A0E30080A0E161
S31580E1A3600C0095E59F6300EB070050E30050A0E108
S31580E1A3700710A0C3BC029FC55B0000CA0800A0E12C
S31580E1A380D93000EB007050E294029F050810A001DD
S31580E1A3905500000A2E3500EB010075E31200000A34
S31580E1A3A08630D7E5FF0053E30200001A88029FE575
S31580E1A3B0761600EB4D0000EA8730D7E5030055E1DC
S31580E1A3C00900000A0510A0E10800A0E1513100EB87
S31580E1A3D00510A0E1000050E38750C7055C229F0588
S31580E1A3E05C229F155C029FE5681600EB8630D7E517
S31580E1A3F0008086E5FF0053E30300001A0810A0E120
S31580E1A40044029FE5611600EB7F0000EA0810A0E1B7
S31580E1A4108720D7E534029FE55C1600EB7A0000EAF7
S31580E1A420050057E30A00001A040095E520129FE52E
S31580E1A4308C5F00EB000050E30D00000A040095E517
S31580E1A44010129FE5875F00EB000050E32B00000AC6
S31580E1A450280000EA040057E32600001A040095E587
S31580E1A460F4119FE57F5F00EB000050E32500000AD1
S31580E1A470200000EA01A0A0E3000096E59A3000EB17
S31580E1A48003005AE300B0A0030230A0030080A0E1FC
S31580E1A4900500000A080095E50010A0E31020A0E37E
S31580E1A4A0506300EB0330A0E300B0A0E1030195E740
S31580E1A4B00010A0E31020A0E30341A0E1496300EB93
S31580E1A4C0044085E00010A0E31020A0E30C008DE5B8
S31580E1A4D0040094E5436300EB000058E30010960521
S31580E1A4E00070A0E138019F050800001A271600EBED
S31580E1A4F00140A0E3440000EA0040E0E3420000EAD4
S31580E1A50002A0A0E3DBFFFFEA03A0A0E3D9FFFFEA15
S31580E1A5100C309DE500708DE5002096E5041095E50B
S31580E1A52038019FE5191600EB0800A0E1C83400EB7D
S31580E1A53002304AE2010053E30700008A0800A0E105
S31580E1A540C92F00EB010050E30040A0E10200001AB0
S31580E1A5500C019FE50D1600EB2B0000EA343099E5FE
S31580E1A5607F3483E203005BE1F8009F85F8109F85E5
S31580E1A570DDFFFF8A02005AE30C00000A03005AE37A
S31580E1A5801100000A0C109DE53CC198E5000096E5B6
S31580E1A5900720A0E10B30A0E13CFF2FE18714A0E189
S31580E1A5A00040A0E10B00A0E1389BFFEB0C0000EA44
S31580E1A5B040C198E5000096E50C109DE50720A0E1F5
S31580E1A5C00B30A0E13CFF2FE1040000EA443198E53D
S31580E1A5D0000096E50C109DE50720A0E133FF2FE111
S31580E1A5E00040A0E154C09FE5070054E10410A0E1DA
S31580E1A5F04C309FE574009FE50C30A001042095E581
S31580E1A600E21500EB074054E00140A0130400A0E10D
S31580E1A61010D08DE2F08DBDE8A043E480DFCFE3800A
S31580E1A620F8CFE380FFCFE3808BDBE38019D0E38053
S31580E1A630A71DE4802ED0E38032D0E38059D0E38039
S31580E1A640D6CFE380D9CFE3807BD0E38099D0E38016
S31580E1A650B2D0E380D4D0E380D9D0E380DFD0E38089
S31580E1A660E5D0E38012D1E38079CCE3802698E3805C
S31580E1A67033D1E38013402DE954419FE5003094E5E1
S31580E1A680000053E30A0000AABA3400EB000050E36D
S31580E1A690040000DA0010A0E338019FE5001084E5AC
S31580E1A6A0BA1500EB020000EA2C019FE5AB1500EB41
S31580E1A6B0440000EA000094E50B3000EB004050E2F4
S31580E1A6C03C00000A14019FE5A41500EB0400A0E11B
S31580E1A6D05F3400EB081084E204019FE5AB1500EBE3
S31580E1A6E07710D4E5FC009FE5A81500EB741094E59E
S31580E1A6F0F4009FE50114A0E12118A0E1A31500EB88
S31580E1A700782094E57410D4E52204A0E1FF0000E20C
S31580E1A7102238A0E100008DE5FF0002E2FF3003E28E
S31580E1A720222CA0E104008DE5C0009FE5971500EBA2
S31580E1A730881094E5B8009FE5941500EB8C1094E5BC
S31580E1A740B0009FE5911500EB303094E5A8C09FE518
S31580E1A750020813E32324A0E1A0109FE5FF3003E282
S31580E1A7600C10A0010F2002E294009FE5871500EB13
S31580E1A770401094E58C309FE58C209FE5000051E305
S31580E1A7800210A0110310A00180009FE57F1500EB68
S31580E1A7907C009FE5711500EBD809C4E174209FE543
S31580E1A7A0805700EB70009FE5441094E5771500EB48
S31580E1A7B00000A0E3040000EA14309FE55C009FE519
S31580E1A7C0001093E5711500EB0100A0E308D08DE25E
S31580E1A7D01080BDE8A043E48050D1E380DFCFE38001
S31580E1A7E079D1E38094D1E380A0D1E380B5D1E380D0
S31580E1A7F0BED1E380D1D1E380E1D1E38045D1E3806D
S31580E1A80044FDE380F3D1E3804DD1E38049D1E38018
S31580E1A81005D2E38018D2E380EC26E48023D2E3807C
S31580E1A820FFCFE38070402DE90050A0E1000090E584
S31580E1A8300060A0E3004090E5050050E10800000AD1
S31580E1A840060090E8042081E5001082E5006080E55D
S31580E1A850046080E5A71600EB0400A0E1004094E5E2
S31580E1A860F4FFFFEA7080BDE810402DE90020A0E307
S31580E1A8700140A0E1B16200EB002094E50030D2E531
S31580E1A8804D0053E30E00000A0400008A470053E3BB
S31580E1A8900800000A4B0053E30C00000A1080BDE873
S31580E1A8A06B0053E30900000A6D0053E30400000ADC
S31580E1A8B0670053E31080BD180115A0E1201B81E1FB
S31580E1A8C00005A0E10115A0E1201B81E10005A0E1E1
S31580E1A8D0012082E20115A0E1201B81E1002084E5CF
S31580E1A8E00005A0E11080BDE8F0402DE90361C2E3F7
S31580E1A8F00070A0E3071096E1222FA00103218201D7
S31580E1A9005C109F05233FA0011300000A54609FE578
S31580E1A9100070A0E3026006E0037007E0071096E1AD
S31580E1A920222AA001032682013C109F05233AA00139
S31580E1A9300900000A34609FE50070A0E3026006E04A
S31580E1A940037007E0071096E12225A00120109F05FC
S31580E1A95020109F15032B82012335A001F040BDE82D
S31580E1A960AE6200EA71D3E380FFFF0F0077D3E38025
S31580E1A970FF0300007DD3E38083D3E380E8329FE564
S31580E1A980F04D2DE9002093E530D04DE2030052E110
S31580E1A99000308DE5D4329F050040A0030040C30519
S31580E1A9A0A400000AC4029FE5C4129FE59B6200EB06
S31580E1A9B000309DE5BC429FE5007093E5B8629FE576
S31580E1A9C000309DE5030057E19300000A083097E5E2
S31580E1A9D0180093E5495E00EB01A080E204005AE1AC
S31580E1A9E00080A0E18F00008A083097E50600A0E1AB
S31580E1A9F0181093E50820A0E1BA5E00EB3A30A0E3B7
S31580E1AA000830C6E707B0A0E1085086E00080A0E301
S31580E1AA101060BBE504406AE0015085E208A0A0E150
S31580E1AA200B0056E16F00000A183096E504308DE59B
S31580E1AA301C3096E508308DE510008DE2D021C6E127
S31580E1AA40A8FFFFEB10008DE22C5E00EB018088E22F
S31580E1AA50040050E10030A0E17200008A0320A0E109
S31580E1AA600500A0E110108DE20C308DE59D5E00EBD6
S31580E1AA700C309DE508209DE5035085E0044063E0C8
S31580E1AA8004309DE5023093E10130A0130030A0034C
S31580E1AA9000005AE30030A01301300302000053E3C3
S31580E1AAA00900001A00005AE31D00000AD821CAE114
S31580E1AAB0D001CAE1020090E00310A1E0D821C6E10D
S31580E1AAC0030051E1020050011500000A0C009DE9E6
S31580E1AAD010008DE283FFFFEB10008DE2075E00EB55
S31580E1AAE0013080E2040053E100A0A0E108308DE569
S31580E1AAF04C00008A01C085E24020A0E30020C5E544
S31580E1AB000C00A0E110108DE20A20A0E104C08DE5E1
S31580E1AB10745E00EB04C09DE508309DE50A508CE04B
S31580E1AB20044063E00C30D6E5000053E31500001ADB
S31580E1AB30080096E5F15D00EB02C080E204005CE18D
S31580E1AB4000A0A0E108C08DE53600008A013085E2EB
S31580E1AB502820A0E30020C5E50300A0E10A20A0E1CA
S31580E1AB60081096E504308DE55E5E00EB04309DE5E8
S31580E1AB7008C09DE50A5083E02920A0E3015085E2E3
S31580E1AB8004406CE00A20C3E7243096E5000053E3F5
S31580E1AB900800000A010054E32200009A0530A0E192
S31580E1ABA07220A0E30220C3E46F20A0E30120C5E583
S31580E1ABB0024044E20350A0E1BC30D7E1080053E112
S31580E1ABC00500009A000054E31600000A2C30A0E349
S31580E1ABD00030C5E5014044E2015085E206A0A0E1EE
S31580E1ABE0006096E58DFFFFEA003097E500209DE560
S31580E1ABF00560A0E1020053E10500000A000054E38C
S31580E1AC000800000A3B30A0E3016085E2014044E2AE
S31580E1AC100030C5E5007097E568FFFFEA0040A0E3F4
S31580E1AC200040C6E5030000EA40309FE50020A0E34E
S31580E1AC300140A0E30020C3E530109FE5013024E226
S31580E1AC400020D1E534009FE5000052E30030A00307
S31580E1AC5001300312000053E30310A001590A00EB0F
S31580E1AC600400A0E130D08DE2F08DBDE8A068E480FB
S31580E1AC709466E4807437E480FF0100009D66E48099
S31580E1AC8081A7E380F8402DE954309FE50070A0E389
S31580E1AC90004093E50350A0E1006094E5050054E1AE
S31580E1ACA00B00000A0C0094E8100084E2043082E58F
S31580E1ACB0002083E5007084E5047084E5D8FEFFEB2F
S31580E1ACC00400A0E18B1500EB0640A0E1006096E56B
S31580E1ACD0F1FFFFEA004084E5044084E50000A0E35B
S31580E1ACE0F880BDE8A068E480020050E31F402DE9CA
S31580E1ACF00240A0E10130A0E14C209F050300000A5B
S31580E1AD0048C09FE5040050E344209FE50C20A00164
S31580E1AD1040109FE50D00A0E1C06100EB0D00A0E1D0
S31580E1AD20D83600EB010A70E3000084E50000A093C9
S31580E1AD300300009A20009FE50D10A0E1131400EBBB
S31580E1AD400100A0E310D08DE21080BDE8AA2BE4805B
S31580E1AD508CD3E38088D3E38094D3E38099D3E38073
S31580E1AD60D021C1E1F04D2DE90140A0E10010E0E301
S31580E1AD700050A0E1010053E10000E0E30000520150
S31580E1AD8030D04DE2D061C5E1D821C4E10200001A9C
S31580E1AD90020056E00310C7E0F001C4E1070053E189
S31580E1ADA0060052010400009AF060CDE1181095E5A5
S31580E1ADB0E4029FE5F51300EBB30000EAD001C4E1BC
S31580E1ADC002A090E003B0A1E003005BE102005A013A
S31580E1ADD00900008A0820D5E5020052E3BC129F05EE
S31580E1ADE00300000AB8329FE5040052E3B4129FE5FE
S31580E1ADF00310A001B0029FE5A00000EA07005BE135
S31580E1AE0006005A010300009A181095E59C029FE519
S31580E1AE10DE1300EB9C0000EA30208DE20030A0E3F7
S31580E1AE20143022E50800D5E50910D5E5ADFFFFEB45
S31580E1AE30006050E29400001A1CC09DE534809CE5D8
S31580E1AE4010709CE5000058E3287084E53C00001A08
S31580E1AE501C1094E50630A0E10120A0E1188094E57C
S31580E1AE60033092E120808DE524108DE50900001AFA
S31580E1AE700800A0E10710A0E15D6D00EB0800A0E10C
S31580E1AE8001A0A0E10710A0E12F6D00EB0010A0E387
S31580E1AE90F002CDE1030000EA20008DE20710A0E197
S31580E1AEA0785600EB00A0A0E100005AE30900000A11
S31580E1AEB00820D5E5020052E3E0119F050300000A70
S31580E1AEC0DC319FE5040052E3D8119FE50310A00130
S31580E1AED0DC019FE5690000EA141094E51C309DE5EC
S31580E1AEE00120A0E1107093E50A30A0E1108094E59D
S31580E1AEF0033092E128808DE52C108DE50900001A5A
S31580E1AF000800A0E10710A0E1396D00EB0800A0E19F
S31580E1AF1001A0A0E10710A0E10B6D00EB0010A0E31A
S31580E1AF20F802CDE1030000EA28008DE20710A0E1F6
S31580E1AF30545600EB00A0A0E100005AE34600001A57
S31580E1AF40520000EA0600A0E1080050E11B0000AAD9
S31580E1AF501830A0E3900303E038109CE500E0A0E31D
S31580E1AF60032081E0037091E70C3092E510208DE5B6
S31580E1AF7014308DE514309DE503005EE10D00000A95
S31580E1AF800720A0E10030A0E3F820CDE1D8A0CDE113
S31580E1AF90D821C4E10B0053E10A00520100C0A003AD
S31580E1AFA02100000A10309DE501E08EE2083093E54C
S31580E1AFB0037087E0EEFFFFEA010080E2E1FFFFEA4E
S31580E1AFC00820D5E5020052E3D0109F050300000A70
S31580E1AFD0CC309FE5040052E3C8109FE50310A00141
S31580E1AFE0D0009FE5250000EAD0A1C4E1D820CDE1DB
S31580E1AFF00A2092E00B30A3E000B0A0E30B0053E11E
S31580E1B000000052012100000A08A091E501E08EE2EC
S31580E1B0100A0080E007005EE1F2FFFF1A01C08CE2E0
S31580E1B02008005CE1181081E2030000AA000091E5C6
S31580E1B0300C7091E500E0A0E3F5FFFFEAD0A1C4E161
S31580E1B040D820CDE10010A0E30A2092E00B30A3E006
S31580E1B050010053E1000052010C00000A0820D5E509
S31580E1B060020052E334109F050300000A30309FE569
S31580E1B070040052E32C109FE50310A00138009FE500
S31580E1B0800920D5E5083094E5401300EB0160A0E3A3
S31580E1B0900600A0E130D08DE2F08DBDE8AFD3E3804C
S31580E1B0A0AA2BE4808CD3E38088D3E380DBD3E3806F
S31580E1B0B0FED3E38023D4E38088D4E38059D4E3804C
S31580E1B0C040209FE504E02DE5003092E5020053E162
S31580E1B0D00800000A08C093E508E0DCE500005EE1CF
S31580E1B0E00200001A09C0DCE501005CE10300000A08
S31580E1B0F0003093E5F4FFFFEA0000A0E304F09DE46D
S31580E1B1000300A0E104F09DE4A068E480F7402DE926
S31580E1B1100370A0E10030A0E30030C2E50140A0E188
S31580E1B1200250A0E1E4109FE50420A0E30060A0E1E5
S31580E1B13004008DE5565C00EB000050E30500001A43
S31580E1B1400230A0E30030C5E504309DE5043083E2BA
S31580E1B15004308DE5170000EA04009DE5B0109FE517
S31580E1B1600320A0E34A5C00EB000050E304209D0548
S31580E1B1700130A0030030C505032082020900000AE0
S31580E1B18004009DE58C109FE50720A0E3405C00EB81
S31580E1B190000050E30500001A04209DE50430A0E399
S31580E1B1A0072082E20030C5E504208DE5010000EA52
S31580E1B1B064009FE5060000EA04009DE55C209FE5CA
S31580E1B1C00030D0E50330D2E7040013E30400001A2F
S31580E1B1D04C009FE50610A0E1EC1200EB0100A0E334
S31580E1B1E0080000EA04108DE20020A0E3FD5F00EB99
S31580E1B1F0000054E304309D150000C7E50000A0136C
S31580E1B2000400A001003084150CD08DE2F080BDE809
S31580E1B210AA2BE48088D3E3808CD3E380BFD4E38018
S31580E1B220B599E380DCD4E38007402DE9000050E363
S31580E1B2301C00000ABC30D0E1030051E10030A031AE
S31580E1B2401000B3350020A0331300003A080090E5E2
S31580E1B2500820D0E5020052E350209F050400000A51
S31580E1B2604CC09FE54C309FE5040052E30320A001EA
S31580E1B2700C20A0110930D0E5180090E500008DE59D
S31580E1B28034009FE5C11200EB050000EA010052E1BE
S31580E1B2900400000A000090E5012082E2030050E10B
S31580E1B2A0F9FFFF1A0000A0E30CD08DE204F09DE4E3
S31580E1B2B0AA2BE48088D3E3808CD3E380FBD4E3803C
S31580E1B2C0FF4D2DE903A0A0E180319FE500B0A0E12B
S31580E1B2D0007093E50160A0E10250A0E100C0A0E327
S31580E1B2E0030057E10020A0E31500000A00C0C5E590
S31580E1B2F0007086E5108097E5002096E5102082E2D1
S31580E1B300020058E10C00000A00808AE50B10A0E1FA
S31580E1B310080098E508108DE8D25B00EB004050E22A
S31580E1B3204700000A0020D5E508109DE8012082E269
S31580E1B3300020C5E5008098E5EEFFFFEA007097E51D
S31580E1B340E6FFFFEA10708DE2002086E504B027E58E
S31580E1B35000208AE50B00A0E10020C5E50710A0E109
S31580E1B3600A208DE20B308DE267FFFFEB004050E271
S31580E1B3703200001A0C309DE5010083E20C008DE578
S31580E1B3800020D3E52C0052E30200001A0130D3E518
S31580E1B390000053E30200001AB4009FE57B1200EB44
S31580E1B3A0260000EA0710A0E10420A0E18D5F00EB12
S31580E1B3B00C309DE50010D3E5000051E30080A0E16B
S31580E1B3C00200000A8C009FE5701200EB1B0000EA88
S31580E1B3D00A70DDE50BB0DDE50700A0E10B10A0E129
S31580E1B3E036FFFFEB000050E3000086E50A00001A15
S31580E1B3F0020057E360109F050300000A5C309FE579
S31580E1B400040057E358109FE50310A0010B20A0E14B
S31580E1B41050009FE55D1200EB080000EAFF1008E2AC
S31580E1B42080FFFFEB000050E300008AE50080C51550
S31580E1B4300300001A30009FE5541200EB004086E5D8
S31580E1B4400140A0E30400A0E110D08DE2F08DBDE8DB
S31580E1B450A068E4802DD5E3804CD5E380AA2BE480F7
S31580E1B4608CD3E38088D3E38070D5E38085D5E38090
S31580E1B47038402DE99C309FE5004093E5000054E398
S31580E1B4801D00000A90109FE50350A0E1002091E5A0
S31580E1B4900030A0E3010052E10F00000A040052E10E
S31580E1B4A00700001A74209FE574009FE50010D2E53D
S31580E1B4B0011083E00118A0E12118A0E1570800EB13
S31580E1B4C0050000EABC00D2E1002092E5003083E08D
S31580E1B4D00338A0E12338A0E1EDFFFFEA3C309FE5A8
S31580E1B4E0000095E50010D3E54EFFFFEB0030A0E1CB
S31580E1B4F0081093E52C009FE5040000EA0410A0E122
S31580E1B5001C009FE52F0800EB18009FE50410A0E1E1
S31580E1B5103840BDE82B0800EA8066E480A068E480D4
S31580E1B5209468E48098D5E380A2D5E38094309FE562
S31580E1B53010402DE9004093E518D04DE2000054E338
S31580E1B5401800000A081094E50820D1E5020052E3CC
S31580E1B55074209F050400000A70009FE570309FE526
S31580E1B560040052E30320A0010020A0110930D1E5B7
S31580E1B57060109FE508008DE20010D1E500108DE5B1
S31580E1B58054109FE5A55F00EB08108DE24C009FE526
S31580E1B5900C0800EB08108DE21020A0E340009FE547
S31580E1B5A0275B00EB040000EA30009FE50410A0E190
S31580E1B5B0040800EB28309FE50040C3E5ABFFFFEBD5
S31580E1B5C018D08DE21080BDE88066E480AA2BE48005
S31580E1B5D088D3E3808CD3E3809468E480ADD5E3803F
S31580E1B5E09EDBE3808466E4801C209FE508402DE9AC
S31580E1B5F00030A0E30030C2E510209FE5003082E50F
S31580E1B600C9FFFFEB0840BDE89DFDFFEA9466E48053
S31580E1B6108066E48038402DE90040A0E1100080E2B8
S31580E1B6207FFCFFEB0C0094E80050A0E3043082E558
S31580E1B6300400A0E1002083E5005084E5045084E520
S31580E1B6402C1300EB38309FE5002093E5020054E1AE
S31580E1B6500800001A2C109FE5002091E5010052E1D7
S31580E1B6600020831520309F15005083050050C315B7
S31580E1B670ADFFFFEB000000EA7CFFFFEB0000A0E3FB
S31580E1B6803880BDE88066E480A068E4809468E480E0
S31580E1B690103090E5F04D2DE9108080E20150A0E177
S31580E1B6A0080053E10040A0E12C0085E50410830504
S31580E1B6B00030810504308105101084053100000ACF
S31580E1B6C0D8309FE5003093E5030050E10000A013F8
S31580E1B6D00200001AC8309FE50010D3E5D1FEFFEBEA
S31580E1B6E0103094E5080053E12100000AD8A1C5E1B4
S31580E1B6F0D861C3E107005BE106005A010500001A43
S31580E1B7000B209AE10400001A98009FE59F1100EB57
S31580E1B7100100A0E3F08DBDE81300008A042093E5E3
S31580E1B720045083E5003085E5BC30D4E1000050E388
S31580E1B730013083E2042085E5005082E5BC30C4E136
S31580E1B7401300000AD821C0E1030057E10200560147
S31580E1B7500F00008A48209FE50030D2E5013083E280
S31580E1B7600030C2E570FFFFEB0A0000EA003093E5A6
S31580E1B770DBFFFFEA142094E5145084E5003085E58B
S31580E1B780042085E5005082E5BC30D4E1013083E2D6
S31580E1B790BC30C4E135FFFFEB0000A0E3F08DBDE8EE
S31580E1B7A08066E4809468E480B5D5E380F04D2DE948
S31580E1B7B040D04DE238308DE238308DE53C308DE554
S31580E1B7C00030A0E3003082E528208DE5002051E2BB
S31580E1B7D0003082153A10A0E30050A0E120208DE5EB
S31580E1B7E0BB5A00EB000050E348059F052501000A9E
S31580E1B7F044859FE5014080E2006098E500B065E020
S31580E1B800080056E14301000A180096E5BB5A00EBB1
S31580E1B81000005BE10E00001A180096E50510A0E134
S31580E1B8200B20A0E19A5A00EB007050E20800001A62
S31580E1B8300800D6E50910D6E520FEFFEB000050E3CF
S31580E1B8400500001A0020A0E30030A0E3F021CDE15D
S31580E1B850070000EA006096E5E8FFFFEA143090E52C
S31580E1B860D001C3E1D821C3E102A090E003B0A1E019
S31580E1B870F0A1CDE10030A0E30100A0E303A0A0E1C7
S31580E1B880000054E3CD00000A0030D4E5000053E324
S31580E1B8903B005313C900000A34408DE50030D4E5FE
S31580E1B8A02D0053E30500001A014084E20020E0E325
S31580E1B8B00030E0E334408DE5F820CDE10D0000EA8B
S31580E1B8C00400A0E134108DE2E6FBFFEBF800CDE168
S31580E1B8D00020A0E10130A0E160049FE50010A0E333
S31580E1B8E0010053E1000052010200008A50049FE505
S31580E1B8F0261100EB430000EA34009DE50030D0E5F7
S31580E1B900400053E30500001A010080E240108DE219
S31580E1B9100C0021E5D3FBFFEBF801CDE1020000EA63
S31580E1B9200020E0E30030E0E3F821CDE134809DE5DD
S31580E1B9300030D8E5280053E31650A0130080A01309
S31580E1B9401700001A018088E20800A0E12910A0E32F
S31580E1B95034808DE55E5A00EB000050E30040A0E1C3
S31580E1B96034008DE50300001AD8039FE5071100EB4B
S31580E1B97004B0A0E1370000EA005068E0015085E2BA
S31580E1B980010055E30140801234408D150400001A10
S31580E1B990B4039FE50040A0E3FC1000EB04B0A0E116
S31580E1B9A0650000EAA4139FE534009DE50220A0E34B
S31580E1B9B0375A00EB000050E334309D050030A01388
S31580E1B9C00230830234308D0534409DE50130A00399
S31580E1B9D00010D4E524308DE52C0051E30B00001AEC
S31580E1B9E0D820CDE10010E0E3010053E10000E0E37F
S31580E1B9F0000052010140841234408D150C00001A7A
S31580E1BA004C039FE5E11000EB0040A0E3D7FFFFEA9E
S31580E1BA103B0051E30000511301B0A00300B0A01335
S31580E1BA200300000A2C039FE5D81000EB0B40A0E150
S31580E1BA30080000EA302085E20200A0E12C208DE5B5
S31580E1BA40B91200EB2C209DE500B050E20300001A0C
S31580E1BA5004039FE5CD1000EB0150A0E3360000EA38
S31580E1BA600010A0E3885A00EBD820CDE130008BE2CC
S31580E1BA70F021CBE1D821CDE1000058E3F821CBE1FB
S31580E1BA8024309DE524308BE508008BE50400000A2F
S31580E1BA900810A0E1012045E2E95900EB0030A0E37E
S31580E1BAA0050000EAD821CDE1B0129FE5F020CDE195
S31580E1BAB0D820CDE1595E00EB0130A0E30C30CBE537
S31580E1BAC008309BE598129FE5055083E00030A0E3BE
S31580E1BAD0013045E508009BE500B08BE504B08BE5D8
S31580E1BAE00620A0E3EA5900EB000050E30500001AC6
S31580E1BAF018109BE56C029FE5D00600EB68029FE596
S31580E1BB0010109BE5CD0600EB08009BE55C129FE5F6
S31580E1BB100320A0E3DE5900EB005050E20050A01371
S31580E1BB200500001A18109BE544029FE5C30600EB69
S31580E1BB3040029FE510109BE5C00600EB00005BE349
S31580E1BB4001508503010015E31E00001AD821CBE1DF
S31580E1BB500010E0E30000E0E3010053E10000520160
S31580E1BB60D021CD01F821CB010600A0E10B10A0E1A7
S31580E1BB70F820CDE179FCFFEB00C050E21100001A1C
S31580E1BB80D820CDE1D001CBE1020090E00310A1E025
S31580E1BB903C309DE538208DE23CB08DE50C008BE8AC
S31580E1BBA000B083E501308AE20338A0E12338A0E1E1
S31580E1BBB0F001CDE103A0A0E10C00A0E12FFFFFEAB7
S31580E1BBC0010050E30200001A38008DE214FBFFEB1E
S31580E1BBD0540000EA00005AE30C00001A0820D6E57A
S31580E1BBE0020052E390119F050300000A8C319FE524
S31580E1BBF0040052E388119FE50310A0010920D6E5F0
S31580E1BC00183096E57C019FE5601000EB450000EA7F
S31580E1BC10000054E31600000A0010D4E53B0051E32E
S31580E1BC200400001A20309DE5000053E301408412B0
S31580E1BC300500001A0E0000EA000051E30400001A34
S31580E1BC4020309DE5000053E30900000A004083E5CA
S31580E1BC50070000EA30019FE54C1000EB20309DE5BE
S31580E1BC60000053E320209D150030A013003082159B
S31580E1BC702C0000EA1800A0E32B1200EB004050E212
S31580E1BC800200001AD0009FE5401000EB250000EA93
S31580E1BC900010A0E31820A0E3FB5900EB086084E5DF
S31580E1BCA040608DE2004084E5081036E5103084E29C
S31580E1BCB0103084E5008091E50050A0E3BC50C4E1FA
S31580E1BCC0143084E5044084E5060051E10E00000A63
S31580E1BCD00C0091E80400A0E1043082E5002083E5D0
S31580E1BCE0005081E5045081E568FEFFEB000050E3FA
S31580E1BCF00200000A0400A0E145FEFFEB090000EA2C
S31580E1BD000810A0E1008098E5EEFFFFEA28309DE586
S31580E1BD10004083E5040000EA70009FE50B10A0E196
S31580E1BD200520A0E1191000EB0170A0E30700A0E176
S31580E1BD3040D08DE2F08DBDE822D8E3809868E4803A
S31580E1BD40FF0F0000DED5E380FFD5E38025D6E380D3
S31580E1BD503BD6E3803ED6E3806FD6E380A2D6E3800E
S31580E1BD60B1D6E380C3D6E380CAD6E380D8D6E38072
S31580E1BD70E4D6E380E8D6E380F3D6E380AA2BE480B9
S31580E1BD808CD3E38088D3E380FCD6E38020D7E3803D
S31580E1BD9050D7E380F04D2DE9F8559FE543DE4DE23E
S31580E1BDA0004095E5000054E31300001AE8359FE56D
S31580E1BDB00410A0E1003083E5043083E5DC359FE5BE
S31580E1BDC08020A0E3D8059FE5003083E5043083E554
S31580E1BDD0AD5900EB0410A0E1022CA0E3C4059FE578
S31580E1BDE0A95900EBC0059FE50410A0E11020A0E36E
S31580E1BDF0A55900EB0130A0E3003085E5AC059FE570
S31580E1BE00030700EB043099E50080A0E1800013E3AD
S31580E1BE109C059FE50200000AFD0600EB0050A0E1CB
S31580E1BE20030000EA30108DE2022CA0E3C60600EBA7
S31580E1BE3030508DE27C059FE5F50600EB0030A0E30E
S31580E1BE402030CDE5004050E20600000A68159FE506
S31580E1BE5068059FE5CD0F00EB20008DE20410A0E19F
S31580E1BE601020A0E3F65800EB000058E30300001A27
S31580E1BE7038059FE548159FE5D20500EB40859FE5AE
S31580E1BE800800A0E11D5900EB7F0050E334059F8552
S31580E1BE908010A0830A00008A000055E30200001AA0
S31580E1BEA024059FE5B90F00EB080000EA0500A0E153
S31580E1BEB0125900EB020C50E30400003A0C059FE5B1
S31580E1BEC0021CA0E3B10F00EB0100A0E32F0100EA21
S31580E1BED0CC049FE50030D0E50070A0E1000053E39B
S31580E1BEE00500001AB0449FE51C808DE5000094E5CD
S31580E1BEF000A0A0E3006090E5050000EA0810A0E15B
S31580E1BF00D85800EB000050E3F5FFFF1A0040A0E1AE
S31580E1BF10780000EA040050E10800000A0C0090E88D
S31580E1BF20043082E5002083E500A080E504A080E579
S31580E1BF30F01000EB0600A0E1006096E5F4FFFFEA71
S31580E1BF400030A0E30030C7E51C208DE20130A0E39C
S31580E1BF50004084E5044084E50C208DE51C009DE5E8
S31580E1BF60000050E30700001A010053E35300000A82
S31580E1BF702C049FE50810A0E18020A0E3B05800EBF7
S31580E1BF800140A0E35B0000EA0020D0E5000052E337
S31580E1BF90F4FFFF0A20308DE20C109DE517208DE23B
S31580E1BFA0083043E258FCFFEB00C050E24300001A40
S31580E1BFB01C309DE50020D3E53D0052E310049F153A
S31580E1BFC03200001A432E8DE2013083E21700DDE56F
S31580E1BFD01810DDE500C222E51C308DE541FBFFEB63
S31580E1BFE0000050E30E00001A30329DE51CA09DE56D
S31580E1BFF0D820C3E10A00A0E12C10A0E3F020CDE136
S31580E1C000B35800EB000050E31C008DE50600000A02
S31580E1C01000C06AE0010080E201B08CE21C008DE59F
S31580E1C020040000EA6FFDFFEBA6FFFFEA0A00A0E14C
S31580E1C030B25800EB01B080E200005BE394039F0518
S31580E1C0401200000A003094E51710DDE51820DDE5E1
S31580E1C050040053E10700000A0800D3E5010050E13E
S31580E1C0600200001A0900D3E5020050E10900000A46
S31580E1C070003093E5F5FFFFEA20708BE20700A0E14F
S31580E1C080291100EB006050E28300001A48039FE526
S31580E1C0903E0F00EB090000EA020051E33C139F05E5
S31580E1C0A00400000A38039FE538339FE5040051E335
S31580E1C0B00310A0010010A0112C039FE5330F00EBC4
S31580E1C0C0000094E50060A0E3005090E5040050E1B3
S31580E1C0D0D3FFFF0A0C0090E8043082E5002083E577
S31580E1C0E0006080E5046080E5821000EB0500A0E158
S31580E1C0F0005095E5F4FFFFEAA8029FE5000055E3CD
S31580E1C1000030D0E59E00000A000053E30500001AE6
S31580E1C11018508DE533FDFFEB000050E30600000A81
S31580E1C120C8029FE5170000EA0510A0E14D5800EB33
S31580E1C130043090E1F5FFFF1A710000EA043099E5D9
S31580E1C140800013E30300000A64029FE5300600EBFA
S31580E1C15018008DE5040000EA231E8DE250029FE57A
S31580E1C160022CA0E318108DE5F70500EB18009DE59C
S31580E1C1707C129FE50920A0E3455800EB006050E280
S31580E1C1800200000A6C029FE5000F00EB4DFFFFEA1B
S31580E1C19018309DE518708DE2093083E218308DE51F
S31580E1C1A00130A0E318009DE5000050E30700001A86
S31580E1C1B0010053E32B00000AE0419FE5003094E55E
S31580E1C1C0040053E12900001A2C029FE5EDFFFFEA06
S31580E1C1D00020D0E5000052E3F4FFFF0A0710A0E15A
S31580E1C1E01C208DE270FDFFEB000050E31D00001A7C
S31580E1C1F01C409DE5000054E31A00000A083094E5EE
S31580E1C2000880D3E509A0D3E50800A0E10A10A0E102
S31580E1C210AAFBFFEB000050E30A00000A020058E3A4
S31580E1C220B8119F050300000AB8319FE5040058E381
S31580E1C230AC119FE50310A0010A20A0E1BC019FE5B6
S31580E1C240D20E00EB070000EA50219FE50030A0E125
S31580E1C250041092E5044082E5002084E5041084E53B
S31580E1C260004081E5CEFFFFEA85FAFFEB15FFFFEAA5
S31580E1C2700510A0E1022CA0E328019FE5F05700EB31
S31580E1C2807C319FE5002094E5002083E574319FE5CC
S31580E1C2900060C3E5A4FCFFEB190000EA0010A0E30F
S31580E1C2A00720A0E1785800EB1820DDE50920C6E5F6
S31580E1C2B01720DDE50820C6E5D020CDE1200086E225
S31580E1C2C0F021C6E10A10A0E101204BE2180086E5E3
S31580E1C2D0DB5700EB182096E50BC082E00020A0E357
S31580E1C2E001204CE5046086E5041094E50230A0E186
S31580E1C2F0046084E5004086E5041086E5006081E51A
S31580E1C30015FFFFEA2030DDE5000053E31300000A64
S31580E1C31020008DE290109FE5D25700EB000050E3BC
S31580E1C3200E00000A20008DE2231E8DE2082040E205
S31580E1C330043040E2E1FBFFEB000050E30B00001A22
S31580E1C340BC309FE530229DE5002083E5B4309FE552
S31580E1C3501820DDE50020C3E573FCFFEB030000EA6E
S31580E1C36050009FE5AA0500EB004050E20100000A7B
S31580E1C3700000A0E3050000EA6BFCFFEB0400A0E10E
S31580E1C380020000EA000053E3F8FFFF0A95FCFFEBA9
S31580E1C39043DE8DE2F08DBDE87C66E4809868E480DA
S31580E1C3A0A068E480FC65E4809466E4808466E48049
S31580E1C3B077D7E38081A7E3809EDBE3804099E380C2
S31580E1C3C07ED7E3806BD7E3809BD7E380B3D7E380E7
S31580E1C3D0E3D7E380FDD7E3801AD8E380A2D6E38072
S31580E1C3E0AA2BE48088D3E3808CD3E3803AD8E380B8
S31580E1C3F074D8E3807437E48096D8E38001D9E3800A
S31580E1C400C8D8E3808066E4809468E48030402DE992
S31580E1C41014D04DE20250A0E10340A0E15CFEFFEBC7
S31580E1C420000050E32200001A010055E3020000CA31
S31580E1C4308C009FE5550E00EB1D0000EA040094E5B3
S31580E1C44008108DE207208DE20C308DE29BFBFFEB3D
S31580E1C450004050E21600001A68309FE508209DE50D
S31580E1C460002083E560309FE50720DDE50020C3E518
S31580E1C4702DFCFFEB08309DE5082093E50810D2E519
S31580E1C480020051E344109F050400000A40009FE545
S31580E1C49040309FE5040051E30310A0010010A01194
S31580E1C4A00920D2E50730DDE52C009FE5370E00EB6C
S31580E1C4B0000000EA0140A0E30400A0E114D08DE28F
S31580E1C4C03080BDE825D9E3808066E4809468E480A5
S31580E1C4D0AA2BE48088D3E3808CD3E38040D9E380C0
S31580E1C4E0020052E3F04D2DE90260A0E160D04DE219
S31580E1C4F00350A0E11B00001A040093E54C159FE56B
S31580E1C500585700EB004050E20A00001A40159FE5BB
S31580E1C51040059FE52B0400EB3C159FE53C059FE537
S31580E1C520280400EB0410A0E134059FE5250400EB27
S31580E1C53017FEFFEB420100EA040095E524159FE52D
S31580E1C540485700EB004050E20600001A10FEFFEB70
S31580E1C5500410A0E104059FE51A0400EB21FCFFEB42
S31580E1C5600040A0E1360100EA09FEFFEB004050E21F
S31580E1C5702A01001A010056E35200001AE8749FE589
S31580E1C580E8849FE5005097E5070055E12400000A1D
S31580E1C59008C095E50810DCE5020051E3D0149F055B
S31580E1C5A00300000ACC349FE5040051E30810A001A2
S31580E1C5B00310A011BC30D5E10920DCE5B8049FE584
S31580E1C5C000308DE518309CE5F00D00EB05A0A0E18B
S31580E1C5D0A8049FE5ED0D00EB1060BAE500B0A0E39D
S31580E1C5E00A0056E10C00000AD021C6E10B10A0E159
S31580E1C5F0F020CDE1D821C6E184049FE5F820CDE1A4
S31580E1C600243096E510308DE5082096E5DF0D00EBC8
S31580E1C61001B08BE2006096E5F0FFFFEA005095E518
S31580E1C620D8FFFFEA003095E5050053E10100001AE5
S31580E1C63050049FE5D50D00EB4C649FE5000096E53F
S31580E1C640000050E31C00000A40549FE50010D5E548
S31580E1C650F4FAFFEB000050E31500000A003096E59E
S31580E1C660082093E50810D2E5020051E300149F0506
S31580E1C6700400000AFCC39FE5F0339FE5040051E323
S31580E1C6800310A0010C10A01108C090E50920D2E5A5
S31580E1C6900030D5E500C08DE5D061C0E1F860CDE13F
S31580E1C6A0D861C0E1E8039FE5F061CDE1B70D00EB2C
S31580E1C6B0010000EADC039FE5B40D00EBD8039FE5BA
S31580E1C6C0A60D00EBDE0000EA053046E2010053E309
S31580E1C6D06900008AC4139FE5040095E50320A0E381
S31580E1C6E0EB5600EB001050E20100000A0040E0E367
S31580E1C6F0D30000EA080095E51A208DE21B308DE231
S31580E1C70081FAFFEB000050E3C400001A90339FE505
S31580E1C7101A20DDE51B10DDE5006093E5030056E1B7
S31580E1C720B800000A0800D6E5020050E11300001ABD
S31580E1C7300900D6E5010050E11000001A180096E5DF
S31580E1C740EE5600EB0040A0E10C0095E5EB5600EBE0
S31580E1C750000084E0014080E2100095E5E75600EBB9
S31580E1C760FF4004E2020080E2004084E0140095E5A7
S31580E1C770FF4004E2000050E30200001AA90000EA4B
S31580E1C780006096E5E4FFFFEADC5600EB020050E349
S31580E1C79002408402FF4004023F0054E30100009A14
S31580E1C7A000039FE5920000EA141095E5F8C29FE543
S31580E1C7B0000051E3182096E50C3095E5100095E5EB
S31580E1C7C00C10A00103008DE8E0129FE520008DE2C8
S31580E1C7D0125B00EB20008DE20010A0E31C208DE2CD
S31580E1C7E0F1FBFFEB000050E38C00001A1C409DE555
S31580E1C7F0000054E38900000A083094E5106094E56E
S31580E1C8000800D3E50910D3E52CFAFFEB005050E29E
S31580E1C8100E00001A50329FE5002093E5030052E1B5
S31580E1C82064229F050040820560229F050050C20573
S31580E1C830042093E50150A003044083E5000055E31D
S31580E1C840003084E5042084E5004082E5600000EA6A
S31580E1C850080095E50610A0E140F9FFEB000050E302
S31580E1C8606C00001A0500A0E10610A0E187FBFFEB52
S31580E1C870000050E35A00000A660000EA030056E32E
S31580E1C88099FFFF1A040095E524129FE5755600EBA2
S31580E1C890000050E394FFFF1A084095E51C108DE2F5
S31580E1C8A00400A0E11B208DE220308DE283FAFFEBCC
S31580E1C8B0000050E35000001A1C309DE5082093E506
S31580E1C8C00810D2E5020051E3A4119F050400000A95
S31580E1C8D0A0019FE594319FE5040051E30310A00197
S31580E1C8E00010A01120009DE50920D2E508C090E561
S31580E1C8F000C08DE5D041C0E11B30DDE5F840CDE1FA
S31580E1C900D841C0E1AC019FE5F041CDE11F0D00EBDF
S31580E1C9101C609DE520509DE5BC40D6E1010054E3D5
S31580E1C9200400001A0600A0E139FBFFEB000050E3AA
S31580E1C9304300001A2A0000EA4C319FE5003093E576
S31580E1C940030056E10100000A0040A0E3140000EA7A
S31580E1C95038419FE50600A0E10010D4E531FAFFEB0E
S31580E1C960000050E3F7FFFF0A050050E10300001ADB
S31580E1C97044019FE5050D00EB0030A0E3060000EAE7
S31580E1C980D821C5E1D801C0E1010053E1000052019F
S31580E1C9900200008A0030D4E5013043E20030C4E58C
S31580E1C9A00140A0E30C0095E80500A0E1043082E5B2
S31580E1C9B0002083E50030A0E3003085E5043085E59D
S31580E1C9C04C0E00EBBC30D6E1000054E3013043E28B
S31580E1C9D0BC30C6E10100000AD3FAFFEB000000EAB1
S31580E1C9E0A2FAFFEBE4F7FFEB004050E21400000A05
S31580E1C9F0C8009FE5E50C00EB080000EAC0009FE572
S31580E1CA000410A0E1010000EAB8009FE5081095E571
S31580E1CA10DE0C00EB010000EA1C009DE5FCFAFFEB71
S31580E1CA200140A0E3060000EA3F0054E35BFFFF8A92
S31580E1CA30182096E50C3095E5100095E568109FE5A0
S31580E1CA405FFFFFEA0400A0E160D08DE2F08DBDE8F2
S31580E1CA505ED9E3806BD7E38077D7E380D596E380B1
S31580E1CA6081A7E3809EDBE38066D9E380A068E480EA
S31580E1CA708CD3E380AA2BE48088D3E3806DD9E380ED
S31580E1CA808ED9E380B2D9E380D2D9E3808066E4802F
S31580E1CA909468E480E9D9E38020DAE380EC26E480D7
S31580E1CAA047DAE3809868E4804BDAE3807C35E4809A
S31580E1CAB06BDAE380A7DAE380ABDAE380F3DAE3806B
S31580E1CAC077DAE38026DBE3803EDBE380F0452DE920
S31580E1CAD00070A0E124D04DE25C029FE50160A0E117
S31580E1CAE00240A0E10350A0E1C90300EB000050E35E
S31580E1CAF00400000A0010A0E31020A0E3B95900EB7E
S31580E1CB0038329FE5000083E5020054E30600000A1F
S31580E1CB10030054E31D00000A010054E32800000AE3
S31580E1CB204F00E0E3921C00EB230000EA040095E568
S31580E1CB3004108DE21020A0E3AA5900EB343099E588
S31580E1CB400080A0E17F3483E2030050E10300009A94
S31580E1CB50EC119FE5EC019FE58C0C00EB160000EAF9
S31580E1CB60044095E504A09DE50400A0E1E35500EBD2
S31580E1CB70000084E000005AE1C0319F05C8019F159D
S31580E1CB8000808305041095150800001A0C0000EA60
S31580E1CB900010A0E3040095E51020A0E3915900EB95
S31580E1CBA098319FE5081095E5000083E598019FE5BA
S31580E1CBB08020A0E3B75F00EB010000EA0000E0E33C
S31580E1CBC05B0000EA5000A0E3691C00EB0700A0E1EE
S31580E1CBD0556000EB004050E2030000AA5000E0E31C
S31580E1CBE0631C00EB0100A0E3510000EA5100A0E3E1
S31580E1CBF05F1C00EB54319FE5000093E5000050E3B4
S31580E1CC000400000A08108DE2BE5F00EB40019FE55B
S31580E1CC1008108DE26B0200EB38319FE5000093E569
S31580E1CC20000050E30400000A08108DE2B55F00EBD6
S31580E1CC3024019FE508108DE2620200EB1C119FE55D
S31580E1CC400030D1E5000053E30100000A10019FE5C1
S31580E1CC505C0200EB0C119FE50030D1E5000053E367
S31580E1CC600100000A00019FE5560200EBFC309FE5DA
S31580E1CC70000093E5000050E30400000A08108DE20D
S31580E1CC80A05F00EBE8009FE508108DE24D0200EB26
S31580E1CC90E0309FE5000093E5000050E30400000AE0
S31580E1CCA008108DE2975F00EBCC009FE508108DE2DE
S31580E1CCB0440200EBC4309FE5000093E5000050E3B9
S31580E1CCC00400000A08108DE28E5F00EBB0009FE55C
S31580E1CCD008108DE23B0200EBA8109FE50030D1E51C
S31580E1CCE0000053E30100000A9C009FE5350200EB5A
S31580E1CCF0000054E35100E0030B00000A3C309FE55D
S31580E1CD000410A0E1000093E56091FFEB5200A0E3FF
S31580E1CD10171C00EB0600A0E1001095E5FFEDFFEBA7
S31580E1CD20004050E25200E0B35400A0A3101C00EB97
S31580E1CD300400A0E124D08DE2F085BDE892E3E380B2
S31580E1CD406C4FE480E297E38079CCE380C0BFE780F3
S31580E1CD5094BFE780E7DBE3805CBFE780F1DBE380DC
S31580E1CD609CBFE780F9DBE3808AEE0A8102DCE3801F
S31580E1CD7068BFE7800BDCE380BCA7E78012DCE38059
S31580E1CD8058BFE7801BDCE3806CBFE78021DCE38072
S31580E1CD900010A0E10000A0E34BFFFFEA70402DE91F
S31580E1CDA00060A0E10250A0E10340A0E1A300A0E37E
S31580E1CDB0EF1B00EB0430A0E10610A0E10520A0E125
S31580E1CDC00300A0E340FFFFEB0040A0E1A400A0E365
S31580E1CDD0E71B00EB0400A0E17080BDE8010052E3AF
S31580E1CDE0170000DA10402DE9040093E50340A0E145
S31580E1CDF0B75400EB50309FE5000050E3000083E537
S31580E1CE000100001A0000E0E31080BDE80500A0E320
S31580E1CE10C55F00EB000050E3040000AA041094E52E
S31580E1CE2028009FE5D90B00EB0100A0E31080BDE867
S31580E1CE30041094E518009FE5D40B00EB0000A0E315
S31580E1CE401080BDE80000E0E31EFF2FE1CCEE0A8111
S31580E1CE5028DCE3804BDCE380F8402DE90250A0E159
S31580E1CE600470A0E3010055E30360A0E1050000CA78
S31580E1CE7074209FE50040A0E3003092E5013083E233
S31580E1CE80003082E50C0000EA0410B3E50020D1E52C
S31580E1CE902D0052E3F5FFFF1A015045E20120F1E54D
S31580E1CEA0000052E3EEFFFF0A660052E30670A0E35C
S31580E1CEB0F9FFFF0A0000E0E3F880BDE8015045E2B2
S31580E1CEC0000055E3060000DA0400B6E51C109FE594
S31580E1CED00720A0E15A5100EB000050E30140A00396
S31580E1CEE0F5FFFFEA0400A0E1F880BDE8684AE48046
S31580E1CEF05C4FE48008402DE94F1300EB000090E29F
S31580E1CF000100A0130880BDE8010052E3130000DAB6
S31580E1CF10F0412DE90150A0E10060A0E1014042E24B
S31580E1CF20040093E53C109FE50820A0E3047083E2CA
S31580E1CF30050900EB000050E30600000A0CC090E50D
S31580E1CF400510A0E10600A0E10420A0E10730A0E100
S31580E1CF50F041BDE81CFF2FE10000E0E3F081BDE890
S31580E1CF600000E0E31EFF2FE16C4AE48030402DE9CA
S31580E1CF700030A0E32CD04DE2004050E20120A0E158
S31580E1CF8010308DE51100000A1C308DE500308DE50D
S31580E1CF9014308DE204308DE580309FE508308DE5F3
S31580E1CFA028308DE218408DE50C108DE50F0013E9F0
S31580E1CFB0EC4F00EB14409DE5000054E31400000AB9
S31580E1CFC0060094E858009FE5700B00EB110000EA3B
S31580E1CFD000408DE504408DE508408DE53C009FE508
S31580E1CFE00A10A0E310308DE24B5100EB005050E285
S31580E1CFF0050000DA10009DE5580B00EB10009DE579
S31580E1D000BC0C00EB0500A0E1020000EA14009FE5FC
S31580E1D0105E0B00EB0400A0E12CD08DE23080BDE810
S31580E1D0205C4FE4802ADDE38031DDE380010052E379
S31580E1D030F8402DE90240A0E10A0000DA042093E5F8
S31580E1D0400010D2E52D0051E30900001A0120D2E556
S31580E1D050610052E30600001A014044E2043083E2B3
S31580E1D0600010A0E3000000EA0810A0E3010054E309
S31580E1D0700300000A0350A0E10060A0E30170A0E391
S31580E1D080120000EA0000A0E3B7FFFFEB001050E2D8
S31580E1D0901200000A4C209FE54C009FE53B0B00EB1C
S31580E1D0A00000A0E3F880BDE80400B5E50010A0E348
S31580E1D0B0ADFFFFEB000050E30300001A2C009FE573
S31580E1D0C0001095E5310B00EB016086E2017087E2A5
S31580E1D0D0040057E1F3FFFFBA0600A0E1F880BDE85E
S31580E1D0E00400A0E1F880BDE8FC0F000056DDE38096
S31580E1D0F077DDE380F0452DE9001093E50040A0E37C
S31580E1D1001CD04DE202A0A0E10350A0E10400A0E121
S31580E1D1100480A0E10A70A0E301A04AE200005AE39C
S31580E1D120260000DA0420B5E50030D2E52D0053E390
S31580E1D1302400001A0130F2E5000053E3F5FFFF0A0F
S31580E1D140630053E30C00000A0200008A620053E3A5
S31580E1D1500500000A190000EA640053E31100000AA1
S31580E1D160740053E30A00000A140000EA000050E369
S31580E1D1700E00001A0100A0E3030000EA000050E37C
S31580E1D1800A00001A0100A0E30080A0E10070A0E39C
S31580E1D190E7FFFFEA000050E30400001A0100A0E384
S31580E1D1A00A70A0E3E2FFFFEA0140A0E3E0FFFFEAC5
S31580E1D1B058019FE5F50A00EB0100A0E3510000EA82
S31580E1D1C00000E0E34F0000EA000050E30100001AAE
S31580E1D1D03C019FE5ED0A00EB1020A0E3000095E518
S31580E1D1E00010A0E3FF5700EB02005AE30060A0E1E4
S31580E1D1F0012680120030A0110500001A040095E591
S31580E1D2000010A0E31020A0E3F65700EB0050A0E168
S31580E1D210110000EA035066E00110D3E4070051E112
S31580E1D2200200001A0010D3E5000051E30500000A70
S31580E1D230020053E1F6FFFF1AD8009FE50116A0E34D
S31580E1D240D20A00EB0156A0E3025085E2C8009FE5D1
S31580E1D2500510A0E10520A0E1CC0A00EB000058E32F
S31580E1D2600F00000A0610A0E10420A0E3045045E285
S31580E1D27014008DE2046086E29A5400EB0000A0E39C
S31580E1D2800610A0E10520A0E1C04C00EB14309DE53D
S31580E1D290030050E10200000A80009FE5AF0A00EB3F
S31580E1D2A0C4FFFFEA014024E200408DE50040A0E3AF
S31580E1D2B004408DE508408DE564009FE50610A0E118
S31580E1D2C00520A0E10730A0E1575100EB040050E1D1
S31580E1D2D00800001A4C309FE500308DE548309FE527
S31580E1D2E048209FE5001093E544009FE544309FE5A3
S31580E1D2F0A60A00EBAFFFFFEA043099E50400A0E15E
S31580E1D300803083E3043089E51CD08DE2F085BDE889
S31580E1D3104EDEE38093DDE3807DDEE380BADDE3808C
S31580E1D320E2DDE3805C4FE4804A98E3801CA1E780FC
S31580E1D33041DEE38004DEE3801804000000C0A0E360
S31580E1D34008402DE9012042E2000052E30D0000DAB7
S31580E1D3500410B3E500E0D1E52D005EE30900001A93
S31580E1D36001E0F1E500005EE3F5FFFF0A61005EE3BF
S31580E1D3700200000A66005EE3F8FFFF0A130000EA96
S31580E1D38001C0A0E3F5FFFFEA000052E30010A0131D
S31580E1D39001100C02000051E30200000A3C009FE507
S31580E1D3A0B70F00EB0B0000EA01C02CE2000052E36C
S31580E1D3B000C0A0D301C00CC200005CE30300000AF8
S31580E1D3C00200A0E10310A0E1D80F00EB010000EA22
S31580E1D3D00840BDE80F0800EA0000A0E30880BDE848
S31580E1D3E0B2DEE380F0452DE90080A0E12CD04DE26C
S31580E1D3F00470A0E3010058E30150A0E1080000CAEF
S31580E1D400046095E53D10A0E30600A0E1B05300EB92
S31580E1D410000050E368019F150610A0112C00001A48
S31580E1D4200C0000EA0430B1E50020D3E52D0052E39B
S31580E1D430F2FFFF1A018048E20120F3E5000052E3A2
S31580E1D440EBFFFF0A660052E30670A0E3F9FFFF0AED
S31580E1D4500000E0E3480000EA28219FE5020058E366
S31580E1D460003092E5013083E2003082E5040000DAA3
S31580E1D470083095E5000053E30040A01102A0A01317
S31580E1D4800600001A0600A0E1FC109FE50720A0E156
S31580E1D490EB4F00EB100F6FE1A002A0E1360000EA4E
S31580E1D4A00A0195E7955300EB01A08AE2014084E207
S31580E1D4B008005AE1004084E0F8FFFF1A0400A0E189
S31580E1D4C0190C00EB008050E20400001ABC009FE5D5
S31580E1D4D00410A0E12D0A00EB0100A0E3260000EA9A
S31580E1D4E0081085E20830A0E10A5185E020E0A0E35A
S31580E1D4F004C091E40120DCE40300A0E1000052E3F2
S31580E1D5000120C3E4FAFFFF1A050051E100E0C0E51E
S31580E1D510F6FFFF1A080053E10120431514308DE22E
S31580E1D52004308DE560309FE508308DE50140A0E36C
S31580E1D53028308DE218608DE51C808DE500408DE513
S31580E1D5400C708DE50F0013E9864E00EB0800A0E133
S31580E1D550680B00EB14309DE5000053E30000A01357
S31580E1D5600500001A28309FE528009FE50610A0E116
S31580E1D570002093E5050A00EB0400A0E12CD08DE2C2
S31580E1D580F085BDE8D7DEE380684AE4805C4FE480DD
S31580E1D5900DDFE3801CA1E78027DFE380010052E312
S31580E1D5A0020000DA0200A0E10310A0E18CFFFFEAAD
S31580E1D5B00000E0E31EFF2FE104309FE5000093E5E4
S31580E1D5C01EFF2FE1684AE4801F402DE948309FE540
S31580E1D5D000308DE50030A0E30C308DE5043099E52F
S31580E1D5E003008DE9800013E30100A0030800000A2F
S31580E1D5F0000051E30300000A0030D1E5000053E367
S31580E1D6000300A0130000001A0200A0E30D10A0E1C0
S31580E1D61073FFFFEB14D08DE204F09DE453DFE380EA
S31580E1D62010402DE90040A0E10100A0E1965700EB12
S31580E1D6300010A0E10400A0E11040BDE8E1FFFFEAAF
S31580E1D64010402DE918D04DE20120A0E10040A0E193
S31580E1D65018109FE504008DE2705700EB0400A0E10D
S31580E1D66004108DE2D7FFFFEB18D08DE21080BDE884
S31580E1D6705ADFE380F04D2DE90040A0E340D04DE252
S31580E1D6800250A0E100C0A0E1002093E504B0A0E152
S31580E1D6900A70A0E30480A0E110208DE501A045E2B7
S31580E1D6A000005AE3360000DA040093E5046083E281
S31580E1D6B00020D0E52D0052E33300001A0120F0E589
S31580E1D6C0000052E32600000A630052E30B00000AE1
S31580E1D6D00200008A620052E30500000A280000EA9F
S31580E1D6E0730052E30A00000A740052E31700000A4D
S31580E1D6F0230000EA000054E30300000A1B0000EA6D
S31580E1D700000054E31900001A01B0A0E30470A0E11F
S31580E1D710110000EA02A045E200005AE3020000CAD5
S31580E1D7200C00A0E13B0700EB5F0000EA080093E50F
S31580E1D7300010A0E31020A0E314C08DE5086083E229
S31580E1D740A85600EB14C09DE50080A0E1040000EA44
S31580E1D750000054E30500001A0A70A0E30140A0E34B
S31580E1D760D5FFFFEA0630A0E10A50A0E1CAFFFFEA51
S31580E1D7703C019FE510109DE5840900EB0100A0E3E3
S31580E1D780490000EA0000E0E3470000EA0010A0E378
S31580E1D7901020A0E3935600EB000058E31C008DE5D2
S31580E1D7A00200000A0010A0E30820A0E1365300EB56
S31580E1D7B0000057E3025045E2046086E21700000A62
S31580E1D7C05020A0E300808DE560008DE9E4009FE5CF
S31580E1D7D00710A0E11C308DE24F4F00EB002050E2B4
S31580E1D7E0070000AAD0309FE500308DE5CC309FE57B
S31580E1D7F0CC009FE5001093E5C8209FE5C8309FE502
S31580E1D8001C0000EA20008DE2C0109FE5035700EB83
S31580E1D81020108DE2B8009FE56AFFFFEB210000EA68
S31580E1D8201C409DE500005BE304308412A4709FE513
S31580E1D83020308D1560008DE900708DE574009FE5DF
S31580E1D8400010A0E35020A0E320308DE220408D053A
S31580E1D850314F00EB005050E2080000AA58309FE5B6
S31580E1D86000308DE554309FE554009FE5001093E547
S31580E1D87050209FE560309FE5440900EBBEFFFFEA5B
S31580E1D88000005BE30400000A0000A0E3041084E2E8
S31580E1D8900720A0E13D4B00EB000084E530009FE5E9
S31580E1D8A0041085E265FFFFEB0000A0E340D08DE246
S31580E1D8B0F08DBDE84EDEE3805C4FE4803C98E3800A
S31580E1D8C01CA1E7805EDFE38041DEE3808D0300001B
S31580E1D8D09BDFE3800AC2E380FC0F0000A103000026
S31580E1D8E0F8402DE9005050E20140A0E10100001A24
S31580E1D8F00000E0E3F880BDE80400A0E10070D5E532
S31580E1D900370E00EB016084E2000057E10500001A62
S31580E1D9100130D5E40640A0E13D0053E3F5FFFF1A6F
S31580E1D9200600A0E1F880BDE80030D5E5000053E3CC
S31580E1D930EEFFFF1A0400A0E1290E00EB3D0050E363
S31580E1D940EAFFFF1A0600A0E1F880BDE8F04D2DE977
S31580E1D950B4A09FE50070A0E10160A0E10280A0E1B2
S31580E1D9600050A0E30500A0E11D0E00EB000050E3AE
S31580E1D9700100001A0000E0E3F08DBDE80540A0E17A
S31580E1D9800400A0E1160E00EB000050E30300000A5C
S31580E1D9900A0054E1F6FFFFCA014084E2F7FFFFEA9D
S31580E1D9A00700A0E10510A0E1CCFFFFEB000050E30A
S31580E1D9B008B086A00650A0A100A066A0050000AA36
S31580E1D9C0015084E2E6FFFFEA050E00EB000050E33A
S31580E1D9D00100C5E40A00000A0B0055E105008AE072
S31580E1D9E0054066E0F7FFFF1A000054E30030A0131C
S31580E1D9F00130451514009FE50810A0E10720A0E15C
S31580E1DA00E20800EB0400A0E1F08DBDE8FF0F000025
S31580E1DA109FDFE380043099E510402DE9804013E2F1
S31580E1DA2028D04DE20F00000A0030A0E314208DE2F9
S31580E1DA301C308DE500308DE504208DE50C308DE5DB
S31580E1DA4040209FE528308DE218008DE508208DE5A0
S31580E1DA500F0013E9434D00EB14009DE5000050E310
S31580E1DA6004009015050000EA5C1089E22020A0E31D
S31580E1DA70B5FFFFEB000050E35C0089C20400A0D152
S31580E1DA8028D08DE21080BDE85C4FE48037402DE9F7
S31580E1DA900150A0E1DEFFFFEB004050E20100001AF9
S31580E1DAA00500A0E1050000EA04108DE21020A0E364
S31580E1DAB0CC5500EB04309DE5040053E1F7FFFF0A06
S31580E1DAC00CD08DE23080BDE838402DE90150A0E1EF
S31580E1DAD00240A0E1CEFFFFEB000050E30300000A25
S31580E1DAE00520A0E10010A0E33840BDE8BD5500EA7D
S31580E1DAF00400A0E13880BDE8F0412DE90140A0E1D4
S31580E1DB0094119FE5B05200EB000050E38C019F0534
S31580E1DB108C119F058C219F050900000A010080E296
S31580E1DB2084119FE5365200EB005050E2C8408412E2
S31580E1DB300A60A0130500001A60019FE560119FE568
S31580E1DB4068219FE5910800EB0000E0E3F081BDE804
S31580E1DB500500A0E12810A0E3DD5100EB007050E262
S31580E1DB6038019F0548119F05822FA0030600000A10
S31580E1DB702910A0E3D65100EB000050E30400001A1F
S31580E1DB8018019FE528119FE528219FE57F0800EB95
S31580E1DB90390000EA002067E0012042E2011087E2D5
S31580E1DBA00080A0E30400A0E1A55100EB4010A0E3D2
S31580E1DBB0208084E50500A0E1C55100EB002050E21C
S31580E1DBC020808415031082120B00001ACC009FE599
S31580E1DBD0DC109FE5862FA0E3EBFFFFEA0130D1E47D
S31580E1DBE0300043E2090050E30600008A200094E514
S31580E1DBF0003283E0303043E2203084E5070051E1B2
S31580E1DC00F5FFFF3A0B0000EA610043E2050050E3CD
S31580E1DC10200094950032839057304392F5FFFF9A26
S31580E1DC20410043E2050050E3200094950032839061
S31580E1DC3037304392EFFFFF9A0030A0E3020055E1CF
S31580E1DC40243084E5243094E50500002A0110D5E4EA
S31580E1DC50300041E2090050E396132390303043923D
S31580E1DC60F5FFFF9A0335A0E1243084E548009FE57E
S31580E1DC700410A0E1202094E5440800EB0000A0E335
S31580E1DC8024109FE5DE5100EB284084E2005050E20B
S31580E1DC90AEFFFF1A0500A0E1F081BDE844E9E3802B
S31580E1DCA00EE2E380FE98E38046020000DAEDE3804F
S31580E1DCB04D020000E798E3800E0200001EE2E38059
S31580E1DCC0F34D2DE90040A0E10100A0E10260A0E171
S31580E1DCD00370A0E10150A0E1C86200EB00A0A0E1E1
S31580E1DCE00600A0E101B0A0E1C46200EB0020A0E162
S31580E1DCF00130A0E10A00A0E10B10A0E19A6300EBFC
S31580E1DD000020A0E3D4309FE5FC6200EB176400EBD2
S31580E1DD10000055E30080A0E11300000A153884E293
S31580E1DD2027C4A0E127E8A0E1550984E21B3C83E210
S31580E1DD30FFC00CE2FFE00EE2230C80E20320A0E1CB
S31580E1DD400010A0E3080051E1032082E2037042154E
S31580E1DD5002C0421501E0421501108112F8FFFF1A57
S31580E1DD60033B83E2000053E1F3FFFF1A060055E12E
S31580E1DD701800000A88C088E015C88CE21BCC8CE2CA
S31580E1DD800C4084E00810A0E100608DE550009FE53D
S31580E1DD90022CA0E30530A0E1FC0700EB020C68E26F
S31580E1DDA012CB84E20010E0E30430A0E10020A0E39E
S31580E1DDB0000052E1033083E203104315021043155C
S31580E1DDC00110431501208212F8FFFF1A034B84E20A
S31580E1DDD00C0054E1F3FFFF1A08D08DE2F08DBDE827
S31580E1DDE0000080402BE2E380F34D2DE9022581E0BE
S31580E1DDF028709DE5822082E0024080E00300A0E178
S31580E1DE000380A0E12764A0E13C5100EB8CB09FE563
S31580E1DE102738A0E1FF6006E2FF3003E20020A0E3BD
S31580E1DE2003ABA0E39A0201E000E0A0E304108DE5F4
S31580E1DE3000005EE1140000AA0EC2A0E104109DE597
S31580E1DE408EC18CE001C08CE00CC084E00050A0E380
S31580E1DE500E10D8E703C08CE2201041E2011282E085
S31580E1DE600110DBE75115A0E1015085E2010011E3E4
S31580E1DE7003704C1502604C1501304C15080055E3D2
S31580E1DE80F2FFFF1A01E08EE2E8FFFFEA012082E27B
S31580E1DE90100052E3E2FFFF1A08D08DE2F08DBDE873
S31580E1DEA0B59BE380F04D2DE972DE4DE208D04DE27F
S31580E1DEB0C8059FE5D6FEFFEB004050E20400001A5C
S31580E1DEC0BC159FE5B4059FE5BEFDFFEB5A0F00EB60
S31580E1DED0AC459FE50010A0E3B62FA0E350008DE2AC
S31580E1DEE0695100EB0010A0E32020A0E330008DE231
S31580E1DEF0655100EB8C059FE5C5FEFFEB008050E2A6
S31580E1DF001600000A0010A0E31020A0E3B55400EB50
S31580E1DF1074359FE52C308DE50130A0E300308DE549
S31580E1DF2068659FE568559FE50620A0E318308DE298
S31580E1DF301C608DE520508DE524808DE528408DE5BA
S31580E1DF4050008DE50000A0E30010A0E12B4200EB3C
S31580E1DF50000050E30700000A38059FE53C0000EA2F
S31580E1DF6034159FE534259FE50430A0E130059FE532
S31580E1DF70860700EB9F0000EA50A09DE524159FE50A
S31580E1DF800A00A0E1905100EB000050E30500000A91
S31580E1DF90167080E20700A0E10C159FE58A5100EB3F
S31580E1DFA0002050E20300001A0A10A0E1FC049FE57C
S31580E1DFB0760700EB110000EA0710A0E1022067E096
S31580E1DFC030008DE29E5000EBE4049FE590FEFFEB8E
S31580E1DFD030108DE20070A0E10720A0E1D4049FE536
S31580E1DFE06A0700EB000057E30800000A30008DE283
S31580E1DFF00710A0E19B5000EB000050E30300001AFC
S31580E1E000B4049FE530108DE2600700EB790000EA09
S31580E1E0100130A0E30000A0E300308DE50010A0E12F
S31580E1E0200520A0E318308DE220508DE51C608DE55A
S31580E1E03024808DE528408DE5F04100EB50009DE59B
S31580E1E04078149FE5605100EB005050E20200001A1F
S31580E1E05058049FE50410A0E1EAFFFFEA0060A0E32F
S31580E1E0605C408DE20610A0E12020A0E30060C5E5DA
S31580E1E0700400A0E1045100EB0400A0E130108DE240
S31580E1E080695000EB38A49FE550708DE20010A0E363
S31580E1E090CA0F8DE2012CA0E350409DE506819AE707
S31580E1E0A014108DE5F85000EB0400A0E114149FE50F
S31580E1E0B0455100EB00B050E23500000A01309BE2A9
S31580E1E0C00C308DE53200000A0010A0E3012CA0E3BC
S31580E1E0D0CA0F8DE2EC5000EB0C309DE50410A0E117
S31580E1E0E0032064E0012042E2CA0F8DE2545000EB46
S31580E1E0F0CA0F8DE20810A0E1335100EB004050E2F7
S31580E1E1002100000A0800A0E17C5000EB000094E0C9
S31580E1E1100030A0111E00000A0300A0E10020D0E536
S31580E1E120013083E2200052E30200001A000053E34B
S31580E1E130F8FFFF1A0300A0E114108DE20A20A0E3A4
S31580E1E140745400EB14309DE52C0087E5000053E222
S31580E1E1500300000A0020D0E5013083E2200052E38B
S31580E1E160F9FFFF0A14108DE20A20A0E3695400EB5F
S31580E1E1700810A0E12C2097E50030A0E1300087E58A
S31580E1E18044039FE5010700EB010000EA02408BE2D0
S31580E1E190C4FFFFEA303097E524239DE5016086E2FE
S31580E1E1A0023083E00D0056E3343087E524338DE594
S31580E1E1B00C7087E2B4FFFF1A00039FE54F5000EB36
S31580E1E1C08C109DE5000051E3000085E058008DE567
S31580E1E1D01F00000A88509DE50010A0E3055080E00D
S31580E1E1E0012BA0E3CA0F8DE2A75000EB0560A0E109
S31580E1E1F00040A0E3110000EAD0129FE5D62FA0E30C
S31580E1E200CC029FE5E10600EB980000EA8C309DE5C3
S31580E1E210030054E10B00002A0600A0E1B4129FE559
S31580E1E220E95000EB000050E30600001A0600A0E189
S31580E1E230325000EB014084E2004084E0046085E0F6
S31580E1E240000056E3F0FFFF1ACA0F8DE20610A0E147
S31580E1E250060000EA012BA0E3CA0F8DE28A5000EBAB
S31580E1E26074029FE5EAFDFFEB0010A0E1CA0F8DE2A3
S31580E1E270ED4F00EB50108DE2CA0F8DE21DFEFFEBF4
S31580E1E2800010A0E3012CA0E3CA0F8DE27E5000EBE3
S31580E1E2901010A0E344229FE544029FE509FEFFEBCF
S31580E1E2A06420A0E3FF34E0E30010A0E3465F8DE263
S31580E1E2B050408DE20E70A0E30060A0E17FFEFFEBAF
S31580E1E2C00010A0E31C029FE50E1A00EB18029FE501
S31580E1E2D00A5000EB14229FE50030A0E30C008DE8A4
S31580E1E2E00C229FE500329FE58001A0E1011B60E2FF
S31580E1E2F0A110A0E10600A0E1BAFEFFEB017057E2B2
S31580E1E3003C00000A302094E5243095E5030052E193
S31580E1E3100600009A0C008DE8D8119FE5D8219FE58B
S31580E1E3200530A0E1D4019FE5980600EB2E0000EAD6
S31580E1E330000052E32C00000A00208DE50510A0E1E3
S31580E1E340202095E5B8019FE5900600EB0010A0E35B
S31580E1E350012CA0E3CA0F8DE24B5000EB202095E51E
S31580E1E360243095E59C119FE5CA0F8DE22B5400EB95
S31580E1E3700010A0E3CA0F8DE2E21900EB24239DE5AC
S31580E1E380341094E5000052E3303094E50300000A4E
S31580E1E390A31041E00600A0E150319FE547FEFFEB87
S31580E1E3A0302094E52C3094E500208DE558209DE5DC
S31580E1E3B054119FE5032082E0CA0F8DE2203095E576
S31580E1E3C0165400EB0010A0E3CA0F8DE2CD1900EBE5
S31580E1E3D024239DE5341094E5000052E30200000A0F
S31580E1E3E00600A0E104319FE534FEFFEB285085E28B
S31580E1E3F00C4084E2C0FFFFEA5C30DDE5000053E3D8
S31580E1E4000400000A700E00EB5C108DE2A0009FE52F
S31580E1E4106CFCFFEB080E00EBF0009FE55B0600EB82
S31580E1E4200A40A0E36410A0E30120A0E1BC309FE5AF
S31580E1E4300600A0E121FEFFEBC800A0E3955000EBCA
S31580E1E4406410A0E30120A0E10030A0E30600A0E192
S31580E1E4501AFEFFEBC800A0E38E5000EB014054E2C8
S31580E1E460EFFFFF1AA8009FE50410A0E1A51900EBD4
S31580E1E4700000A0E372DE8DE208D08DE2F08DBDE88A
S31580E1E4806BE2E3805DE2E38092E3E3807CE2E3803A
S31580E1E4904D2DE4801C00E480A8E2E380AB98E38024
S31580E1E4A01B01000083E2E380BEE2E3803B2FE48050
S31580E1E4B0D5E2E380E4E2E380FAE2E3801DE3E38010
S31580E1E4C02FE3E3803C8AE380EC26E48054E3E38037
S31580E1E4D03299E38065E3E3807437E48081A7E38062
S31580E1E4E00020D0838FE3E3809BE3E380A4E3E380B2
S31580E1E4F02693FF00860100001899E380D30200008D
S31580E1E500D1E3E38006E4E38040E4E38053E4E3801F
S31580E1E5106BE4E38015BEE38010402DE90240A0E183
S31580E1E52028209FE528C09FE5000092E524209FE50D
S31580E1E53000E09CE5142092E550C090E592E121E06F
S31580E1E540940202E03CFF2FE10400A0E11080BDE8E7
S31580E1E550A868E4802469E480AC68E480F8452DE924
S31580E1E56054809FE554709FE554609FE50240A0E1A9
S31580E1E5700150A0E1142097E5000098E5001096E5AA
S31580E1E58003A0A0E1921521E0583090E5940202E0E3
S31580E1E59033FF2FE1142097E5000098E5001096E51A
S31580E1E5A054C090E5921521E00A30A0E1940202E0A0
S31580E1E5B03CFF2FE10400A0E1F885BDE8A868E4808E
S31580E1E5C0AC68E4802469E48030309FE510402DE931
S31580E1E5D0000093E528309FE50240A0E1142093E511
S31580E1E5E020309FE500C093E5583090E592C121E067
S31580E1E5F0940202E033FF2FE10400A0E11080BDE840
S31580E1E600A868E480AC68E4802469E480010050E392
S31580E1E610F3412DE90070A0E1540000DA0140A0E168
S31580E1E620040091E50020A0E304108DE2ED5200EBB9
S31580E1E630043094E50030D3E5000053E30050A0E1D7
S31580E1E6400100001A0000E0E34D0000EA04009DE5C8
S31580E1E6500030D0E53A0053E3000053130120A013C4
S31580E1E6600020A003F6FFFF1A3A0053E30560A011EC
S31580E1E6700250A0110A00001A0130D0E5000053E3F0
S31580E1E680EFFFFF0A010080E204108DE2D55200EB34
S31580E1E69004309DE50030D3E5000053E30060A0E15E
S31580E1E6A0E7FFFF1A020057E33200000A080094E50B
S31580E1E6B004108DE20020A0E3CA5200EB083094E515
S31580E1E6C00030D3E5000053E30080A0E1DCFFFF0AE0
S31580E1E6D004309DE50030D3E5000053E3D8FFFF1A0F
S31580E1E6E0030057E30C00000A1020A0E30C0094E538
S31580E1E6F004108DE2BB5200EB0C2094E50020D2E5BC
S31580E1E700000052E30030A0E1CDFFFF0A04209DE541
S31580E1E7100020D2E5000052E3C9FFFF1A0500A0E11F
S31580E1E7200610A0E10820A0E1A92800EB007050E2E4
S31580E1E7300500001A50009FE50510A0E10620A0E142
S31580E1E740920500EB0100A0E30D0000EA3C309FE575
S31580E1E750000093E50340A0E1000050E30000000AD9
S31580E1E7601E2A00EB007084E50000A0E3040000EAC5
S31580E1E7700060A0E30650A0E114809FE50030A0E3AD
S31580E1E780E5FFFFEA08D08DE2F081BDE875E5E3803B
S31580E1E790A868E48000B4C404F0402DE90140A0E11A
S31580E1E7A0041090E51CD04DE2C13FA0E10371A0E1E8
S31580E1E7B00161A0E1016096E0217F87E10370A7E036
S31580E1E7C00731A0E10621A0E1062092E0263F83E120
S31580E1E7D00730A3E00371A0E10261A0E1227F87E136
S31580E1E7E0062092E00730A3E083C1A0E1A2CE8CE1CE
S31580E1E7F08211A0E1045180E00120A0E110108DE5B5
S31580E1E8000C60A0E10C1095E50070A0E3070096E1AD
S31580E1E81014C08DE50115A0E10400001A0200A0E113
S31580E1E820C95E00EB0010A0E3F001CDE1010000EA52
S31580E1E83010008DE2134800EB10309DE5FA1FA0E34E
S31580E1E8408361A0E10600A0E100308DE5F05E00EB9A
S31580E1E850FA1FA0E304008DE50600A0E1235F00EB4B
S31580E1E8601C309FE51C009FE5042193E708108DE5A8
S31580E1E8700410A0E10C3095E5440500EB1CD08DE257
S31580E1E880F080BDE8A893E3809EE5E38038402DE9FA
S31580E1E8900040A0E1005090E5080090E5DE86FFEBC0
S31580E1E8A0055184E0001094E50C0085E50400A0E1C3
S31580E1E8B0B8FFFFEB0000A0E3D786FFEB003094E5DD
S31580E1E8C0013083E2003084E5080084E53880BDE8E4
S31580E1E8D0010052E3B30100DAF04D2DE9047093E5CE
S31580E1E8E038D04DE20700A0E130179FE50340A0E173
S31580E1E8F0015042E25B4E00EB000050E30300001A58
S31580E1E9000500A0E1041084E23FFFFFEBA20100EAEB
S31580E1E9100C679FE5003096E5000053E304079F0509
S31580E1E9205C00000A0700A0E1FC169FE54D4E00EB76
S31580E1E930000050E30500001A0030A0E3030055E330
S31580E1E9401C308DE520308DE50B0000CACE0000EA53
S31580E1E9500700A0E1D4169FE5424E00EB000050E3AC
S31580E1E960F4FFFF0A0700A0E1C4169FE53D4E00EBE8
S31580E1E970000050E3EFFFFF0A770000EA040094E528
S31580E1E980A4169FE50420A0E3414E00EB000050E38E
S31580E1E9900900001A080094E510108DE21020A0E32A
S31580E1E9A0105200EB083094E50030D3E5000053E3E4
S31580E1E9B000A0A0E10E00001AB30000EA040094E58D
S31580E1E9C068169FE50520A0E3314E00EB000050E399
S31580E1E9D0EFFFFF0A040094E554169FE50520A0E3C6
S31580E1E9E02B4E00EB000050E30140A0139E00001A7D
S31580E1E9F0E7FFFFEA10309DE50030D3E5000053E301
S31580E1EA00A100001A0C0094E510108DE21020A0E31D
S31580E1EA10F45100EB0C3094E50030D3E5000053E38C
S31580E1EA200050A0E19800000A10309DE50030D3E562
S31580E1EA30000053E39400001A100094E510108DE273
S31580E1EA401020A0E3E75100EB103094E50030D3E5E8
S31580E1EA50000053E30080A0E18B00000A10309DE5C1
S31580E1EA600070D3E5000057E38700001AC4359FE5BF
S31580E1EA700500A0E1001093E514208DE218308DE2C7
S31580E1EA80A35D00EB000050E318709D0500005AE39A
S31580E1EA900300001AA0059FE5B00400EB0100A0E3A6
S31580E1EAA05C0100EA0010A0E30820A0E31C008DE2EF
S31580E1EAB0754E00EB040094E56C159FE50420A0E318
S31580E1EAC0F34D00EB000050E30800001A000096E5E4
S31580E1EAD00A30A0E150C090E50510A0E10820A0E150
S31580E1EAE03CFF2FE154359FE50040A0E1100000EAAC
S31580E1EAF0040094E538159FE50520A0E3E44D00EB9D
S31580E1EB00000050E32901000A010000EA30059FE593
S31580E1EB109E0400EB000096E50A30A0E154C090E542
S31580E1EB200510A0E10820A0E13CFF2FE114359FE527
S31580E1EB300040A0E110159FE5000054E30C259FE518
S31580E1EB400120A00100208DE50810A0E10520A0E1CB
S31580E1EB50FC049FE58D0400EB430000EA0700A0E199
S31580E1EB60F0149FE5BF4D00EB000050E34100001A31
S31580E1EB70020055E3440000DA080094E518108DE2BE
S31580E1EB801020A0E3975100EB083094E50030D3E5FF
S31580E1EB90000053E30080A0E13B00000A18309DE5C8
S31580E1EBA00030D3E5000053E33700001A0C7094E59A
S31580E1EBB01C108DE20030D7E51020A0E32B0053E353
S31580E1EBC0017087020700A0E101A0A00300A0A013C5
S31580E1EBD0845100EB1C309DE5070053E10050A0E134
S31580E1EBE02900000A0030D3E5000053E32600001A2D
S31580E1EBF000005AE30600000A003096E5143093E5FA
S31580E1EC00000053E30120431200508210003063126A
S31580E1EC1003500510000096E5083085E00C2090E56C
S31580E1EC20020053E10300009A2C049FE5041094E569
S31580E1EC30560400EB98FFFFEA583090E50810A0E112
S31580E1EC400520A0E133FF2FE1FC239FE5FC339FE51F
S31580E1EC500510A0E1000050E30040A0E10230A001F0
S31580E1EC60F8039FE50820A0E1480400EB000094E268
S31580E1EC700100A013C80000EA0700A0E1E0139FE5C8
S31580E1EC80784D00EB000050E30100000A0000E0E36C
S31580E1EC90E00000EA080094E518108DE21020A0E378
S31580E1ECA0505100EB083094E50030D3E5000053E3A2
S31580E1ECB00080A0E1F4FFFF0A18309DE50030D3E53E
S31580E1ECC0000053E3F0FFFF1A0C0094E518108DE283
S31580E1ECD01020A0E3435100EB0C3094E50030D3E5FE
S31580E1ECE0000053E30050A0E1E7FFFF0A18309DE5FD
S31580E1ECF00040D3E5000054E3E3FFFF1A0A0600EB88
S31580E1ED00007050E20500000A0500A0E1060600EB6E
S31580E1ED1000A050E20300001A0700A0E1750500EBB0
S31580E1ED2040039FE59A0000EA3C139FE50520A0E1B8
S31580E1ED30EC4D00EB34039FE500B096E5130400EB60
S31580E1ED400410A0E11C20A0E31C008DE2CE4D00EB77
S31580E1ED500400A0E1B085FFEB20508DE558309BE5BE
S31580E1ED600810A0E10520A0E124008DE50B00A0E1DB
S31580E1ED7033FF2FE1000050E3F4029F150C00001AE7
S31580E1ED80F0029FE5010400EB1C008DE2BEFEFFEB85
S31580E1ED9050C09BE50B00A0E10810A0E10520A0E1B1
S31580E1EDA00730A0E13CFF2FE1004050E20300000A7A
S31580E1EDB0C4029FE5F50300EB0040E0E36C0000EA66
S31580E1EDC0B8029FE5F10300EB0760A0E10730A0E11F
S31580E1EDD0050054E11400000A0320A0E10010D2E509
S31580E1EDE0013083E2FF0051E30D00000A0410A0E147
S31580E1EDF08C029FE50C208DE5E40300EB053064E0B1
S31580E1EE000C209DE50010A0E3400053E300108DE562
S31580E1EE100400A0E10210A0E14030A0230120A0E39C
S31580E1EE20480000EA014084E2E8FFFFEA54029FE5F8
S31580E1EE30D60300EB1C008DE293FEFFEB0810A0E108
S31580E1EE4054C09BE50B00A0E10420A0E10A30A0E1DB
S31580E1EE503CFF2FE1001050E22C029F15D4FFFF1AF0
S31580E1EE6028029FE50C108DE5C80300EB0420A0E1A4
S31580E1EE700C109DE50700A0E1834D00EB1C008DE2BF
S31580E1EE8081FEFFEB0420A0E150C09BE50B00A0E1F1
S31580E1EE900810A0E10730A0E13CFF2FE1004050E2FD
S31580E1EEA0EC019F15C2FFFF1AE8019FE5B70300EB6E
S31580E1EEB01C008DE274FEFFEB0480A0E10A30A0E144
S31580E1EEC0000000EA018088E2050058E11F00000A9F
S31580E1EED00320A0E106B0A0E10000D2E50010DBE569
S31580E1EEE0013083E2010050E1016086E2F4FFFF0A2E
S31580E1EEF0055068E00810A0E19C019FE50C208DE5B6
S31580E1EF00A20300EB400055E30C209DE54050A02391
S31580E1EF100040A0E30210A0E10530A0E10120A0E3DA
S31580E1EF2000408DE50800A0E1EA4500EB6C019FE534
S31580E1EF30960300EB0800A0E10B10A0E10120A0E31D
S31580E1EF400530A0E100408DE5E24500EB99FFFFEA5F
S31580E1EF504C019FE58D0300EB0050A0E30510A0E195
S31580E1EF601C008DE2015085E20AFEFFEB040055E3C9
S31580E1EF70F9FFFF1A0700A0E1DE0400EB0A00A0E139
S31580E1EF80DC0400EB000054E30400A0012100000A48
S31580E1EF9010019FE57D0300EBBFFEFFEA010070E310
S31580E1EFA01C00001A38FFFFEA0000E0E31EFF2FE1B4
S31580E1EFB0080057E1F0009F35F5FFFF3A000055E381
S31580E1EFC00900001A000096E50510A0E1102090E501
S31580E1EFD050C090E58220A0E10A30A0E13CFF2FE11C
S31580E1EFE0010070E3C4009F050700000A000096E572
S31580E1EFF00510A0E1583090E50720A0E133FF2FE12D
S31580E1F000000050E3C0FEFF0AA4009FE50510A0E1E1
S31580E1F0100720A0E105FFFFEA38D08DE2F08DBDE85B
S31580E1F0209EE3E380A868E480D3E5E380D4D0E380FF
S31580E1F030D9D0E38001E6E380A860E48008E6E38056
S31580E1F040CEE5E380CCE6E380C6E5E380D6CFE38018
S31580E1F050D9CFE380E6E6E380DFD0E38003E7E380B0
S31580E1F0602FE7E38056EBE3804FE7E38000FEDF8026
S31580E1F07067E7E38078E7E3808BE7E3809AE7E380FD
S31580E1F080B2E7E380C6E7E380DAE7E380F4E7E380AB
S31580E1F09007E8E38016E8E3802DE8E38040E8E38053
S31580E1F0A061E8E3806CE8E38085E8E38027E6E38056
S31580E1F0B053E6E38091E6E3800C329FE570402DE9EB
S31580E1F0C0001093E592DF4DE2000051E30100001A62
S31580E1F0D00100A0E34CFDFFEB0010A0E3022CA0E3CE
S31580E1F0E048008DE2E84C00EB4020A0E30010A0E36D
S31580E1F0F008008DE2E44C00EBD0019FE544FAFFEB9A
S31580E1F1000010A0E148008DE2474C00EB48008DE21B
S31580E1F110BC119FE52C4D00EB000050E30030A011BF
S31580E1F1200800001AAC119FE5452EA0E3A0319FE5CA
S31580E1F130A4019FE5150300EB3E0000EA012073E59B
S31580E1F1402C0052E30100000A004053E2FAFFFF1A65
S31580E1F1500400A0E14B10A0E35D4C00EB0010A0E3BE
S31580E1F1604020A0E30050A0E108008DE2C64C00EB10
S31580E1F170052064E00410A0E108008DE2304C00EB4C
S31580E1F1800A20A0E30010A0E308008DE2155000EB11
S31580E1F19048519FE54010A0E30005A0E1000085E528
S31580E1F1A00400A0E14A4C00EB2810A0E3014080E294
S31580E1F1B00400A0E1464C00EB0010A0E34020A0E370
S31580E1F1C00060A0E108008DE2AF4C00EB0410A0E105
S31580E1F1D0062064E008008DE2194C00EB0010A0E304
S31580E1F1E01020A0E308008DE2FE4F00EBF0409FE5A2
S31580E1F1F0002095E5DC109FE50030A0E1000084E584
S31580E1F20000208DE5DC009FE5DC209FE5DF0200EB59
S31580E1F210003095E5000053E30200000A002094E502
S31580E1F220000052E30500001AC0009FE5A4109FE5A7
S31580E1F230BC209FE5D50200EB0000E0E3200000EA78
S31580E1F240B0409FE50920A0E30210A0E3002084E519
S31580E1F2500810C4E50120A0E30010A0E32336A0E175
S31580E1F260042084E50A10C4E50B10C4E50C20C4E54E
S31580E1F270103084E5012AA0E30C30A0E378109FE505
S31580E1F2801C0084E2183084E5142084E5635000EBA9
S31580E1F29068109FE5450084E2605000EB5A0084E205
S31580E1F2A05C109FE55D5000EB58309FE5643084E566
S31580E1F2B054309FE5683084E50400A0E14C309FE559
S31580E1F2C06C3084E592DF8DE27080BDE8A868E480E9
S31580E1F2D081A7E3809EE8E3803098E380A3E8E3803A
S31580E1F2E02069E4802469E480C3E8E380690400005E
S31580E1F2F0EEE8E3806D040000AC68E4800AE9E3802F
S31580E1F30020E9E38027E9E38018E5E1805CE5E180B7
S31580E1F310C8E5E18008402DE91C109FE51C009FE5CA
S31580E1F3209A0200EB18009FE58C0200EB14009FE542
S31580E1F3308A0200EB0000A0E30880BDE8E937E480BB
S31580E1F34061EBE38066EBE380C2EBE380F8452DE990
S31580E1F350008050E20100001A0000A0E3F885BDE8D4
S31580E1F3600140A0E12E10A0E30270A0E1D84B00EBB2
S31580E1F370000050E3005068100200001A0800A0E186
S31580E1F380DE4B00EB0050A0E11C30A0E3934727E081
S31580E1F39004A0A0E10060A0E3070054E10D00000AAB
S31580E1F3A00800A0E1001094E50520A0E1B84B00EB50
S31580E1F3B0000050E30500001A000094E5CF4B00EB16
S31580E1F3C0000055E10700000A016086E204A0A0E1A1
S31580E1F3D01C4084E2EFFFFFEA010056E3DDFFFF1AFE
S31580E1F3E00A00A0E1F885BDE80400A0E1F885BDE862
S31580E1F3F014109FE514309FE514209FE5033061E00A
S31580E1F4004331A0E1930202E0CFFFFFEAC059E480F5
S31580E1F410785DE480B76DDBB610402DE90040A0E170
S31580E1F420001094E5102094E53C009FE5570200EB3F
S31580E1F43038009FE5001094E5540200EB140094E552
S31580E1F440000050E30300001A24009FE5430200EB2D
S31580E1F4500100A0E31080BDE8400200EB0A00A0E3D2
S31580E1F460320200EB0000A0E31080BDE80BECE38004
S31580E1F47015ECE38020ECE380F04D2DE91CB08DE2C4
S31580E1F48010D04DE204A09BE50070A0E101005AE3B3
S31580E1F4900150A0E108809B150040A0130160A013F4
S31580E1F4A04700001A0131A0E10A3083E20730C3E365
S31580E1F4B00D60A0E103D04DE00D80A0E10030A0E336
S31580E1F4C01C10A0E3050053E1917322E0032188B784
S31580E1F4D0013083B2FAFFFFBA01A045E200005AE3A8
S31580E1F4E0010000CA0040A0E3250000EA0070A0E325
S31580E1F4F00840A0E10730A0E1002094E504C0B4E52E
S31580E1F500013083E2000092E500109CE528300BE5AE
S31580E1F51024200BE520C00BE5524B00EB28301BE5A0
S31580E1F520000050E320C01BC524201BC504C004C5D0
S31580E1F530002084C5017087C20A0053E1EDFFFF1AFE
S31580E1F540000057E3E6FFFF0A01A04AE2E2FFFFEA95
S31580E1F55004A198E710709AE52E0200EB000050E3D3
S31580E1F5600B00001A000057E30400000A7C009FE5C7
S31580E1F5700810A0E300209AE50730A0E1030200EB42
S31580E1F580014084E2050054E1F0FFFFBA0000A0E308
S31580E1F590000000EA0100A0E306D0A0E1110000EA44
S31580E1F5A00400B8E50710A0E10520A0E166FFFFEBC6
S31580E1F5B0000050E30500000A96FFFFEB004084E17E
S31580E1F5C0016086E20A0056E1F4FFFFBA040000EA30
S31580E1F5D01C009FE5001098E5EC0100EB0140A0E3FB
S31580E1F5E0F6FFFFEA0400A0E11CD04BE2F08DBDE816
S31580E1F5F041ECE3804BECE38002C0A0E1DF001CE359
S31580E1F60009C04C121CCF6F1101C0A003ACC2A0117E
S31580E1F61004E02DE5010050E300E0A01301E00C02D7
S31580E1F62000005EE304209DE53C109F1504108D15D6
S31580E1F63038009F150800001A01C02CE2020050E351
S31580E1F6400000A01301000C02000050E304F09D04C9
S31580E1F65014009FE504008DE5040091E50310A0E127
S31580E1F66004E09DE4023CA0E3BE0700EA286BE48067
S31580E1F6707C35E480F04D2DE9F8D04DE210308DE512
S31580E1F680003092E514308DE510309DE50160A0E112
S31580E1F690003093E520149FE51C008DE50C208DE577
S31580E1F6A018308DE5EF4A00EB004050E20100000A98
S31580E1F6B00000A0E3FE0000EA0600A0E10F4B00EBAC
S31580E1F6C00610A0E1003050E208308DE5EC039FE5BD
S31580E1F6D0033086C0014053C5D34A00EBDC239FE566
S31580E1F6E00010A0E30150A0E10230A0E10320A0E1F7
S31580E1F6F00100D3E4200050E309005013FAFFFF0A2A
S31580E1F700000050E31000000A74308DE2015081E27E
S31580E1F710012183E70210A0E10130D2E4000053E346
S31580E1F7200900000A090053E3200053130130A013B6
S31580E1F7300030A003F6FFFF1A200055E3012081E2A5
S31580E1F7400030C1E50510A0E1E5FFFF1A0020A0E346
S31580E1F750F8308DE2053183E0020055E1842003E54E
S31580E1F7605CB39FE524208DE50400001A54339FE5C0
S31580E1F7700B0053E10C00000A1C3083E2FBFFFFEA39
S31580E1F780DF0014E30130A0030030A013010055E34C
S31580E1F790013083C3000053E30600000A74009DE54F
S31580E1F7A012FFFFEB000050E30500001A0030A0E3F2
S31580E1F7B024308DE53B0000EA090054E3F6FFFF0AB9
S31580E1F7C00B0000EA18C090E500005CE3F6FFFF0A53
S31580E1F7D024308DE200308DE50420A0E10500A0E132
S31580E1F7E074108DE21430A0E33CFF2FE10040A0E1EC
S31580E1F7F02A0000EA74709DE52E10A0E30700A0E1DF
S31580E1F800B34A00EB000050E300A067100200001A43
S31580E1F8100700A0E1B94A00EB00A0A0E1A8829FE53C
S31580E1F8200040A0E31C2048E202005BE11700000AE9
S31580E1F8301C0018E5B14A00EB0A0050E1110000BA5C
S31580E1F8400700A0E11C1018E50A20A0E1524B00EB6D
S31580E1F850000050E30B00001A110054E3012084E21A
S31580E1F860F8308DE20441A0E1044083E05C329FC53B
S31580E1F870D43004C50240A0C1040000CA1C1018E5BA
S31580E1F880D41004E50240A0E11C8088E2E4FFFFEAAF
S31580E1F890F8308DE2043183E00020A0E3D42003E553
S31580E1F8A0000054E30400001A010055E37FFFFFCA1C
S31580E1F8B00700A0E31D0100EB7C0000EA010054E3B0
S31580E1F8C00A00001AF8308DE2055183E0880015E5DB
S31580E1F8D08A4A00EB24B09DE5F4719FE500B08BE0A8
S31580E1F8E00B00A0E1854A00EB0030A0E1230000EAAD
S31580E1F8F04C0000DA24B09DE500005BE34900000A94
S31580E1F9000B00A0E17D4A00EB24208DE20070A0E1AE
S31580E1F9100440B2E5000054E30C00000A014044E2F1
S31580E1F9200B30A0E103006BE0070050E10310A0E19A
S31580E1F930040000AA01C0F4E50000D1E5013083E2CC
S31580E1F94000005CE1F6FFFF0A01706BE0EFFFFFEA82
S31580E1F950000057E33300000AF8308DE2055183E079
S31580E1F960880015E5654A00EB073060E0000053E367
S31580E1F9702C0000DA24B09DE50470A0E100B08BE0B4
S31580E1F98000005BE32700000A14109DE5042083E074
S31580E1F990025081E03C119FE5010055E1C3FFFFCABA
S31580E1F9A008109DE5010086E001C040E20B10A0E170
S31580E1F9B001E06BE003005EE101E0D1B401E0ECB58A
S31580E1F9C0FAFFFFBA000053E3030080A0000057E38B
S31580E1F9D00030A0130400000A040053E10030D7B5DB
S31580E1F9E00130C0B40130A0B3FAFFFFBA0030A0E322
S31580E1F9F00030C0E518309DE5000062E0024083E01A
S31580E1FA00D60000EB000057E30100001A0700A0E3EF
S31580E1FA10C60000EB0C309DE5005083E510309DE596
S31580E1FA20004083E5210000EAAC009FE5334A00EB24
S31580E1FA304E40A0E324508DE20080A0E190009FE556
S31580E1FA402E4A00EB0070A0E1000095E5000050E34E
S31580E1FA501000000A294A00EB07A080E00A3084E022
S31580E1FA604D0053E3050000DA70009FE5BB0000EB33
S31580E1FA7064009FE5B90000EB084067E0010000EA19
S31580E1FA804C009FE5B50000EB040095E4B30000EB84
S31580E1FA900A4084E0EBFFFFEA40009FE5BB0000EB14
S31580E1FAA01C009DE5AD0000EB0600A0E1AB0000EB9C
S31580E1FAB00100A0E3F8D08DE2F08DBDE8A0ECE38013
S31580E1FAC02869E480785DE480C059E480DC59E4808B
S31580E1FAD055A8E3802134E480FD010000BE35E48051
S31580E1FAE0EC26E48038402DE90050A0E10140A0E118
S31580E1FAF0024A00EB020050E30B0000DA000085E0E9
S31580E1FB00023050E52E0053E30700001A013050E53C
S31580E1FB10623043E2FF3003E2150053E30400008ADA
S31580E1FB2014209FE5D30092E13880BDE80400A0E18E
S31580E1FB303880BDE80000E0E33880BDE8A597E38042
S31580E1FB40F8452DE900A0A0E1000092E50180A0E161
S31580E1FB500240A0E10370A0E120609DE523FEFFEB7A
S31580E1FB60005050E20400001A001094E584009FE5FD
S31580E1FB70860000EB0100A0E3F885BDE8043095E559
S31580E1FB80030058E1020000DA0500A0E1F845BDE88E
S31580E1FB9020FEFFEA000056E30200000A0000A0E32F
S31580E1FBA01D82FFEB000086E50430A0E10CC095E5FF
S31580E1FBB00500A0E10A10A0E10820A0E13CFF2FE1C9
S31580E1FBC0000056E30040A0E10200000A000096E54D
S31580E1FBD01182FFEB000086E5003097E5082095E588
S31580E1FBE0010074E3032002E0002087E5E5FFFF0AD8
S31580E1FBF00400A0E1F885BDE8A8ECE380000051E3CC
S31580E1FC002200000A020050E32000008A38402DE9F4
S31580E1FC100040A0E1180091E50150A0E1000050E329
S31580E1FC200200000A30FF2FE1000050E33880BDB8C2
S31580E1FC3060309FE5000054E3045183E70200000A47
S31580E1FC40010054E30700000A3880BDE8582099E5B1
S31580E1FC502C1095E5041082E5583099E5282095E544
S31580E1FC60082083E53880BDE8582099E5201095E5A0
S31580E1FC700C1082E5582099E5241095E5101082E56F
S31580E1FC80583099E510209FE5142083E53880BDE85A
S31580E1FC900000E0E31EFF2FE1489AE48090FDE180D9
S31580E1FCA0020050E3030000CA10309FE5003193E77C
S31580E1FCB02C3093E513FF2FE10000E0E31EFF2FE1F7
S31580E1FCC0489AE480020050E3030000CA10309FE5C1
S31580E1FCD0003193E7283093E513FF2FE10000E0E35D
S31580E1FCE01EFF2FE1489AE480200099E5000050E369
S31580E1FCF01EFF2F01043099E5020013E30100000A9B
S31580E1FD000000A0E3E5FFFFEAAB2900EA200099E5E0
S31580E1FD10000050E31EFF2F01043099E5020013E352
S31580E1FD200100000A0000A0E3E5FFFFEAA72900EA57
S31580E1FD30202099E5000052E31EFF2F01043099E56A
S31580E1FD40020013E30300000A0C309FE5043093E5DB
S31580E1FD50203093E513FF2FE1A12900EA489AE48058
S31580E1FD60202099E5000052E31EFF2F01043099E53A
S31580E1FD70020013E30300000A0C309FE5043093E5AB
S31580E1FD80243093E513FF2FE19C2900EA489AE48029
S31580E1FD900F002DE910402DE9204099E522DE4DE264
S31580E1FDA0000054E30700000A8B2F8DE208008DE204
S31580E1FDB028129DE504208DE5974D00EB0040A0E1FA
S31580E1FDC008008DE2E5FFFFEB0400A0E122DE8DE293
S31580E1FDD01040BDE810D08DE21EFF2FE110402DE9E5
S31580E1FDE0204099E586DF4DE2000054E30600000AF3
S31580E1FDF00120A0E10010A0E10D00A0E1864D00EB1D
S31580E1FE000040A0E10D00A0E1D4FFFFEB0400A0E1FA
S31580E1FE1086DF8DE21080BDE848309FE510402DE910
S31580E1FE20004093E5000054E30100000A0040A0E3AE
S31580E1FE300A0000EA203099E5000053E3FAFFFF0A61
S31580E1FE40B1FFFFEB000050E3F7FFFF0AA5FFFFEBF1
S31580E1FE50030050E310309F050140A0030040830575
S31580E1FE600400A0E11080BDE82C6DE480286DE4807B
S31580E1FE700C309FE5002093E5000083E50200A0E1D8
S31580E1FE801EFF2FE12C6DE48004309FE5000093E5B1
S31580E1FE901EFF2FE1286DE48008309FE50020A0E376
S31580E1FEA0002083E51EFF2FE1286DE48010402DE9D7
S31580E1FEB00040A0E10100A0E1681400EB000050E3FE
S31580E1FEC01080BD08002090E5020014E10000A00347
S31580E1FED01080BDE8003050E210402DE90400000AB0
S31580E1FEE00B0000BA020053E30200A0D3010000DA5E
S31580E1FEF0070000EA0100A0E30340A0E1EAFFFFEB8F
S31580E1FF00001050E20200000A0400A0E11040BDE8C2
S31580E1FF1039FFFFEA0000E0E31080BDE8F8402DE913
S31580E1FF200160A0E1A0109FE50240A0E10050A0E1C0
S31580E1FF300370A0E1CB4800EB000050E30020A00174
S31580E1FF400B00000A0500A0E180109FE5C54800EBA3
S31580E1FF50000050E30120A0030500000A0500A0E1AE
S31580E1FF606C109FE5BF4800EB000050E30800001AE3
S31580E1FF700220A0E3040099E5020010E30400000AF0
S31580E1FF80010054E30900000A0300003A020054E349
S31580E1FF900100000A0000A0E3F880BDE80200A0E1CC
S31580E1FFA00610A0E1CAFFFFEBA00FA0E1F880BDE853
S31580E1FFB0020017E30200001A18009FE50510A0E190
S31580E1FFC072FFFFEB0400A0E1F880BDE8CBECE380B3
S31580E1FFD0D1ECE380D8ECE38022F0E3800120A0E35A
S31580E1FFE0202089E50000A0E31EFF2FE110402DE9E6
S31580E1FFF084409FE584009FE558FFFFEB001094E580
S31580E20000000051E30200001A74009FE553FFFFEB04
S31580E20010020000EA6C009FE5081081E25BFFFFEBDD
S31580E2002064009FE54DFFFFEB041094E5000051E389
S31580E200300200001A54009FE548FFFFEB020000EA47
S31580E2004040009FE5081081E250FFFFEB40009FE50C
S31580E2005042FFFFEB081094E5000051E30200001A2C
S31580E2006030009FE51040BDE83CFFFFEA14009FE5C3
S31580E20070081081E21040BDE844FFFFEA489AE48036
S31580E20080DFECE380E7ECE38062EBE38004EDE380A0
S31580E200900CEDE3802AEDE38032EDE38070402DE9DA
S31580E200A0EB1300EB0040A0E30450A0E1002090E5D2
S31580E200B0000052E11100000A343012E5341042E2C7
S31580E200C0000055E300C0A01301C0030200005CE318
S31580E200D0A330A0E10150A011000054E30030A01348
S31580E200E001300302000053E30140A011000054E313
S31580E200F0000055130300001A002092E5EBFFFFEAA9
S31580E20100000054E30500000A0410A0E10100A0E328
S31580E20110B9FEFFEB0200A0E30410A0E1B6FEFFEB1E
S31580E20120000055E30200000A0000A0E30510A0E10A
S31580E20130B1FEFFEBACFFFFEB34509FE534609FE509
S31580E201400040A0E3041196E7040195E7081081E2F6
S31580E20150014084E21BF5FFEB030054E3F8FFFF1A4C
S31580E20160043099E50000A0E3023083E3043089E5B8
S31580E201707080BDE8744FE480489AE4805C309FE505
S31580E2018070402DE9004093E5000050E3046080E092
S31580E201900350A0E1040000AA0020A0E10010A0E341
S31580E201A00600A0E1002062E2B74800EB30309FE52E
S31580E201B0003093E5030056E10600003A24309FE5DD
S31580E201C0003093E5030056E10200008A006085E58F
S31580E201D00400A0E17080BDE80000E0E37080BDE845
S31580E201E0346DE4806C6DE480646DE4800120A0E18E
S31580E201F028109FE502C080E0000081E520109FE59F
S31580E20200043099E500C081E518109FE5010013E30B
S31580E20210000081E51EFF2F010010A0E39A4800EA64
S31580E202206C6DE480646DE480346DE48070402DE929
S31580E20230B4609FE5083096E5045093E50350C5E344
S31580E20240050060E0FE4E80E20F4084E2FF4EC4E3AA
S31580E202500F40C4E3014A44E2010A54E3160000BABD
S31580E202600000A0E3C4FFFFEB083096E5053083E0AB
S31580E20270030050E11000001A000064E2BEFFFFEBCB
S31580E20280010070E30E00001A0000A0E3BAFFFFEB64
S31580E20290082096E5003062E00F0053E3060000DABC
S31580E202A048109FE5013083E3001091E5043082E552
S31580E202B0000061E038109FE5000081E50000A0E3E0
S31580E202C07080BDE8083096E524209FE5055064E01D
S31580E202D0015085E3045083E5003092E50100A0E316
S31580E202E0034064E0004082E57080BDE84C4BE480E8
S31580E202F0544FE4803C6DE480000050E31EFF2F0102
S31580E2030030402DE9041010E50CC29FE50120C1E3DF
S31580E20310083040E2024083E008509CE504E094E540
S31580E20320050054E103E0CEE3011001E21400001A75
S31580E20330000051E302208EE00600001A081010E564
S31580E20340033061E0080093E5012082E00C1093E53A
S31580E203500C1080E5080081E5011082E3041083E554
S31580E2036008308CE5B4319FE5003093E5030052E135
S31580E203703080BD38A8319FE53040BDE8000093E586
S31580E20380A9FFFFEA000051E304E084E50010A01330
S31580E203900900001A080010E508508CE2033060E09C
S31580E203A0002082E0080093E5050050E10C509315A9
S31580E203B00110A0030C508015080085150E0084E01C
S31580E203C0040090E5010010E31000001A000051E3FA
S31580E203D00E2082E0080094E50900001A38E19FE5E4
S31580E203E008508EE2050050E10500001A14308EE5D1
S31580E203F010308EE50110A0E30C0083E5080083E56A
S31580E20400020000EA0CE094E50CE080E508008EE567
S31580E20410010082E3000051E3040083E5022083E7E2
S31580E204203080BD18020C52E30C00002A04009CE5E1
S31580E20430A221A0E14211A0E101E0A0E31E1180E148
S31580E2044004108CE582C18CE008209CE5082083E5D7
S31580E204500CC083E508308CE50C3082E53080BDE85F
S31580E20460A214A0E1040051E32213A09138108192F4
S31580E204700F00009A140051E35B1081920C00009AFF
S31580E20480540051E32216A0916E1081920800009AE0
S31580E20490550F51E3A217A091771081920400009A3A
S31580E204A080009FE5000051E12219A0917C108192A3
S31580E204B07E10A08381C18CE008009CE558E09FE530
S31580E204C00C0050E10010A0110900001A04209EE5FC
S31580E204D04111A0E101C0A0E31C1182E104108EE586
S31580E204E00010A0E1070000EA081091E50C0051E156
S31580E204F00300000A040091E50300C0E3000052E134
S31580E20500F8FFFF3A0C0091E50C0083E5081083E5DD
S31580E20510083080E50C3081E53080BDE84C4BE480E4
S31580E20520584FE480686DE48054050000E0359FE52D
S31580E20530F34D2DE9003093E5000053E30500001A00
S31580E20540D0359FE5003093E5000053E30100001AC1
S31580E205500000A0E36C0100EA000050E3FBFFFFBA73
S31580E205600B6080E2160056E3AC559FE5030000DAA5
S31580E205700760C6E37E0F56E31300002A000000EA16
S31580E205801060A0E3A631A0E1832185E00C0092E52C
S31580E20590020050E10400001A082080E2140090E58F
S31580E205A0020050E1023083023600000A043090E510
S31580E205B00C2090E5081090E50330C3E30C2081E53A
S31580E205C0033080E0081082E5200000EAA634B0E13C
S31580E205D03F30A0031300000A040053E32633A091C0
S31580E205E0383083920F00009A140053E35B30839293
S31580E205F00C00009A540053E32636A0916E30839223
S31580E206000800009A550F53E3A637A091773083927C
S31580E206100400009A04259FE5020053E12639A09161
S31580E206207C3083927E30A083831185E00C0091E555
S31580E206300B0000EA00005CE3080000BA0C3090E5AB
S31580E20640081090E50C3081E5081083E5023080E001
S31580E20650042093E5012082E3042083E5290100EA70
S31580E206600C0090E5010050E10500000A042090E5C7
S31580E206700320C2E302C066E00F005CE3ECFFFFDA30
S31580E20680013043E2013083E28C249FE5100095E558
S31580E2069008E082E20E0050E10E10A0E15300000A6B
S31580E206A004C090E503C0CCE30C4066E00F0054E35F
S31580E206B00A0000DA063080E0016086E3046080E5C5
S31580E206C0143082E5103082E5012084E30CE083E594
S31580E206D008E083E5042083E5044083E7090100EA34
S31580E206E0000054E314E082E510E082E50CC080A0CD
S31580E206F004309CA5013083A304308CA5010100AAB5
S31580E20700020C5CE30C00002A044092E5ACC1A0E155
S31580E207104CE1A0E10170A0E317EE84E104E082E51A
S31580E207208C2182E008C092E508C080E50C2080E555
S31580E20730080082E50C008CE52C0000EAAC24A0E1FE
S31580E20740040052E32C23A091382082920F00009A73
S31580E20750140052E35B2082920C00009A540052E32A
S31580E207602C26A0916E2082920800009A550F52E3C1
S31580E20770AC27A091772082920400009A9CE39FE5C1
S31580E207800E0052E12C29A0917C2082927E20A083C9
S31580E20790824185E008E094E57C739FE504005EE1B2
S31580E207A00900001A04C097E54221A0E10140A0E3D6
S31580E207B014228CE1042087E50E20A0E1070000EAFE
S31580E207C008E09EE504005EE10300000A04209EE55F
S31580E207D00320C2E302005CE1F8FFFF3A0C209EE5CB
S31580E207E00C2080E508E080E5080082E50C008EE5D5
S31580E207F00100A0E34321A0E11022A0E1040095E5F7
S31580E20800000052E14A00008A000012E10400001A68
S31580E208100330C3E38220A0E1000012E1043083E2E8
S31580E20820FBFFFF0A83E185E00E80A0E10340A0E1C1
S31580E208300C0098E5080050E12000000A04C090E52B
S31580E2084003C0CCE30C7066E00F0057E30E0000DADB
S31580E20850063080E0016086E30C2090E5046080E566
S31580E2086008C0B0E50C208CE508C082E5012087E36C
S31580E20870143085E5103085E50C1083E5081083E5B4
S31580E20880042083E5077083E79F0000EA000057E3D0
S31580E20890080000BA0C3080E0042093E5012082E370
S31580E208A0042083E50C3090E50820B0E50C3082E543
S31580E208B0082083E5940000EA0C0090E5DCFFFFEA7D
S31580E208C0014084E2030014E3088088E2D7FFFF1A3E
S31580E208D0030013E3043095050230C3010430850535
S31580E208E00400000A08004EE200E09EE5013043E2A1
S31580E208F000005EE1F5FFFF0A043095E58220A0E183
S31580E20900030052E10000A0830100A093000052E3BD
S31580E209100000A003000050E30500000A030012E194
S31580E20920044084028220A001FBFFFF0A0430A0E19A
S31580E20930BBFFFFEA08B095E504709BE50370C7E369
S31580E20940073066E00F0053E3670000CAD0319FE5C7
S31580E20950004093E5CC319FE5044086E0002093E5B4
S31580E2096004308DE5010072E3014A84120F4084125D
S31580E20970FF4EC413104084020F40C4130400A0E16A
S31580E20980FDFDFFEB010070E30080A0E15000000A6C
S31580E2099005205BE007008BE00120A01305005BE108
S31580E209A00000581104309DE54900003A78A19FE5A0
S31580E209B0000058E100109AE5011084E000108AE513
S31580E209C00500001A50319FE5074084E0083093E540
S31580E209D0014084E3044083E5340000EA003093E595
S31580E209E004208DE5010073E30800601034319F0531
S31580E209F0000081100080830500008A15073018E226
S31580E20A000830631203808810044088E0030064E0C3
S31580E20A10FF4E84E20F3084E2FF3EC3E30F30C3E34E
S31580E20A20034080E00400A0E1D3FDFFEB010070E328
S31580E20A302700000A00309AE504209DE5033084E031
S31580E20A4000308AE5003068E0033084E0013083E3F9
S31580E20A50000052E3088085E5043088E51300000A49
S31580E20A600F0057E3B0309F950120A093083093950D
S31580E20A70042083951600009A04309BE50C7047E2C9
S31580E20A800770C7E3013003E2033087E104308BE588
S31580E20A900520A0E307308BE00F0057E3042083E5CF
S31580E20AA0082083E50100009A08008BE211FEFFEB45
S31580E20AB078209FE500309AE5001092E5010053E147
S31580E20AC00030828568209FE5001092E5010053E1BF
S31580E20AD000308285083095E5043093E50330C3E340
S31580E20AE0033066E00F0053E398FEFFDA080095E5EF
S31580E20AF0012086E3013083E3066080E0042080E51E
S31580E20B00086085E5043086E5080080E208D08DE25B
S31580E20B10F08DBDE86C6DE480646DE4804C4BE480DE
S31580E20B2054050000686DE480544FE4803C6DE480B7
S31580E20B30386DE480306DE480F8402DE9C4309FE57D
S31580E20B400050A0E1087093E5910500E0042097E566
S31580E20B500360C2E374FEFFEBA51FA0E1000050E351
S31580E20B6001108103000051E32400001A043010E5ED
S31580E20B70082040E20330C3E3060053E1077062E0F7
S31580E20B80177F6FE1A772A0E10070A093000057E3A0
S31580E20B900360A001042046E2240052E30040A0E183
S31580E20BA01300008A130052E30030A0910B00009AF2
S31580E20BB01B0052E3001080E5041080E50830809245
S31580E20BC00600009A240052E3103080121830800228
S31580E20BD0081080E50C1080E5101080051410800561
S31580E20BE00020A0E3002083E5042083E5082083E556
S31580E20BF0000000EA244600EB0400A0E1F880BDE8AC
S31580E20C000000A0E3F880BDE84C4BE480F0412DE99A
S31580E20C100070A0E1000051E2010000AA0000A0E31A
S31580E20C20F081BDE8080057E30100008AF041BDE8A3
S31580E20C303DFEFFEA0B5080E20F0057E31070A0936F
S31580E20C40160055E30750C5C31050A0D3100087E2C3
S31580E20C50050080E034FEFFEB008050E2EEFFFF0A03
S31580E20C600710A0E1E25500EB084048E2000051E3BC
S31580E20C701800000A016047E2003067E2066088E019
S31580E20C80036006E0086046E2063064E00F0053E364
S31580E20C90043018E507608690064064E00330C3E3DB
S31580E20CA0033064E0012083E3033086E0042086E5B6
S31580E20CB0042093E50800A0E1012082E3042083E595
S31580E20CC0043018E5013003E2034084E1044008E59C
S31580E20CD088FDFFEB0640A0E1043094E50330C3E3F0
S31580E20CE0033065E00F0053E3080000DA050084E094
S31580E20CF0013083E3043080E5041094E5080080E265
S31580E20D00011001E2015085E1045084E579FDFFEBB3
S31580E20D10080084E2F081BDE8F8452DE9006050E202
S31580E20D201E00000A01A0A0E10080A0E30600A0E187
S31580E20D302C10A0E3664500EB004050E20C00001A5E
S31580E20D400600A0E16D4500EB000050E31500000AC5
S31580E20D50010080E2F4FDFFEB005050E20100001A50
S31580E20D600B00E0E3F885BDE80610A0E12E4500EB36
S31580E20D70140000EA067054E00A00000A010087E2E5
S31580E20D80E9FDFFEB005050E2F4FFFF0A0610A0E116
S31580E20D900720A0E12A4500EB0780C5E7090000EAC3
S31580E20DA00100A0E3F885BDE80050A0E30500A0E1DC
S31580E20DB050FDFFEB000054E3016084E2DAFFFF1AA4
S31580E20DC00400A0E1F885BDE80500A0E13A10A0E3C1
S31580E20DD03F4500EB006050E20300000A0080C6E572
S31580E20DE0010086E2834300EB0060A0E10500A0E11A
S31580E20DF0804300EB0070A0E1404500EB000050E349
S31580E20E00E9FFFF0A0610A0E10700A0E13AFF2FE121
S31580E20E10006050E2E4FFFF0A0500A0E135FDFFEB4A
S31580E20E200600A0E1F885BDE8000052E33B00000A37
S31580E20E30000050E33B00000AF8452DE90030D1E599
S31580E20E400270A0E1000053E30150A0E10060A0E15E
S31580E20E500700000A0040A0E30510A0E1DA4500EBB6
S31580E20E60003050E20300000A010083E20340A0E181
S31580E20E70F8FFFFEA0640A0E1000054E32500000AFD
S31580E20E800500A0E11D4500EB0430A0E1012073E5F9
S31580E20E90200052E3FCFFFF0A010040E2000084E00A
S31580E20EA00130F0E5200053E3FCFFFF0A060054E13F
S31580E20EB00100000A2C0052E30400001A3A0053E3D0
S31580E20EC02C0053131900000A000053E31700000AAE
S31580E20ED00030D5E5000053E3E5FFFF0A0600A0E116
S31580E20EE000A0A0E30510A0E1B74500EB008050E248
S31580E20EF00600000A0500A0E1004500EB000088E05C
S31580E20F00000054E10100882208A0A021F4FFFF2A14
S31580E20F100A40A0E1D7FFFFEA0200A0E3F885BDE838
S31580E20F200000E0E31EFF2FE10100A0E31EFF2FE1B8
S31580E20F300500A0E1F14400EB000084E00120D0E46A
S31580E20F40200052E3FCFFFF0A3A0052E30040A0137E
S31580E20F501200001A0030A0E10350A0E10020D5E59E
S31580E20F60013083E2200052E3FAFFFF0A0500A0E1A6
S31580E20F7038109FE5134500EB000050E30040651012
S31580E20F800200001A0500A0E1DC4400EB0040A0E18B
S31580E20F900700A0E10510A0E10420A0E1514500EBA5
S31580E20FA00030A0E30430C7E70300A0E1F885BDE89E
S31580E20FB088A6E3800030A0E3083080E50300A0E164
S31580E20FC01EFF2FE1F8452DE954609FE554409FE5E9
S31580E20FD0000050E3044066E0C441A0E10070A01145
S31580E20FE00050A01306A0A0110700001A0080A0E31B
S31580E20FF0090000EA0700A0E185119AE7994400EB2F
S31580E21000000050E30400000A015085E2040055E145
S31580E21010858186E0F6FFFFBAF3FFFFEA0800A0E1EA
S31580E21020F885BDE8785DE480A85DE48038402DE906
S31580E210302C409FE50150A0E128009FE528109FE51E
S31580E21040CC4200EB0410A0E120009FE531FFFFEBEC
S31580E210500500A0E10410A0E12EFFFFEB0000A0E373
S31580E210603880BDE87410E2805C4FE480B40FE280A1
S31580E2107057EDE38010402DE928D04DE20030A0E321
S31580E2108014208DE21C308DE500308DE504208DE55F
S31580E210900C308DE568209FE528308DE218008DE5DD
S31580E210A008208DE50140A0E10F0013E9AD3F00EB9A
S31580E210B014309DE5000053E30E00000A000054E37D
S31580E210C00100001A0020A0E3080000EA0400A0E183
S31580E210D08A4400EB000050E3F9FFFF0A0400A0E136
S31580E210E0B7FFFFEB000050E30200000A042090E520
S31580E210F014309DE5082083E50000A0E328D08DE248
S31580E211001080BDE85C4FE48070402DE9005090E5A8
S31580E2111001DC4DE20040A0E180009FE53CF2FFEB7E
S31580E211200010A0E3FC20A0E300108DE50060A0E1C2
S31580E2113004008DE2D44400EB000056E30600001A78
S31580E211405C009FE50510A0E10D20A0E135FFFFEBF5
S31580E21150000050E30F00001A050000EA0600A0E155
S31580E211600510A0E10D20A0E12EFFFFEB000050E389
S31580E21170F2FFFF1A0D00A0E1604400EB000050E3AD
S31580E211800400000A0D00A0E18DFFFFEB000050E3B2
S31580E21190043090150830841501DC8DE27080BDE85C
S31580E211A0DCEDE38057EDE380243099E50300D0E778
S31580E211B01EFF2FE1282099E50930A0E1000052E3E5
S31580E211C02430991504309F05000083E01EFF2FE14D
S31580E211D0A5A1E38008402DE9F5FFFFEB0000D0E50D
S31580E211E00880BDE8041099E5010011E30000000AD9
S31580E211F0F7FFFFEA283099E5000053E30000000A92
S31580E21200E8FFFFEA04309FE50000D3E71EFF2FE107
S31580E21210A5A1E38008402DE9FDF1FFEB000050E354
S31580E212200900000A0000D0E5DF3000E2540053E313
S31580E21230590053130130A0030030A013310050E36C
S31580E212400300A011010083030880BDE80000E0E30B
S31580E212500880BDE838402DE9285099E5044099E5B3
S31580E21260042099E58020C2E3042089E50020A0E3FA
S31580E21270282089E5E6F1FFEB285089E5044089E5F7
S31580E212803880BDE81F402DE9004050E20500000AA3
S31580E212900030D4E5210053E30400000AAFFAFFEB05
S31580E212A00430A0E3020000EA60009FE5ABFAFFEBC0
S31580E212B00030A0E300308DE50030A0E304308DE518
S31580E212C008308DE548009FE548109FE548209FE578
S31580E212D0554100EB000050E30700001A3C309FE5E1
S31580E212E000308DE538309FE538009FE5001093E5C4
S31580E212F034209FE58A30A0E3A4FAFFEB043099E537
S31580E21300803083E3043089E510D08DE21080BDE839
S31580E21310E7EDE3805C4FE480A5A1E380E30400008F
S31580E213200398E3801CA1E78004DEE38002EEE3809B
S31580E213301F402DE90530A0E303008DE900308DE5FD
S31580E2134014109FE514209FE50030A0E310009FE58E
S31580E21350354100EB14D08DE204F09DE4A5A1E38053
S31580E21360E30400005C4FE480000051E3F0402DE9A5
S31580E213700040A0E11CD04DE2045080E23F00000A2A
S31580E213800410A0E10420A0E314008DE2554400EBB2
S31580E213900000A0E30510A0E158219FE57B3C00EB2D
S31580E213A014309DE5030050E13400000A48619FE570
S31580E213B048019FE575FAFFEB000096E5511AA0E336
S31580E213C050C090E5012AA0E30430A0E13CFF2FE182
S31580E213D0007050E20200000A24019FE56BFAFFEBFF
S31580E213E0200000EA0410A0E10420A0E314008DE2CC
S31580E213F03C4400EB0700A0E10510A0E1F4209FE564
S31580E21400623C00EB14309DE5030050E11500001AC2
S31580E21410F0009FE55DFAFFEB000096E50518A0E394
S31580E21420583090E5012AA0E333FF2FE1000050E334
S31580E21430D4009F150800001A000096E50518A0E37F
S31580E2144054C090E5012AA0E30430A0E13CFF2FE1FD
S31580E21450000050E30900000AB0009FE50518A0E30A
S31580E21460012AA0E349FAFFEBA4009FE547FAFFEBE6
S31580E21470A0009FE582FFFFEB0040A0E31A0000EAAE
S31580E214800030A0E300308DE504308DE508308DE54F
S31580E2149084009FE50510A0E158209FE5E24000EB3D
S31580E214A0004050E2043099150140A0138030831346
S31580E214B0043089150C00001A60509FE560009FE5B4
S31580E214C00510A0E131FAFFEB58309FE500508DE53B
S31580E214D054009FE5001093E550209FE5FB30A0E3A2
S31580E214E02AFAFFEB48009FE565FFFFEB0400A0E1E7
S31580E214F01CD08DE2F080BDE8FC0F0000706DE480C8
S31580E215000FEEE38020EEE38036EEE3804FEEE3807B
S31580E2151088EEE380C1EEE380D2EEE3805C4FE48046
S31580E215201398E380DBEEE3801CA1E780FDEEE380A7
S31580E2153002EEE3803AEFE38008402DE9283099E530
S31580E21540000053E30400001A3B00E0E3080A00EBE4
S31580E215500C009FE50840BDE849FFFFEA0840BDE888
S31580E21560190200EAD2EEE380FF4D2DE900C0A0E346
S31580E2157030509DE50240A0E10380A0E10CA0A0E10D
S31580E215800C70A0E102B041E200008DE500C082E588
S31580E215900710A0E100009DE50C208DE2A0309FE5DA
S31580E215A0483E00EB0A60A0E1007050E21600000AB5
S31580E215B00C309DE5000093E5504300EB0B005AE1C9
S31580E215C00020A0B30120A0A3013080E2030058E10D
S31580E215D0012082B3000052E30B00001A0C209DE545
S31580E215E00A5184E70500A0E1001092E50320A0E11C
S31580E215F004308DE5BB4300EB04309DE501A08AE231
S31580E21600035085E0088063E0E0FFFFEA34309FE53F
S31580E216100400A0E10A10A0E10420A0E3C94200EBA5
S31580E21620000057E301608A121C309F150600A0E194
S31580E216300A3184170030A0E3063184E710D08DE2C8
S31580E21640F08DBDE85C4FE4802022E38055A8E380FC
S31580E21650000050E304E02DE50600000A00C0D1E573
S31580E2166030005CE30300001A01C0D1E5DFC00CE282
S31580E2167058005CE3021081023CC09FE5033081E0C2
S31580E21680030051E10500000A00E0D1E5000050E3E5
S31580E216900EE0DCE70400000A44001EE30400001AC0
S31580E216A0000052E30010821504F09DE404001EE37C
S31580E216B0F9FFFFEA011081E2F0FFFFEAB599E380E4
S31580E216C00030A0E30C3080E50300A0E11EFF2FE1AD
S31580E216D038402DE92C409FE50150A0E128009FE5A6
S31580E216E028109FE5234100EB0410A0E120009FE54E
S31580E216F088FDFFEB0500A0E10410A0E185FDFFEB8C
S31580E217000000A0E33880BDE8C017E2805C4FE48049
S31580E21710C016E28049EFE38070402DE90050A0E1F7
S31580E21720F64200EB000050E37080BD082C609FE536
S31580E217300010D5E50600A0E1E54200EB004050E26C
S31580E217400100000A040066E07080BDE80010D5E57D
S31580E217500C009FE58DF9FFEB0400A0E17080BDE807
S31580E21760A0A6E38060EFE38070402DE90050A0E11F
S31580E21770E24200EB010050E30C00009A34609FE500
S31580E217800110D5E50600A0E1D14200EB004050E22F
S31580E217900100000A040066E07080BDE80110D5E52C
S31580E217A014009FE579F9FFEB0400A0E17080BDE8C3
S31580E217B00000A0E37080BDE89BA6E38094EFE3801F
S31580E217C070402DE928D04DE20030A0E314208DE26E
S31580E217D01C308DE500308DE504208DE50C308DE5FD
S31580E217E07C209FE528308DE218008DE508208DE586
S31580E217F00140A0E10F0013E9DA3D00EB14309DE5EC
S31580E21800000053E31300000A000054E30300001AC9
S31580E2181014309DE50020A0E30C2083E50D0000EA6C
S31580E218200400A0E1B54200EB000050E3F7FFFF0AB7
S31580E218300400A0E114509DE5B6FFFFEB076000E2ED
S31580E218400400A0E1C7FFFFEB18309FE5003193E784
S31580E21850030086E10C0085E50000A0E328D08DE256
S31580E218607080BDE85C4FE480D87DE38037402DE927
S31580E21870005090E50040A0E18C009FE564F0FFEB2C
S31580E2188088309FE50030D3E50430CDE50030A0E333
S31580E218900530CDE50630CDE5030050E10600001ABD
S31580E218A06C009FE50510A0E104208DE25DFDFFEB73
S31580E218B0000050E31200001A040000EA0510A0E1DD
S31580E218C004208DE257FDFFEB000050E3F3FFFF1AA1
S31580E218D004008DE2894200EB000050E30800000A32
S31580E218E004008DE28BFFFFEB075000E204008DE2FD
S31580E218F09CFFFFEB1C309FE5003193E7033085E1E7
S31580E219000C3084E50CD08DE23080BDE8D1EFE38007
S31580E219109497E38049EFE380D87DE380FF4D2DE91C
S31580E21920008052E200308DE5F0329FE504B09015FA
S31580E2193008B0A001000051E30140A0E10340A0010C
S31580E21940010058E30060A0E1005090E58100000AC2
S31580E219500CA090E507A00AE201304AE2050053E3D3
S31580E2196003F19F977B0000EA8019E280A019E2806A
S31580E21970F419E280441AE280A41AE2802C1BE28007
S31580E219800030E0E30000A0E30410A0E10C208DE249
S31580E219902EFFFFEB0C309DE50070D3E5250000EAD3
S31580E219A00C208DE20030E0E30100A0E30410A0E128
S31580E219B026FFFFEB0C309DE50020D3E5000052E3E5
S31580E219C05900001A022084E2020053E16100001A03
S31580E219D00030D4E5300053E35E00001A0170D4E5AE
S31580E219E0DF7007E2580057E30070A0130070E0034F
S31580E219F04F0000EA0010D4E5DF3001E2540053E301
S31580E21A00590053130130A0130030A003302041E285
S31580E21A10010052E30020A09301200382D73001E245
S31580E21A20460053E30030A00301300212000053E384
S31580E21A303D00001A0170D4E5007097E20070E01371
S31580E21A403B0000EA04C0A0E10070A0E30C10A0E134
S31580E21A500330A0E30000A0E30C208DE204C08DE514
S31580E21A60FAFEFFEB0C309DE504C09DE503005CE1E8
S31580E21A702D00000A030057E30020D3E50100000AA7
S31580E21A802E0052E3000000EA000052E32600001A2C
S31580E21A90017087E2040057E301C083E2EAFFFF1A9E
S31580E21AA02C0000EA0470A0E100C0A0E30230A0E3CB
S31580E21AB00100A0E30710A0E10C208DE204C08DE5D1
S31580E21AC0E2FEFFEB0C309DE5030057E11600000ACB
S31580E21AD0022087E2020053E104C09DE50600001A77
S31580E21AE00020D7E5300052E30300001A0120D7E553
S31580E21AF0DF2002E2580052E30B00000A05005CE3B5
S31580E21B000020D3E50100000A3A0052E3000000EA31
S31580E21B10000052E30400001A01C08CE206005CE396
S31580E21B20017083E2E0FFFF1A0A0000EA0070E0E358
S31580E21B30010000EA010077E30600001AE0309FE543
S31580E21B400510A0E10420A0E10A30D3E7D4009FE5A6
S31580E21B508EF8FFEB2E0000EA00309DE5027013E27C
S31580E21B600100000A0070A0E3290000EA010058E3C0
S31580E21B700300000A1F00003A020058E30800000A48
S31580E21B80230000EA0C3096E5080013E3F4FFFF0A2F
S31580E21B9094009FE50510A0E17CF8FFEB0870A0E1D8
S31580E21BA01B0000EA0C3096E5200013E30F00001AD2
S31580E21BB0400013E3EAFFFF0A0500A0E1A4FDFFEB84
S31580E21BC058409FE50B10A0E1000050E30040A011D1
S31580E21BD00420A0E154009FE56CF8FFEB0B00A0E146
S31580E21BE00410A0E19F4100EB000050E3DCFFFF0A16
S31580E21BF03C009FE5030000EA0C3096E5100013E313
S31580E21C00D7FFFF0A2C009FE50510A0E15FF8FFEB06
S31580E21C100170A0E30700A0E110D08DE2F08DBDE86F
S31580E21C207C35E480A0A6E380D8EFE38018F0E380F9
S31580E21C3055F0E38035F0E3806DF0E380F0402DE906
S31580E21C404C419FE501DA4DE2000094E51CD04DE27D
S31580E21C50000050E30470A0E10900001A0010A0E140
S31580E21C6030219FE50030A0E1591B00EB000050E3F4
S31580E21C70000084E50200001A1C019FE580FDFFEB6F
S31580E21C801F0000EA0040A0E318308DE21C608DE27E
S31580E21C9008519FE5046023E504019FE500508DE548
S31580E21CA004408DE508408DE50410A0E10420A0E122
S31580E21CB0193E00EB000050E3070000AAE4309FE5FE
S31580E21CC000308DE5E0309FE5E0009FE5001093E58A
S31580E21CD0DC209FE5833FA0E3080000EA010A50E3A7
S31580E21CE0090000DABC309FE500308DE5B8309FE52B
S31580E21CF0C0009FE5001093E5B4209FE5B8309FE5EC
S31580E21D0022F8FFEB0100A0E31E0000EA0520A0E135
S31580E21D100610A0E10400A0E11C3A00EB0518A0E35E
S31580E21D20012AA0E368509FE518008DE5000097E55B
S31580E21D30583090E533FF2FE1000050E31100001A9E
S31580E21D4078009FE505F8FFEB000095E50518A0E32E
S31580E21D5054C090E5012AA0E318308DE23CFF2FE1E2
S31580E21D60004050E20600001A54009FE528EFFFEBA0
S31580E21D70003095E50C1093E5B74F00EB44309FE5D4
S31580E21D80000083E50400A0E101DA8DE21CD08DE259
S31580E21D90F080BDE8706DE48000B4C4048AF0E3802C
S31580E21DA0FC0F00005C4FE480FB97E3801CA1E78098
S31580E21DB05EDFE380A4F0E380ADF0E380130200000F
S31580E21DC0F8F0E38081A7E380A860E4800000A0E3E6
S31580E21DD010402DE90010A0E101DA4DE27C209FE57A
S31580E21DE00030A0E1FA1A00EB74409FE5000050E370
S31580E21DF0000084E50200001A68009FE520FDFFEB03
S31580E21E00140000EA50C090E50518A0E3012AA0E399
S31580E21E100D30A0E13CFF2FE1000050E30200000A12
S31580E21E2044009FE516FDFFEB060000EA0D00A0E107
S31580E21E300110A0E34BFDFFEB000050E30120A0136D
S31580E21E402820891528008905000094E5631C00EBAB
S31580E21E500030A0E3003084E501DA8DE21080BDE84F
S31580E21E6000B4C404706DE4808AF0E38010F1E3800C
S31580E21E7010209FE5242089E50120A0E3282089E53A
S31580E21E800000A0E31EFF2FE1A5A1E3801EFF2FE164
S31580E21E900600A0E31EFF2FE110402DE97000A0E3CB
S31580E21EA00940A0E1A0F9FFEB2C219FE52C119FE5EB
S31580E21EB0580084E5583099E5002083E5583099E565
S31580E21EC01C219FE5042083E5583099E514219FE59E
S31580E21ED0082083E5583099E50C219FE50C2083E5BF
S31580E21EE0583099E504219FE5102083E5583099E53D
S31580E21EF0FC209FE5142083E5582099E5F4309FE5A0
S31580E21F00183082E5582099E51C3082E5582099E51B
S31580E21F10201082E5582099E5DC109FE5241082E5C1
S31580E21F20582099E5D4109FE5281082E5582099E556
S31580E21F30CC109FE52C1082E5582099E5C4109FE5E8
S31580E21F40301082E5582099E5BC109FE5341082E591
S31580E21F50582099E5B4109FE5381082E5582099E536
S31580E21F60AC109FE53C1082E5582099E5A4109FE5E8
S31580E21F70401082E5582099E59C109FE5441082E561
S31580E21F80582099E594109FE5481082E5582099E516
S31580E21F908C109FE54C1082E5582099E5503082E519
S31580E21FA0582099E5543082E5582099E5583082E503
S31580E21FB0582099E55C3082E5582099E5603082E5E3
S31580E21FC0582099E5643082E5582099E5683082E5C3
S31580E21FD0582099E56C3082E51080BDE8901EE2805B
S31580E21FE02C05E280E8FCE1800CFDE18030FDE180B9
S31580E21FF060FDE18090FDE1808C1EE280F802E28065
S31580E220006826E3801C04E080DCFDE1808C1BE080B6
S31580E2201014DAE180C8D5E180E831E380A032E3805A
S31580E220201833E3806822E3800120A0E10010A0E378
S31580E2203008402DE90130A0E1D73400EB000050E3FF
S31580E220400A00000A002090E5223CA0E1FF0802E2B5
S31580E22050023C83E1203483E1FF0C02E2000483E167
S31580E22060020050E30400A0130800A0030880BDE844
S31580E220700400A0E30880BDE8F04D2DE90140A0E12F
S31580E2208028D04DE2BC119FE50060A0E10250A0E1BC
S31580E220900380A0E1E13400EB00A050E2030000AA55
S31580E220A0DD3800EB0010A0E19C019FE5610000EACB
S31580E220B0000055E3000054130170A0030070A013E2
S31580E220C00100001A0000A0E35C0000EA0600A0E13D
S31580E220D0C63300EB0420A0E10030A0E3F820CDE196
S31580E220E000B0A0E10B0057E10F0000AA0710A0E1C3
S31580E220F018208DE220308DE20600A0E1893300EBE4
S31580E22100D821CDE1D800CDE1010053E100005201B2
S31580E221100300001A0600A0E10710A0E1533700EBA6
S31580E22120010000EA017087E2EDFFFFEA052064E044
S31580E221300030A0E3F020CDE10600A0E1D820CDE199
S31580E221400F3700EB007050E2050000AAB23800EBD0
S31580E221500010A0E1F0009FE50CF7FFEB0700A0E19D
S31580E22160360000EA0600A0E10A10A0E1DC209FE545
S31580E221700030A0E3883400EB008098E20180A0136F
S31580E22180000050E30800A01101008803000050E33C
S31580E22190CBFFFF0A043CA0E1FF2C04E2243C83E16E
S31580E221A0023483E1FF4804E2244483E128708DE22D
S31580E221B00480A0E3144027E50600A0E100808DE5D7
S31580E221C00A10A0E184209FE50730A0E1433700EBC7
S31580E221D0004050E2050000AA8F3800EB0010A0E133
S31580E221E06C009FE5E9F6FFEB0400A0E1130000EA4C
S31580E221F0053CA0E1FF2C05E2253C83E1023483E144
S31580E22200FF5805E2255483E10A10A0E100808DE5BE
S31580E222100600A0E13C209FE50730A0E114508DE561
S31580E222202E3700EB00A050E2A5FFFFAA7A3800EB3A
S31580E222300010A0E120009FE5D4F6FFEB0A00A0E1C2
S31580E2224028D08DE2F08DBDE84EF1E38056F1E38051
S31580E2225066F1E38079F1E380A8F1E380B9F1E38086
S31580E22260F3412DE90070A0E10150A0E1F53100EBE8
S31580E22270004050E2030000AA673800EB0010A0E1BC
S31580E22280CC009FE52E0000EA0700A0E1C4109FE59E
S31580E22290623400EB006050E20B0000AA0700A0E186
S31580E222A00010A0E3B0209FE59F3700EB006050E28C
S31580E222B0050000AA583800EB0010A0E19C009FE5DB
S31580E222C0B2F6FFEB0600A0E11F0000EA90009FE570
S31580E222D0CFEDFFEB008050E21A00000A0700A0E192
S31580E222E00610A0E178209FE50030A0E32A3400EBD7
S31580E222F0005095E20150A013000050E30500A011C2
S31580E2230001008503000050E30E00000A0800A0E108
S31580E22310FA3F00EB0610A0E144209FE50830A0E1F9
S31580E22320010080E200008DE50700A0E1EB3600EBDC
S31580E22330004050E2030000AA373800EB0010A0E12B
S31580E2234020009FE591F6FFEB0400A0E108D08DE244
S31580E22350F081BDE8E6F1E3804EF1E3804FF1E38080
S31580E22360F6F1E38024A8E3801DF2E380F04D2DE9C7
S31580E22370010053E340D04DE21C108DE520208DE52F
S31580E223800380A0E1060000DA0320A0E104029FE5D3
S31580E2239004129FE50130A0E37CF6FFEB0000E0E368
S31580E223A07A0000EA0040A0E1A63100EB005050E25C
S31580E223B0040000AA183800EBDC119FE50020A0E1BA
S31580E223C0D8019FE51C0000EA0400A0E1D0119FE558
S31580E223D0123400EB00B050E20A0000AA0400A0E149
S31580E223E00010A0E3BC219FE54F3700EB004050E2AE
S31580E223F0650000AA083800EB0010A0E1A8019FE57D
S31580E2240062F6FFEB600000EA0730A0E300308DE57C
S31580E224100400A0E10B10A0E190219FE584319FE5C5
S31580E22420AE3600EB005050E2060000AAFA3700EB27
S31580E2243078119FE50020A0E174019FE553F6FFEB5A
S31580E224400500A0E1510000EA68119FE50400A0E1E1
S31580E22450F4FEFFEB60119FE50060A0E10400A0E1DD
S31580E22460F0FEFFEB013046E28331A0E114308DE5E8
S31580E22470013040E28331A0E118308DE50030A0E3FF
S31580E22480062080E000A0A0E10350A0E124208DE5B3
S31580E22490080053E12E0000AA30308DE205C083E0C9
S31580E224A01C309DE50C70A0E1D020C3E1F820CDE19F
S31580E224B014309DE5062067E002208CE0000052E3BE
S31580E224C0090000DA0320A0E1D800CDE12CC08DE539
S31580E224D028308DE50D5000EB28309DE52CC09DE53A
S31580E224E0083043E20100C7E4F1FFFFEA30308DE2D3
S31580E224F0067085E0077083E020309DE518C09DE593
S31580E22500D020C3E1F820CDE10730A0E10A2063E0E4
S31580E22510022087E0000052E3090000DA0C20A0E105
S31580E22520D800CDE12C308DE528C08DE5F74F00EB64
S31580E225302C309DE528C09DE508C04CE20100C3E44D
S31580E22540F1FFFFEA24309DE5055083E00130A0E308
S31580E22550CEFFFFEA0400A0E100508DE50B10A0E17A
S31580E2256058209FE530308DE25C3600EB004050E249
S31580E225700000A0A3050000AAA73700EB3C109FE568
S31580E225800020A0E128009FE500F6FFEB0400A0E131
S31580E2259040D08DE2F08DBDE86BF2E380CB97E380AD
S31580E225A03DD1E380C1F2E38090C2E380C9F2E38069
S31580E225B0F1F2E380FDF2E38033F1E38042F1E380FE
S31580E225C01CF3E38007402DE908108DE2F82061E1F3
S31580E225D010208DE20130A0E363FFFFEB0CD08DE2A9
S31580E225E004F09DE4F0412DE9005050E218D04DE22E
S31580E225F00500A0013C00000A7C3200EB0040A0E32B
S31580E226000560A0E10070A0E30080A0E1080054E14B
S31580E226100E0000AA08208DE210308DE20500A0E1CE
S31580E226200410A0E13F3200EBD820CDE1070053E170
S31580E22630060052010300001A0500A0E10410A0E1A1
S31580E226400A3600EB010000EA014084E2EEFFFFEA8F
S31580E226500CE095E520C095E52E1CA0E1FF280EE270
S31580E226600E1C81E1FF3C0EE2221481E1032481E12A
S31580E226702C1CA0E1FF380CE20C1C81E1231481E1E1
S31580E22680FF3C0CE2033481E1033082E0054AA0E1BB
S31580E22690413D83E2244AA0E10F3083E2043083E0C5
S31580E226A0FF3EC3E30F30C3E3034064E0043CA0E1B2
S31580E226B0FF2C04E2243C83E1023483E1FF2804E236
S31580E226C0223483E1043085E50420A0E10030A0E3F2
S31580E226D0F020CDE10500A0E10620A0E10730A0E1EF
S31580E226E0A73500EB000050E30400A0A118D08DE2EC
S31580E226F0F081BDE83C309FE53C209FE5081093E5FC
S31580E22700020051E10900000A0C2093E5020050E143
S31580E227100600003A001093E5012082E0012042E2C1
S31580E22720020050E10300A0910000A0831EFF2FE18A
S31580E227300000A0E31EFF2FE1DCEF0A81FFFF00002D
S31580E22740F34D2DE9017042E200A0A0E10100A0E193
S31580E227500250A0E1017087E00160A0E1E4FFFFEBB7
S31580E227600040A0E10700A0E1E1FFFFEB000055E3B6
S31580E227700100001A0000A0E3430000EA000054E3EF
S31580E22780000050130080A0E10430A0113B00000A53
S31580E22790080053E13200008A001093E50C2093E5AD
S31580E227A0B4E0D3E1022081E001104EE20118A0E11B
S31580E227B004208DE50CC083E20020A0E34118A0E16D
S31580E227C00E0052E1110000AA010052E104009C15BC
S31580E227D004009D0504B09CE4000056E10100A033AC
S31580E227E00000A0230B0057E10000A033000050E375
S31580E227F00400000A020982E20C0080E20000D3E7CC
S31580E22800000050E31F00001A012082E2EBFFFFEA9C
S31580E228100A3A83E22C3083E2DCFFFFEA003094E579
S31580E228200C7094E50400A0E1077083E0077066E02F
S31580E22830050057E10570A0210A10A0E10620A0E17B
S31580E228400730A0E1F44C00EB000050E30E00001AE2
S31580E228500A4A84E2055067E0076086E007A08AE0DC
S31580E228602C4084E2003095E20130A013080054E166
S31580E228700030A083000053E3E7FFFF1ABCFFFFEAC4
S31580E228800800A0E3000000EA0400A0E308D08DE29D
S31580E22890F08DBDE8080050E30030A0E11F00000A99
S31580E228A00B0000CA010050E31800000A020000CAC9
S31580E228B0000050E31EFF2F01200000EA020050E3F1
S31580E228C01400000A040050E380009F051200000A0B
S31580E228D01A0000EA400050E31400000A050000CA2C
S31580E228E0100050E30F00000A200050E360009F05CD
S31580E228F00900000A110000EA800050E30D00000A98
S31580E22900010C50E34C009F050300000A0B0000EA2D
S31580E2291044009FE5000000EA40009FE50FF5FFEAEC
S31580E229203C009FE5FCFFFFEA38009FE5FAFFFFEAFD
S31580E2293034009FE5F8FFFFEA30009FE5F6FFFFEA05
S31580E229402C009FE52C109FE5DF20A0E30FF5FFEA40
S31580E2295010F5E38082F5E380D3F5E380E4F4E38067
S31580E22960FEF4E38038F5E38051F5E3809BF5E3807E
S31580E22970B2F5E380EEF5E38003F6E38010402DE9DD
S31580E229800040A0E114009FE5F4F4FFEB0400A0E12F
S31580E22990F2F4FFEB08009FE51040BDE8EFF4FFEAB2
S31580E229A00BF6E38013F6E380F0402DE90070A0E1B8
S31580E229B01CD04DE20100A0E10150A0E1213000EB04
S31580E229C0004050E21600001A0500A0E1873100EBD4
S31580E229D00060A0E1060054E1110000AA0500A0E132
S31580E229E00410A0E108208DE210308DE24D3100EB3B
S31580E229F0000050E30800001AD021CDE128009FE5CF
S31580E22A00F020CDE1D820CDE1E0F4FFEB0700A0E1B4
S31580E22A1008109DE510209DE5433D00EB014084E2F0
S31580E22A20EBFFFFEA1CD08DE2F080BDE838F6E3806A
S31580E22A30F34D2DE9004092E5006091E5000054E314
S31580E22A405300000A0070A0E10600A0E10280A0E146
S31580E22A5001A0A0E1FB2F00EB004050E23C019F1574
S31580E22A604100001A38019FE500B098E5E8EBFFEBFC
S31580E22A70035A8BE2000050E31700000A0410A0E13B
S31580E22A801020A0E3D74100EB0030A0E1010073E320
S31580E22A900700A0E10500001A0610A0E10520A0E1EA
S31580E22AA0213D00EB000056E31A00001A160000EA08
S31580E22AB0000053E30510A0E1012AA0E30400000A26
S31580E22AC0733D00EB007050E2D8009F051900001AB2
S31580E22AD00E0000EA7B3D00EB080000EAC00100EB55
S31580E22AE004008DE59B0100EB04309DE50510A0E135
S31580E22AF0012AA0E3033080E00700A0E1643D00EB19
S31580E22B00000050E30070A0E10A00001A98009FE5F9
S31580E22B1092F4FFEB150000EA053CA0E1FF2C05E20A
S31580E22B20253C83E1023483E1FF2805E2223483E116
S31580E22B30043086E5120000EABF2D8BE23F2082E276
S31580E22B400710A0E1022087E060009FE58FF4FFEBAB
S31580E22B500600A0E10710A0E10520A0E19B3500EB8D
S31580E22B60000050E30300000A44009FE582FFFFEB8A
S31580E22B700140A0E3060000EA38009FE577F4FFEB28
S31580E22B800760A0E100608AE50600A0E1005088E5E2
S31580E22B9075D7FFEB0400A0E108D08DE2F08DBDE8A9
S31580E22BA06DF6E38080F6E38089F6E380B5F6E3802E
S31580E22BB0D5F6E380FFF6E3803CE8E380F3412DE956
S31580E22BC020408DE2D00094E80030A0E3020051E399
S31580E22BD0003086E5003087E5020000DA080092E5FB
S31580E22BE0030050E10400001A0400A0E13A0200EB7F
S31580E22BF0005050E24B00000A0000A0E30010A0E380
S31580E22C001020A0E3774100EB320200EB0040A0E126
S31580E22C101D0200EB010050E30400000A020050E3CB
S31580E22C206500000A1C029FE54CF4FFEB6D0000EAAA
S31580E22C300410A0E110029FE554F4FFEB0400A0E14A
S31580E22C40A50100EB04029FE544F4FFEB0400A0E15A
S31580E22C50DF0000EB000050E3F4019F052F00000A3D
S31580E22C600400A0E1F20000EB000050E3E4019F05DE
S31580E22C702A00000AE0019FE538F4FFEB1E30D4E536
S31580E22C80080053E3D4019F152400001A1F30D4E5CF
S31580E22C90000053E3C8019F152000001A408084E2B9
S31580E22CA00800A0E1672F00EB000050E3B4019F1516
S31580E22CB01A00001A103094E50C1094E5035CA0E14A
S31580E22CC0235C85E1FF2C03E2025485E1FF3803E2CF
S31580E22CD0235485E1040055E1080055113600000AC7
S31580E22CE0212CA0E1FF3C01E2012C82E1032482E176
S31580E22CF0FF3801E2233482E1052083E0040052E1D9
S31580E22D00083083E00020A0930120A083030055E1F0
S31580E22D100020A023000052E33700000A48019FE525
S31580E22D2015FFFFEB2F0000EA443094E5000053E301
S31580E22D304100000A2230D4E5040053E33E00001A43
S31580E22D40001094E524019FE510F4FFEB04308DE258
S31580E22D50000094E50210A0E30D20A0E1D30000EB91
S31580E22D6004309DE5000053E33300000A00409DE510
S31580E22D70FC009FE50410A0E104F4FFEB0400A0E16F
S31580E22D80302F00EB000050E3E8009F15E3FFFF1AC7
S31580E22D90041094E5212CA0E1FF3801E2012C82E1C6
S31580E22DA0232482E1FF3C01E2033482E104209DE5B3
S31580E22DB0020053E1C0009F15D8FFFF1A041094E584
S31580E22DC0004086E5212CA0E1FF3801E2012C82E178
S31580E22DD0232482E1FF3C01E2033482E1003087E58D
S31580E22DE00050A0E3140000EA0030A0E3003086E55C
S31580E22DF00150A0E3003087E50F0000EA0810A0E169
S31580E22E000520A0E174009FE5E0F3FFEB0C3094E54A
S31580E22E100500A0E1032CA0E1FF1C03E2232C82E162
S31580E22E20012482E1FF3803E20810A0E1232482E153
S31580E22E30C73D00EB0540A0E1DFFFFFEA0500A0E128
S31580E22E4008D08DE2F081BDE8EFF7E3800FF7E3800B
S31580E22E5015BFE38044F7E38060F7E3803CE8E380F4
S31580E22E6075F7E38089F7E3809EF7E380B7F7E3803F
S31580E22E7024F8E38062F8E3806DF6E38084F8E38009
S31580E22E80C7F7E3800100A0E31EFF2FE170402DE942
S31580E22E900060A0E10140A0E10100A0E10110A0E311
S31580E22EA00350A0E1EDFCFFEB000050E3090000AA2D
S31580E22EB0D0109FE5D0209FE5D0009FE5B3F3FFEBEE
S31580E22EC0CC009FE5A5F3FFEBC8009FE5A3F3FFEBFC
S31580E22ED00000E0E37080BDE8043094E50500A0E1FF
S31580E22EE0232CA0E1FF1803E2032C82E1212482E174
S31580E22EF0FF3C03E2032482E10410A0E1C93B00EB3C
S31580E22F000400A0E1B6FDFFEB002050E21B0000BA10
S31580E22F10743096E5000053E30A00000A783096E5BD
S31580E22F20000053E30700000A802082E2021CA0E14F
S31580E22F30FF3C02E2221C81E1031481E1FF3802E2D6
S31580E22F40231481E1041084E50410A0E10500A0E1E8
S31580E22F50F53B00EB741096E5782096E50130A0E328
S31580E22F600400A0E143FCFFEB0400A0E1C4FFFFEB19
S31580E22F70000050E30000A0130000E0037080BDE88B
S31580E22F800200A0E17080BDE8D498E380D20100001F
S31580E22F909BF8E380BDF8E38013F6E380000052E31A
S31580E22FA008402DE90100000A020052E30500001AFA
S31580E22FB00100A0E11020A0E30010A0E3894000EB2D
S31580E22FC008309FE5000083E50000A0E30880BDE8C5
S31580E22FD06C4FE48010402DE90040A0E140D04DE204
S31580E22FE00410A0E10D00A0E14020A0E3583D00EBF3
S31580E22FF00D10A0E10000A0E34020A0E304008DE5EF
S31580E23000623500EB041094E5012CA0E1FF3C01E27D
S31580E23010212C82E1032482E1FF3801E2233482E13A
S31580E23020000063E0100F6FE1A002A0E140D08DE2E4
S31580E230301080BDE80C3090E510402DE9032CA0E12C
S31580E23040FF1C03E2232C82E10040A0E1012482E11D
S31580E23050FF3803E2401084E2232482E10000A0E309
S31580E230600138A0E34E3500EB181094E5012CA0E17F
S31580E23070FF3C01E2212C82E1032482E1FF3801E276
S31580E23080233482E1000063E0100F6FE1A002A0E149
S31580E230901080BDE83C3080E20000A0E30420B3E586
S31580E230A0000052E301008012FBFFFF1A1EFF2FE1B0
S31580E230B0F8402DE90370A0E10160A0E10250A0E1B1
S31580E230C00040A0E1F2FFFFEB000056E10030A023D2
S31580E230D00030872500308525F880BD2840E084E2EF
S31580E230E006119EE7012CA0E1FFCC01E2212C82E1D0
S31580E230F00C2482E1FFC801E22CC482E13C2084E216
S31580E23100064184E03C4084E20010A0E300C087E50B
S31580E23110040052E10A00000A0460B2E506CCA0E1AE
S31580E23120FF3C06E226CC8CE103C48CE1FF3806E262
S31580E2313023348CE1033083E20330C3E3031081E07E
S31580E23140F2FFFFEA010080E200E18EE001E08EE03C
S31580E2315000E085E5F880BDE808402DE920009FE59E
S31580E231602BEAFFEB000050E30300000A0010A0E325
S31580E231701020A0E30840BDE81A4000EA0201A0E37D
S31580E231800880BDE8DFF8E38010402DE948009FE53E
S31580E231901FEAFFEB004050E20300000A1020A0E3A2
S31580E231A00010A0E3654000EB1080BDE82C009FE5AF
S31580E231B017EAFFEB003050E20300A0010200000AAA
S31580E231C00410A0E11020A0E35C4000EB003099E51A
S31580E231D01C3093E5030060E01080BDE8E9F8E38007
S31580E231E0DFF8E38008402DE920009FE508EAFFEB5F
S31580E231F0000050E30300000A1020A0E30010A0E3E1
S31580E232004E4000EB0880BDE80840BDE8DDFFFFEAFE
S31580E23210F4F8E380000051E11EFF2F01CC3C00EA86
S31580E2322010402DE90040A0E10410A0E114009FE5E2
S31580E23230D6F2FFEB0400A0E10010A0E308209FE5B0
S31580E232401040BDE8D73400EA02F9E380EC26E48058
S31580E23250003090E5000053E3050000BA020053E136
S31580E232600100001A080090E51EFF2FE10C0080E2C3
S31580E23270F6FFFFEA0100A0E11EFF2FE10020A0E1B8
S31580E2328004109FE504009FE5F0FFFFEA0EF9E38074
S31580E232900895E3800020A0E104109FE504009FE505
S31580E232A0EAFFFFEA19F9E380B893E3800020A0E120
S31580E232B004109FE504009FE5E4FFFFEA2EF9E38030
S31580E232C06895E3800020A0E104109FE504009FE575
S31580E232D0DEFFFFEA3CF9E380C094E380F0402DE92B
S31580E232E02020A0E30040A0E114D04DE2023084E049
S31580E232F06C119FE56C019FE5A4F2FFEB60119FE5FF
S31580E2330064019FE5A1F2FFEB1C00D4E5DAFFFFEB57
S31580E233100060A0E11D00D4E5DDFFFFEB0070A0E1D7
S31580E233201E00D4E5E0FFFFEB0050A0E11F00D4E5EC
S31580E23330E3FFFFEB0620A0E10530A0E10710A0E164
S31580E2334000008DE524019FE590F2FFEB10119FE5E9
S31580E233501C019FE58DF2FFEB0C3094E5030CA0E1B6
S31580E23360FF2C03E2230C80E1020480E1FF3803E2D2
S31580E23370230480E1A9FFFFEB103094E5F4009FE59A
S31580E23380032CA0E1FF1C03E2232C82E1012482E1EB
S31580E23390FF3803E2232482E1C4109FE57BF2FFEB50
S31580E233A0143094E5D0009FE5032CA0E1FF1C03E2F4
S31580E233B0232C82E1012482E1FF3803E2232482E1A5
S31580E233C09C109FE571F2FFEB1E30D4E5FD3003E2FF
S31580E233D0040053E32000001A0400A0E12CFFFFEB77
S31580E233E07C109FE50050A0E30060A0E18C009FE5A1
S31580E233F066F2FFEB060055E11700000A0C308DE21B
S31580E234000400A0E10510A0E108208DE227FFFFEB92
S31580E234100520A0E148109FE564009FE55BF2FFEBA3
S31580E234200C009DE57DFFFFEB1E20D4E5003095E2A2
S31580E234300130A013060052E30030A013000053E3EC
S31580E234400300000A3C009FE514109FE508209DE5F5
S31580E234504EF2FFEB015085E2E5FFFFEA14D08DE202
S31580E23460F080BDE8BD35E48050F9E38066F9E3801B
S31580E2347077F9E38086F9E38097F9E380ADF9E38033
S31580E23480C3F9E380D0F9E380E0F9E380001090E5C8
S31580E2349008402DE9012CA0E1FF3C01E2212C82E1EA
S31580E234A0032482E1FF3801E2233482E120209FE592
S31580E234B0020053E10400000A622D00EB000050E3B3
S31580E234C00200A0030000A0130880BDE80100A0E38B
S31580E234D00880BDE8561905271EFF2FE10000A0E30C
S31580E234E01EFF2FE1F7452DE928609DE52C709DE5CD
S31580E234F00040A0E3010050E3004086E502A0A0E19F
S31580E23500004087E50B0000DA045091E5040055E1BE
S31580E235100800000A0500A0E1FC119FE50380A0E116
S31580E23520503B00EB000050E300008D0504008D0562
S31580E235301000000A170000EA44309AE5000053E3DF
S31580E235406200000A2230DAE5040053E35F00001AE3
S31580E235500D00A0E3060200EB00109AE5BC019FE5B0
S31580E235600AF2FFEB00009AE50110A0E30D20A0E14C
S31580E2357004308DE2CDFEFFEB00409DE5000054E392
S31580E2358004309D150040861504408310004087155F
S31580E235900040A0135D0000EA0410A0E10500A0E16E
S31580E235A01020A0E30F3F00EB0050A0E1B6FFFFEB57
S31580E235B0010050E30040A0E14000001A0510A0E1BE
S31580E235C05C019FE5F1F1FFEB0900A0E3E80100EB86
S31580E235D0001095E588A09AE5013CA0E1FF2C01E286
S31580E235E0213C83E1023483E1FF2801E2222483E164
S31580E235F030319FE5030052E10300000A28019FE58E
S31580E23600D6F1FFEB0900E0E3060000EA0500A0E15F
S31580E236106FFEFFEB000050E30400001A0C019FE509
S31580E23620CEF1FFEB0A00E0E3D10100EB370000EADE
S31580E236300A00A0E3CE0100EB0500A0E126FFFFEB46
S31580E2364000005AE30B00000AE4009FE5C3F1FFEBBA
S31580E236500500A0E176FEFFEB000050E30300001ACE
S31580E23660D0009FE5BDF1FFEB0B00E0E3EDFFFFEA63
S31580E23670C4009FE5B9F1FFEB0B00A0E3BC0100EBD0
S31580E236801C30D5E5050053E30500001A1D30D5E56B
S31580E23690080053E10200001A1E30D5E5030053E329
S31580E236A01000000A0800A0E1F9FEFFEB0010A0E19D
S31580E236B088009FE5B5F1FFEB0C00E0E3D9FFFFEA76
S31580E236C07C009FE5A5F1FFEB0140A0E30F0000EA55
S31580E236D00E00A0E3A60100EB0030A0E300308DE50A
S31580E236E004308DE5A3FFFFEA0C1095E5403085E2D4
S31580E236F0012CA0E100308DE5212C82E1FF3C01E244
S31580E23700032482E1FF3801E2233482E1F3FFFFEA18
S31580E237100400A0E10CD08DE2F085BDE8F8F9E38003
S31580E2372069FAE380FAF9E38056190527EEBEE3806B
S31580E2373000BFE38015BFE38030BFE3803CE8E380EF
S31580E2374032FAE3804DFAE380F0412DE90080A0E190
S31580E2375010019FE50150A0E10260A0E10340A0E1F3
S31580E2376018709DE5AAE8FFEB000050E32900000A05
S31580E237700010A0E31020A0E39A3E00EB010070E384
S31580E237800030A0E11A00001A000055E31A00000A90
S31580E23790063085E0005084E50800A0E1003087E548
S31580E237A00510A0E10620A0E1DF3900EB0E0000EA79
S31580E237B00C00A0E36E0100EB002094E5A8009FE5F3
S31580E237C0022086E0002087E5001094E56FF1FFEBAA
S31580E237D0000094E50510A0E10620A0E10138A0E30F
S31580E237E08BFEFFEB84009FE55CF1FFEB0000A0E33C
S31580E237F0F081BDE8000055E30300001A0000A0E373
S31580E23800000084E5000087E5F081BDE8000053E32F
S31580E238100800000A020000EA000055E3F6FFFF0A0C
S31580E238200030E0E30800A0E10610A0E1012AA0E36F
S31580E23830173A00EB030000EA0800A0E10610A0E1D7
S31580E23840012AA0E31F3A00EB000084E5003094E50C
S31580E23850000053E3D5FFFF1A14009FE53FF1FFEB2B
S31580E238600000E0E3F081BDE8B1FAE380D9FAE380D3
S31580E238703CE8E380BDFAE38030402DE90040A0E1F8
S31580E23880905080E214D04DE2703090E56C1094E571
S31580E238900500A0E10C308DE542FCFFEB682094E563
S31580E238A0641094E5783084E200308DE50500A0E18D
S31580E238B0022061E0743084E2A2FFFFEB000050E375
S31580E238C00D00001A0500A0E16C1084E20C208DE266
S31580E238D056FCFFEB000050E30700001A0C209DE542
S31580E238E0000052E30200A0010300000A0400A0E106
S31580E238F06C1094E50530A0E163FDFFEB14D08DE218
S31580E239003080BDE838209FE50E10D2E5B030D2E1B6
S31580E23910050051E3833083000400000A1331A0E1FD
S31580E23920071083E2000053E30130A0B1C331A0E186
S31580E23930003080E5B230D2E1000090E5930000E00D
S31580E239401EFF2FE1F458E48030309FE50030D3E566
S31580E23950000053E31EFF2F0124309FE513402DE93B
S31580E2396004008DE2004093E5E5FFFFEB001084E082
S31580E239700400A0E13676FFEB08D08DE21080BDE848
S31580E23980916DE480786DE48030402DE920019FE5F9
S31580E2399044D04DE21010A0E318219FE50940A0E152
S31580E239A048E8FFEB1C0084E51C3099E5000053E310
S31580E239B00300001A00019FE5F4F0FFEB0040E0E32C
S31580E239C0380000EA0208A0E3D7F2FFEB0050A0E15C
S31580E239D0F64900EB010070E30040A0E10200001A24
S31580E239E0D8009FE5E9F0FFEB2E0000EA0030D5E54E
S31580E239F0FF0053E30700001A0130D5E5D80053E310
S31580E23A000400001A1C2099E50500A0E10218A0E353
S31580E23A108878FFEB050000EA1C0099E50010A0E338
S31580E23A209C209FE5983A00EB98009FE5D7F0FFEB64
S31580E23A300500A0E12FF2FFEB8C509FE51C4099E553
S31580E23A40004085E50400A0E1912100EB7C009FE542
S31580E23A501C2099E50930A0E1020054E11C30991559
S31580E23A6000308515A6FFFFEB64309FE50150A0E3A9
S31580E23A700050C3E5BE2400EB58309FE50040A0E34A
S31580E23A80B040C3E150309FE50410A0E104008DE22E
S31580E23A903C20A0E3B050C3E17B3A00EB0C008DE220
S31580E23AA038109FE5E03900EB0400A0E144D08DE2D6
S31580E23AB03080BDE88FE3E3800020D08392FEE3800E
S31580E23AC0B2FEE38000201C00CCFEE380786DE480C9
S31580E23AD0886DE480906DE480746DE4807C6DE48032
S31580E23AE0E6FEE38038402DE954309FE50040A0E3CE
S31580E23AF0004083E54C309FE54C109FE5001083E55E
S31580E23B0048209FE548309FE548509FE5B230D3E1B3
S31580E23B10002092E5000095E5930202E05A3A00EB36
S31580E23B2034309FE5002095E5002083E52C309FE543
S31580E23B30B040C3E128309FE5B040C3E13840BDE8FC
S31580E23B4080FFFFEA846DE4808C6DE480FFFF0000F5
S31580E23B50886DE480F458E480786DE480806DE4805A
S31580E23B60746DE4807C6DE48008402DE9DCFFFFEB38
S31580E23B700000A0E30880BDE837402DE90050A0E1CF
S31580E23B8004008DE25EFFFFEBFF3EC5E30F30C3E349
S31580E23B90FF0E80E20F4080E2FF4EC4E30F40C4E3B3
S31580E23BA010009FE5034064E078F0FFEB0400A0E1BB
S31580E23BB00CD08DE23080BDE8EAFEE380F0412DE96B
S31580E23BC00370A0E1013051E50240A0E1090053E330
S31580E23BD018809DE5016041E20050A0011E00001AB6
S31580E23BE0003094E5080053E1050000DA90009FE595
S31580E23BF05AF0FFEB003094E5013043E2003084E591
S31580E23C00F6FFFFEA7C809FE5060055E10530A0E1FC
S31580E23C101600002A0030D3E5015085E2090053E31D
S31580E23C20002094E50700001A070002E2000088E01F
S31580E23C304AF0FFEB003094E50730C3E3083083E2D5
S31580E23C40003084E5EFFFFFEA012082E2002084E58E
S31580E23C50010055E535F0FFEBEAFFFFEA20009FE53C
S31580E23C603EF0FFEB003094E5013043E2003084E53C
S31580E23C70003097E50600A0E1013043E2003087E5B7
S31580E23C80F081BDE8A7A6E380E037E480F8402DE93D
S31580E23C90000051E30250A0E10070A0E118609DE5CA
S31580E23CA01C209DE5004093E50200001A000095E5A0
S31580E23CB0040050E12200001A012042E2020054E1AF
S31580E23CC00200009A0700A0E3F840BDE817F0FFEA99
S31580E23CD0014084E2000051E3004083E51800000AD7
S31580E23CE0001095E5044061E0010054E30400009A87
S31580E23CF0010081E2000086E0011086E0012044E2D4
S31580E23D00133A00EB003095E560009FE50370C6E765
S31580E23D10002095E50410A0E1022086E01BF0FFEB8F
S31580E23D20003095E5013083E2003085E5014054E2DA
S31580E23D300200000A0800A0E3FCEFFFEBFAFFFFEACD
S31580E23D40F880BDE8003095E520009FE50370C6E780
S31580E23D50002095E50110A0E3022086E00BF0FFEB60
S31580E23D60003095E5013083E2003085E5F880BDE8F4
S31580E23D7014FFE3801EFF2FE1043099E5F04D2DE933
S31580E23D80013013E228D04DE20080A0E10140A0E1BB
S31580E23D900C208DE5D101000A48299FE5003092E5A5
S31580E23DA00200A0E1000053E31400001A38299FE5DF
S31580E23DB00010E0E3003082E530299FE530E99FE5B7
S31580E23DC0003082E52C299FE503C0A0E1001082E560
S31580E23DD024299FE5003082E520299FE5831483E04C
S31580E23DE0015082E003518EE7013083E2140053E30F
S31580E23DF002C0C1E7F8FFFF1A0130A0E3003080E598
S31580E23E00000058E30100000A0800A0E1D3EFFFEBCF
S31580E23E100030A0E30400A0E110308DE514308DE59A
S31580E23E20363900EB000050E3005084100460A011A4
S31580E23E300400001A0170A0E30050A0E307B0A0E1FD
S31580E23E40B0A89FE5290000EA050056E1F8FFFF0ADF
S31580E23E50023CA0E30100D6E40110A0E304308DE544
S31580E23E6000408DE510208DE214308DE286FFFFEB77
S31580E23E70F4FFFFEAA4EFFFEB000050E32800000A1C
S31580E23E800070A0E397EFFFEBFF0000E20A0050E349
S31580E23E900D0050130160A0030060A0132600000A03
S31580E23EA0000055E34100001A0B0050E3BA00000A15
S31580E23EB07500008A040050E39E00000A6600009ABC
S31580E23EC0060050E36A00001A10309DE514209DE555
S31580E23ED0020053E10400002A0300D4E793EFFFEBEC
S31580E23EE010309DE5013083E210308DE50050A0E38D
S31580E23EF00C309DE5000053E30030A0030130071249
S31580E23F00000053E3DEFFFF0A2771FFEBF0379FE500
S31580E23F100C209DE59302E1E00060A0E10170A0E162
S31580E23F20D3FFFFEA2071FFEB070051E10600500163
S31580E23F30CFFFFF3A0100E0E3E80100EA0A00A0E3EE
S31580E23F407AEFFFEB14509DE50030A0E30530C4E73D
S31580E23F500030D4E594679FE5210053E300005313D4
S31580E23F605901000A002096E584379FE50410A0E116
S31580E23F70020193E7AC3800EB003096E568279FE5CF
S31580E23F80013083E2001092E5130053E30030A0C3D0
S31580E23F90010053E1003082C55C279FE5003086E56B
S31580E23FA0003092E5013083E2003082E5460100EAA4
S31580E23FB0010055E30C00001A5B0050E32100CD05B9
S31580E23FC00250A003C9FFFF0A023CA0E304308DE55C
S31580E23FD02000DDE500408DE50B10A0E110208DE2AA
S31580E23FE014308DE228FFFFEBBFFFFFEA413040E26B
S31580E23FF0070053E303F19F97070000EADC42E28081
S31580E240002043E280C83EE2801841E2801C40E280A2
S31580E240101C40E2801C40E280EC40E28028308DE267
S31580E24020016085E2055083E0080045E520508DE297
S31580E24030016056E2ACFFFF3A023CA0E30100D5E420
S31580E240400B10A0E104308DE500408DE510208DE275
S31580E2405014308DE20CFFFFEBF4FFFFEA020050E33F
S31580E240602C00000A2900008A010050E30E01001AA2
S31580E240701D0000EA5900003A080050E37A00000A7F
S31580E24080090050E3E900000A070100EA150050E35F
S31580E240905D00000A0700008A0F0050E301B02B02A0
S31580E240A092FFFF0A100050E38B00000A0E0050E3F5
S31580E240B0FD00001A990000EA1B0050E32000CD05BE
S31580E240C00150A00389FFFF0A0200008A180050E32C
S31580E240D04D00000AF40000EA7F0050E36200000A25
S31580E240E0FF0050E36000000AEF0000EA10509DE511
S31580E240F0000055E37DFFFF0A0800A0E30BEFFFEB2C
S31580E2410010309DE5013043E210308DE5F6FFFFEA9F
S31580E241100050C4E51B0100EA10509DE5000055E31E
S31580E2412072FFFF0A0800A0E300EFFFEB10309DE587
S31580E24130013043E26BFFFFEA10009DE514609DE5E6
S31580E24140060050E169FFFF2A016046E2006056E020
S31580E241500900000A011080E2011084E00620A0E155
S31580E24160000084E0FA3800EB10209DE594059FE597
S31580E241700610A0E1022084E004EFFFEB2000A0E33A
S31580E24180EAEEFFEB0800A0E3E8EEFFEB000056E381
S31580E24190016046E2FAFFFF1A4C0000EA10309DE524
S31580E241A014109DE5010053E150FFFF2A58059FE573
S31580E241B0011063E054259FE5F4EEFFEB0800A0E3EF
S31580E241C0DAEEFFEB14309DE510209DE5013043E207
S31580E241D0020053E114308DE5F7FFFF8A43FFFFEAE1
S31580E241E010209DE514109DE5010052E13FFFFF2A74
S31580E241F0011062E00C059FE5022084E0E3EEFFEB2E
S31580E2420014309DE510308DE538FFFFEA10309DE5EC
S31580E24210000053E30500000A0800A0E3C3EEFFEBCB
S31580E2422010309DE5013043E210308DE5F6FFFFEA7E
S31580E2423014109DE5000051E32CFFFF0AC8049FE5B8
S31580E24240C8249FE5D1EEFFEB0800A0E3B7EEFFEBD3
S31580E2425014309DE510209DE5013043E2020053E1F2
S31580E2426014308DE5F7FFFF8A20FFFFEA10109DE507
S31580E24270000051E31DFFFF0A14609DE5010041E263
S31580E24280066061E00620A0E1011084E010008DE581
S31580E24290000084E0AE3800EB0800A0E3A3EEFFEB7B
S31580E242A010209DE55C049FE50610A0E1022084E0F3
S31580E242B0B6EEFFEB2000A0E39CEEFFEB0800A0E366
S31580E242C09AEEFFEB000056E3016046E2FAFFFF1A40
S31580E242D014309DE5013043E2710000EA00209AE560
S31580E242E0000052E3260000BA013042E2010073E3A5
S31580E242F000308AE5F0339F05F0139FE500309305A1
S31580E2430000308A05EC339FE5001091E5003093E5B5
S31580E24310010053E100208A051200001A180000EA23
S31580E2432000309AE5000053E3150000BABC239FE50E
S31580E24330002092E5020053E11100000AA8139FE5EE
S31580E24340013083E2001091E500308AE5010053E115
S31580E243500030A0C300308AC598339FE5003093E5EC
S31580E24360020053E10400000A84239FE5035192E7A9
S31580E24370000055E30500001A010000EA8C539FE530
S31580E24380020000EA0700A0E368EEFFEBD6FEFFEA52
S31580E2439010309DE5000053E30500000A0800A0E323
S31580E243A062EEFFEB10309DE5013043E210308DE5A1
S31580E243B0F6FFFFEA14109DE5000051E30F00001AB4
S31580E243C00510A0E10400A0E1973700EB0400A0E12C
S31580E243D0CA3700EB10209DE5000052E10010A0E113
S31580E243E014008DE5C0FEFF2A011062E014039FE50A
S31580E243F0022084E065EEFFEB14309DE5B9FEFFEA2C
S31580E2440004039FE504239FE560EEFFEB0800A0E34B
S31580E2441046EEFFEB14309DE510209DE5013043E248
S31580E24420020053E114308DE5F7FFFF8AE3FFFFEAEE
S31580E2443010309DE514209DE5020053E10200002A3A
S31580E244400700A0E339EEFFEBA8FEFFEA0020A0E337
S31580E244500320C4E70800A0E1A83700EB14309DE50D
S31580E2446028208DE20410A0E1030080E010309DE573
S31580E244701C008DE5103022E50800A0E11C308DE2BB
S31580E244807BECFFEB000050E398FEFF0A10309DE5DF
S31580E2449018109DE510108DE5012063E014309DE54E
S31580E244A0023083E014308DE590FEFFEA023CA0E321
S31580E244B004308DE500408DE50B10A0E110208DE201
S31580E244C014308DE2F0FDFFEB88FEFFEA24329FE5B1
S31580E244D0002096E5002083E50500A0E17F0000EA62
S31580E244E0000050E31C308DE50070A0010300000A55
S31580E244F0823700EB0070A0E10800A0E117EEFFEB47
S31580E245000CA29FE50450A0E120708DE5F5EDFFEB6E
S31580E24510FF6000E20A0056E31200000A060000CAC3
S31580E24520030056E31500000A080056E33500000A48
S31580E24530000056E3F4FFFF0A3D0000EA150056E369
S31580E245401200000A020000CA0D0056E30500000AC6
S31580E24550370000EA170056E31900000A7F0056E3A7
S31580E245602800000A320000EA0030A0E3A4019FE5B9
S31580E245700030C5E5F9EDFFEB050064E0570000EA9F
S31580E245800030A0E30030C4E50000E0E3530000EA37
S31580E2459020309DE5070053E1050000DA78019FE5CA
S31580E245A0EEEDFFEB20309DE5013043E220308DE5F4
S31580E245B0F6FFFFEA0030A0E31C308DE50450A0E16F
S31580E245C0D1FFFFEA1C309DE5000053E30600000AB6
S31580E245D00510A0E100708DE50400A0E120208DE2C7
S31580E245E01C308DE274FDFFEB0050A0E11C309DE5AE
S31580E245F0000053E3C4FFFFDA0030D5E5200053E341
S31580E24600F2FFFF1AC0FFFFEA1C309DE5000053E38C
S31580E24610BDFFFF0A0510A0E100708DE50400A0E170
S31580E2462020208DE21C308DE263FDFFEB0050A0E19D
S31580E24630B5FFFFEA1C309DE50A0053E1240000CA7B
S31580E24640090056E31400001A0030A0E30030C5E505
S31580E246500800A0E1C4109FE51C208DE220308DE2A7
S31580E2466003ECFFEB000050E31C509D1505508410CF
S31580E24670A5FFFF1A20309DE5A4009FE5073003E2FF
S31580E24680030080E0B5EDFFEB20309DE50730C3E324
S31580E24690083083E220308DE5070000EA20309DE590
S31580E246A018008DE2013083E220308DE50030A0E310
S31580E246B01860CDE51930CDE5A8EDFFEB0060C5E5E4
S31580E246C01C309DE5015085E2013083E21C308DE5A8
S31580E246D08DFFFFEA0700A0E394EDFFEB8AFFFFEA96
S31580E246E028D08DE2F08DBDE80098E480F895E480EC
S31580E246F0FC95E480946DE480704FE4800498E480D5
S31580E24700E46DE480001BB70014FFE38019FFE380C9
S31580E247107C35E480FD010000B517E480A7A6E3803E
S31580E247200898E480E037E48008109FE50020A0E363
S31580E247300020C1E58FFDFFEA0898E48010402DE96C
S31580E2474004E041E20040A0E30020A0E10130D0E4B1
S31580E24750200053E309005313FAFFFF0A000053E3F4
S31580E247600B00000A014084E20420AEE502C0A0E12B
S31580E247700130D2E4000053E30500000A090053E366
S31580E24780200053130130A0130030A003F6FFFF1A76
S31580E24790010000EA043181E7060000EA200054E3E2
S31580E247A001008CE20030CCE5E6FFFF1A0C009FE5C3
S31580E247B00410A0E175EDFFEB0400A0E11080BDE8F6
S31580E247C01DFFE380F04D2DE90130A0E36ADE4DE284
S31580E247D00040A0E10C108DE518308DE5ADEDFFEBE4
S31580E247E0000054E30800000A0030D4E5000053E3F9
S31580E247F00500000A0400A0E1C03600EB020C50E39B
S31580E248000300003AF8029FE554EDFFEB0000E0E397
S31580E24810B90000EAA0008DE20410A0E1823600EB46
S31580E248200080A0E3A0708DE21CA08DE20030D7E587
S31580E24830000053E3AD00000A013047E20020A0E326
S31580E24840013083E20010D3E508308DE5000051E3C4
S31580E248501300000A270051E30200001A010053E523
S31580E248605C0050E301202212030057E13B1041E253
S31580E24870111F6FE1010022E2A112A0E10010A00364
S31580E24880010010E1EDFFFF0A012053E55C0052E3EF
S31580E248900020A0E3E9FFFF0A0020C3E5013083E2BE
S31580E248A008308DE50700A0E1943600EB0030A0E306
S31580E248B0026CA0E30310A0E103C0A0E12A5E8DE2D0
S31580E248C0000056E3000050130E00000A030053E393
S31580E248D0012087E20040D7E501B040E25A00000AB3
S31580E248E05C005CE35CE044E21EEF6FE1AEE2A0E1F5
S31580E248F000E0A00300005EE31000000A00005BE334
S31580E24900020040E20400001A000056E30160450519
S31580E249100030A0130030C515610000EA010053E3C0
S31580E24920022087E20140D7E51600000A020053E33F
S31580E249302300000A00B0A0E15CC0A0E3030000EA25
S31580E24940010053E31000000A020053E31D00000A4F
S31580E249505C305CE20130A013270054E30000A01330
S31580E2496001000302000050E34200001A240054E3EF
S31580E249700030A01301300302000053E30130A0139C
S31580E249804300001A370000EA00B0A0E1280054E3B1
S31580E249907B0054130130A0030030A0133700000AD5
S31580E249A0010056E32400A0E30000C5E50140C515F9
S31580E249B0015085020360A001026046120250851210
S31580E249C0330000EA00B0A0E1290054E37D005413ED
S31580E249D02B00001A02C061E001C04CE20030A0E385
S31580E249E00C0053E14A0E8DE203E0D1B703E0C0B793
S31580E249F0013083B2F9FFFFBA14208DE56A2E8DE28B
S31580E24A00033082E00020A0E310108DE5002243E52A
S31580E24A10FFE3FFEB10109DE514209DE5000050E3D7
S31580E24A20010040120600000A0130F0E5000053E37F
S31580E24A300300000A000056E30130C5140160461205
S31580E24A40F8FFFF1A0030A0E3110000EA5C005CE3A5
S31580E24A50270044E2100F6FE1A002A0E10000A0036C
S31580E24A60000050E30800001A0040C5E5016046E216
S31580E24A70015085E2060000EA0330A0E3030000EA83
S31580E24A800210A0E10230A0E3010000EA0030A0E3D8
S31580E24A902740A0E30B00A0E104C0A0E10270A0E100
S31580E24AA086FFFFEA0A10A0E12A0E8DE222FFFFEBE3
S31580E24AB0001050E20080E0030A00000A0030A0E322
S31580E24AC000308DE50A20A0E118308DE20C009DE5EC
S31580E24AD01AECFFEB000050E30080E013E9ECFFEB19
S31580E24AE0000050E348FFFF1A08709DE54EFFFFEA9B
S31580E24AF0000058E318009D0543FFFF1A6ADE8DE247
S31580E24B00F08DBDE83CFFE38008402DE92CFFFFEB0A
S31580E24B10010070E30000A0130100A0030880BDE855
S31580E24B20010071E3F8402DE90050A0E10140A0E1E7
S31580E24B300700001AF13500EB0A10A0E30040A0E17D
S31580E24B400500A0E1E23500EB000050E30060A00141
S31580E24B500A00000A010084E273EEFFEB006050E295
S31580E24B601E00000A0510A0E10420A0E15D3600EBFC
S31580E24B700030A0E30430C6E70650A0E10160A0E37E
S31580E24B800540A0E10500A0E10070A0E30110D4E4B5
S31580E24B90000051E31500000A0A0051E3FAFFFF1A0A
S31580E24BA0017044E50030D0E5000053E30100001ACD
S31580E24BB00400A0E1F4FFFFEA0010A0E300FFFFEBB0
S31580E24BC0000050E3F9FFFFAA0140A0E3000056E3AC
S31580E24BD00400000A0500A0E1C6EDFFEB010000EA51
S31580E24BE00100A0E3F880BDE80400A0E1F880BDE81A
S31580E24BF00040D0E5000054E3F3FFFF0AF0FEFFEB4E
S31580E24C000040E0E1A44FA0E1EFFFFFEAF3412DE9A6
S31580E24C10A200A0E356FCFFEB7C129FE57C029FE5B7
S31580E24C2068E2FFEB0010A0E374029FE5B5FFFFEBBD
S31580E24C3070029FE576E3FFEB000050E30120A003DC
S31580E24C400300000A0A20A0E30010A0E3B13900EBDA
S31580E24C500020A0E14C129FE54C0099E5E42F00EBA1
S31580E24C600050A0E140029FE569E3FFEB38129FE541
S31580E24C700060A0E14C0099E5ED2F00EB2C129FE558
S31580E24C80000050E30060A0114C2099E50040A0E1CD
S31580E24C900020A0E34C0099E5D52F00EB003050E2EE
S31580E24CA00300000A08129FE508029FE5011083E0EF
S31580E24CB062E2FFEB4C0099E5FC119FE50020A0E360
S31580E24CC0CB2F00EB003050E20300000AE0119FE5B3
S31580E24CD0E8019FE5011083E058E2FFEB4C0099E59D
S31580E24CE0DC119FE50020A0E3C12F00EB000050E33A
S31580E24CF01900000A000054E304408DE50200001A20
S31580E24D00C0019FE521ECFFEB120000EA0100A0E37F
S31580E24D1056ECFFEB04009DE5B4E9FFEB003050E290
S31580E24D200300001A04109DE59C019FE517ECFFEB5A
S31580E24D30080000EA0CC093E50010A0E30120A0E39E
S31580E24D4004308DE23CFF2FE104109DE50020A0E1D6
S31580E24D5078019FE50DECFFEBC42F00EB000056E3F4
S31580E24D60010075133300000A000055E3010000AA32
S31580E24D700040A0E30A0000EA0510A0E150019FE5A9
S31580E24D8002ECFFEBE0EBFFEB000050E3F7FFFF0AFC
S31580E24D90D4EBFFEB3C019FE5F0EBFFEB852000EBEC
S31580E24DA00140A0E330719FE5013024E2000055E343
S31580E24DB00030A0D3013003C2000053E31500000A9D
S31580E24DC00000A0E3946DFFEB0080A0E1CEEBFFEB69
S31580E24DD0004050E20400000AC2EBFFEB752000EBD4
S31580E24DE00140A0E30050A0E3060000EAEC009FE564
S31580E24DF01C3600EB0800A0E1876DFFEB070050E16F
S31580E24E00F1FFFF9A015045E20510A0E1D0009FE54F
S31580E24E10DEEBFFEBE3FFFFEA0A00A0E3C3EBFFEB87
S31580E24E20000054E30300001A0600A0E10010E0E36C
S31580E24E300420A0E139FFFFEBA8509FE50140A0E303
S31580E24E40A4009FE537FEFFEB000050E3040000DAA2
S31580E24E5098109FE58C009FE5F33400EB0010A0E309
S31580E24E60060000EA010070E30200001A80009FE576
S31580E24E70BAEBFFEB040000EA101F6FE1A112A0E19A
S31580E24E8060009FE51FFFFFEB0040A0E1000054E3D6
S31580E24E900030A0D30030C5D5E8FFFFEAE937E480E9
S31580E24EA052FFE38084E4E38056FFE38060FFE380A1
S31580E24EB068FFE38000FEDF8076FFE3807FFFE380AA
S31580E24EC08FFFE38098FFE380A3FFE38077DDE380D3
S31580E24ED0D0FFE380F3FFE3801800E480E70300007D
S31580E24EE0102700001E00E4800096E480A0ECE380B8
S31580E24EF00898E4802600E480010052E3160000DA96
S31580E24F00F0412DE90250A0E10170A0E1044083E284
S31580E24F100160A0E30480A0E1000098E5BCE2FFEB3B
S31580E24F20044084E2000050E30300001A001098E592
S31580E24F3034009FE595EBFFEB090000EA0710A0E15C
S31580E24F40F0FEFFEB000050E30500001A016086E206
S31580E24F50050056E1EEFFFF1AF081BDE80000E0E3CE
S31580E24F601EFF2FE10100A0E3F081BDE877DDE3805B
S31580E24F7030402DE9A131A0E184D04DE221E1A0E1EA
S31580E24F8000C0A0E3000053E30C20A0E10600000A83
S31580E24F90032190E70C218DE70320E0E1032180E7FE
S31580E24FA001C08CE2C330A0E1F5FFFFEA00C090E5E4
S31580E24FB0003080E5003090E580408DE2000053E3EA
S31580E24FC0024184E080C004E50130A00300C0801580
S31580E24FD00130A0131000000A0E0053E10120423294
S31580E24FE002119D37031180378330A031F9FFFF3AF2
S31580E24FF00000A0E3140000EA012042E2035190E7B8
S31580E2500002419DE7034180E70340E0E1040055E188
S31580E2501003C1A0E18330A0E10200001A0E0053E151
S31580E25020F4FFFF3A070000EA0E0053E10120423224
S31580E2503002119D37031180378330A031F9FFFF3AA1
S31580E250400C00A0E1000000EA0100A0E184D08DE23C
S31580E250503080BDE800009FE51EFF2FE1409AE480A4
S31580E25060000050E31100000AF8402DE944609FE514
S31580E250700070A0E13450B6E5060055E10100001A61
S31580E250800000A0E3F880BDE8344045E2080084E20F
S31580E250900710A0E1733400EB000050E30100001A30
S31580E250A00400A0E1F880BDE8005095E5F1FFFFEA53
S31580E250B00000A0E31EFF2FE10C9AE480000050E39B
S31580E250C01EFF2F0138402DE93C10A0E30050A0E1FD
S31580E250D00100A0E397EEFFEB004050E20200000AF7
S31580E250E00510A0E13C20A0E3FE3400EB0400A0E141
S31580E250F03880BDE808402DE9EFFFFFEB000050E382
S31580E2510024309F1534108012382093153810831579
S31580E251103430831234308015382080150000A01395
S31580E25120001082150000E0030880BDE80C9AE48056
S31580E2513070309FE504E02DE5342083E244D04DE2F1
S31580E25140342083E5382083E50EFAFFEB3C20A0E3AA
S31580E2515004008DE20010A0E3CB3400EB48109FE51B
S31580E251600C008DE2303400EB0E31A0E304308DE5A5
S31580E2517038309FE524308DE534309FE528308DE563
S31580E2518030309FE530308DE504008DE228309FE5B2
S31580E251902C308DE5D6FFFFEBD61300EB0000A0E3C3
S31580E251A044D08DE204F09DE40C9AE4803300E480FE
S31580E251B0E4A3E28000A4E280BCA3E280D0A3E28002
S31580E251C0000050E30100001A0000A0E31EFF2FE179
S31580E251D0F0412DE954409FE50070A0E10160A0E135
S31580E251E0005094E5000055E30E00000A0500A0E1B8
S31580E251F0048094E5413400EB0510A0E10020A0E1B3
S31580E252000700A0E1223400EB000050E30300001A1D
S31580E252100600A0E10830A0E1F041BDE813FF2FE1EE
S31580E25220084084E2EDFFFFEA0000A0E3F081BDE8FA
S31580E25230B478E3800B30D0E5FF0053E3C8019F05E5
S31580E252407000000A001090E5F0452DE90040A0E1EB
S31580E2525014D04DE2090051E301F19F971F0000EA65
S31580E25260D852E280B052E2808852E280B052E28046
S31580E25270B852E280D052E280B852E280B852E280FE
S31580E25280B052E280B852E280453080E20910D0E541
S31580E252900A20D0E500308DE55A3080E204308DE593
S31580E252A068019FE51C3084E2B8EAFFEB0F0000EA72
S31580E252B05C019FE5000000EA58019FE51C1084E24C
S31580E252C05A2084E2453084E2B0EAFFEB070000EA46
S31580E252D044019FE5490000EA40019FE5470000EA74
S31580E252E03C019FE514D08DE2F045BDE8A7EAFFEAEE
S31580E252F030019FE599EAFFEB0C30D4E5000053E3F9
S31580E253000100000A20019FE594EAFFEB0B10D4E549
S31580E253101F1001E2070051E301F19F97100000EAB6
S31580E253204053E2805C53E2806453E2806453E280DD
S31580E253306453E2804853E2806453E2805453E280CD
S31580E25340E8009FE5000000EAE4009FE583EAFFEBE0
S31580E25350050000EADC009FE5FBFFFFEAD8009FE557
S31580E25360F9FFFFEAD4009FE588EAFFEBD0009FE5EC
S31580E253707AEAFFEB106094E5000056E31E00000A2D
S31580E25380147094E5000057E31B00000AA724A0E10D
S31580E25390960202E00A50A0E3A235A0E18345A0E1AD
S31580E253A0024064E0950303E0950404E00510A0E181
S31580E253B0A44583E00400A0E1E34300EB3485A0E169
S31580E253C00510A0E100A0A0E10800A0E1DE4300EB29
S31580E253D0950A02E00A10A0E1042062E0900505E069
S31580E253E00030A0E1085065E0E0008DE854009FE5DA
S31580E253F066EAFFEB14D08DE2F085BDE848009FE5D2
S31580E2540014D08DE2F045BDE854EAFFEA5702E48023
S31580E254101901E4803F01E4805C01E4807901E48063
S31580E254208A01E4809F01E480BA01E480CD01E480D0
S31580E25430D801E480E201E480E901E480F801E480D5
S31580E25440FD01E480EC26E4800602E4804102E48009
S31580E2545010402DE90040A0E1110300EB000050E38B
S31580E254600230A0030030A0130830C4E51080BDE806
S31580E254700830D0E5020053E32A00001A10402DE9F5
S31580E254800040A0E1A4009FE534EAFFEB003094E51A
S31580E25490013043E2080053E303F19F97180000EAE4
S31580E254A0C454E280D454E280DC54E280E454E28064
S31580E254B0EC54E280F454E2800455E280CC54E280FB
S31580E254C0FC54E28068009FE50E0000EA64009FE5F6
S31580E254D00C0000EA60009FE50A0000EA5C009FE5B6
S31580E254E0080000EA58009FE5060000EA54009FE5BE
S31580E254F0040000EA50009FE5020000EA4C009FE5C6
S31580E25500000000EA48009FE514EAFFEB041094E508
S31580E2551040009FE540209FE51CEAFFEB0400A0E106
S31580E255201040BDE8030300EA30009FE50BEAFFEA9C
S31580E255306602E4807A02E4807E02E4808302E4808A
S31580E255408802E4808E02E4809202E48045D1E380A0
S31580E255509602E4809A02E480A202E480C802E480B1
S31580E25560CC02E48008402DE90830D0E5020053E31E
S31580E255700300001AFC0200EB000090E20000E01358
S31580E255800880BDE80000E0E30880BDE8F7402DE949
S31580E255900060A0E10150A0E10100A0E10270A0E17B
S31580E255A004108DE21020A0E30E3700EB04309DE577
S31580E255B00030D3E5000053E348009F150B00001A44
S31580E255C00040A0E10410A0E10600A0E1FBFEFFEBB3
S31580E255D0000050E3000087E50300000A0B30D0E5C7
S31580E255E0FF0053E30400A0110400001A18009FE5AF
S31580E255F00610A0E10520A0E1E4E9FFEB0000E0E38C
S31580E256000CD08DE2F080BDE8E802E4800E03E4800F
S31580E25610F04D2DE90160A0E160D04DE2E8139FE50F
S31580E2562000B0A0E10280A0E10340A0E180509DE5C8
S31580E256300C3300EB007050E20B00001A007088E534
S31580E256402C0084E2087084E5047084E5007084E5C9
S31580E256504C7084E5B4139FE5F33200EB0C0084E2F0
S31580E25660AC139FE5F03200EBE40000EA000056E37B
S31580E256700700001A9C039FE5E5E0FFEB006050E23D
S31580E256800C00001A90039FE5C0E9FFEB0670A0E1EB
S31580E25690D60000EA0600A0E1183300EB000050E3F2
S31580E256A0F3FFFF0A0600A0E170139FE5ED3200EBFF
S31580E256B0000050E3EEFFFF0A0600A0E13A10A0E305
S31580E256C0033300EB00A050E204608D050A70A0016E
S31580E256D00700000A0600A0E11B3300EB0A2066E021
S31580E256E00010A0E301A08AE20070A0E10210C0E708
S31580E256F004008DE50B00A0E104109DE50820A0E101
S31580E25700A1FFFFEB000050E3B80000BA00005AE3C5
S31580E257101700000A0020DAE5000052E31400000ACE
S31580E257200A00A0E1F8129FE5CE3200EB000050E3DA
S31580E2573000A0E0030F00000A0A00A0E10C108DE24F
S31580E257401020A0E3A73600EB0C309DE50030D3E5D0
S31580E25750000053E30200001A053090E100A0A0E1C8
S31580E257600400001ABC029FE50B10A0E10620A0E12E
S31580E257700D0000EA01A0E0E3000098E50820D0E50C
S31580E25780000052E300005A130120A0030020A01378
S31580E257903500001A10E090E500005EE30400001A8E
S31580E257A084029FE504209DE50B10A0E177E9FFEBFB
S31580E257B08E0000EA155F6FE1A552A0E100005AE390
S31580E257C0015085C3000055E360029F15F4FFFF1A7E
S31580E257D0143090E558229FE558C29FE5032002E007
S31580E257E054129FE5000052E3031001E003C00CE08F
S31580E257F00220A0130020A00300005CE301208212B5
S31580E25800000051E30410A0130010A00301C082E05F
S31580E25810FF28C3E3FF20C2E3000052E30820A0137F
S31580E258200020A00302108CE02328A0E10228A0E158
S31580E25830000052E31020A0130020A003022081E0A2
S31580E25840182080E5C4119FE5204084E8083084E58D
S31580E258504C5084E52C0084E2733200EB0C0084E247
S31580E25860D8119FE5703200EB0F0000EA02007AE37E
S31580E258700400000A01007AE30250A0010160A0035D
S31580E258801900000A000000EA01A0A0E30A10A0E1E4
S31580E258900420A0E132FFFFEB005050E22900000A2B
S31580E258A09C019FE50A10A0E138E9FFEB05A0A0E1A3
S31580E258B04F0000EA000055E34C2094E51100000A0F
S31580E258C0000052E30F00001A060055E10300001AB9
S31580E258D010008DE20410A0E15020A0E3013300EB3A
S31580E258E0016086E2110056E30A00000A000098E5AC
S31580E258F00610A0E10420A0E119FFFFEB000050E3CF
S31580E25900F6FFFF1AEAFFFFEA000052E30650A0E143
S31580E25910ECFFFF0A0A0000EA000055E30500000AF0
S31580E259200400A0E110108DE25020A0E3ED3200EBFE
S31580E2593005A0A0E1030000EA08019FE513E9FFEB79
S31580E259402B0000EA06A0A0E12C4084E20400A0E15C
S31580E25950B8109FE52020A0E34D3200EB000050E333
S31580E259600300000A0410A0E1DC009FE507E9FFEBF3
S31580E259701E0000EA00E098E5B4209FE514C09EE5AB
S31580E25980B0009FE50C2002E0AC109FE5000052E3F8
S31580E259900C1001E00C0000E00220A0130020A0031E
S31580E259A0000050E301208212000051E30410A013AC
S31580E259B00010A003010082E0FF28CCE3FF20C2E3CF
S31580E259C02CC8A0E1000052E30CC8A0E10820A01395
S31580E259D00020A00300005CE3021080E010C0A01368
S31580E259E000C0A0030C2081E018208EE5000000EACA
S31580E259F000A0E0E30700A0E13EEAFFEB0A70A0E147
S31580E25A000700A0E160D08DE2F08DBDE884DCE38022
S31580E25A1074FDE3802603E4803303E4803E03E4807E
S31580E25A20F8F9E3805903E4805E03E4808703E48047
S31580E25A30A603E480CCCCCCCCAAAAAAAAF0F0F0F059
S31580E25A40C803E480D303E480EF03E4801004E480B7
S31580E25A5038402DE9FE31D0E50040A0E1550053E320
S31580E25A600200001AFF31D0E5AA0053E30100000AE2
S31580E25A70B4009FE5150000EAB0009FE5C3E8FFEBBE
S31580E25A80BE31D4E57F3013E20100001A0300A0E1C3
S31580E25A903880BDE8365084E20500A0E190109FE5AB
S31580E25AA00320A0E3FA3100EB524084E2000050E3A7
S31580E25AB00900000A0400A0E178109FE50520A0E332
S31580E25AC0F33100EB000050E30300000A68009FE533
S31580E25AD0AEE8FFEB0000E0E33880BDE85C009FE5DE
S31580E25AE0AAE8FFEB0500A0E144109FE50320A0E3CE
S31580E25AF0E73100EB000050E30100001A40009FE529
S31580E25B00A2E8FFEB0400A0E128109FE50520A0E3D0
S31580E25B10DF3100EB000050E30100001A24009FE52C
S31580E25B209AE8FFEB0100A0E33880BDE84504E48013
S31580E25B307404E480CE04E480D204E480F604E48053
S31580E25B40A104E480D804E480E604E480F04D2DE903
S31580E25B501CB08DE228D04DE20380A0E1143090E5BE
S31580E25B6020200BE53F3083E23F30C3E3403083E2DF
S31580E25B7003D04DE057408DE23F40C4E364C090E5F8
S31580E25B800070A0E10120A0E3040090E50430A0E1EA
S31580E25B900160A0E13CFF2FE1010050E340029F1546
S31580E25BA0041097150620A0111500001A34029FE50D
S31580E25BB076E8FFEB0050A0E30F0015E30100001A40
S31580E25BC024029FE571E8FFEB0410D5E71C029FE50E
S31580E25BD0015085E26DE8FFEB020C55E3F5FFFF1A13
S31580E25BE00C029FE569E8FFEB0400A0E197FFFFEB7B
S31580E25BF0000050E30400000AF8019FE5FE11D4E5B7
S31580E25C00FF21D4E561E8FFEB730000EA000056E38A
S31580E25C100800001ABA31D4E5BB21D4E50338A0E105
S31580E25C20023C83E0B921D4E5023483E0B821D4E5AD
S31580E25C30023083E004308BE56FCF84E2735F84E2E7
S31580E25C40833F84E2023083E202A08CE2025085E264
S31580E25C5024300BE50C1055E5000051E35B00000AA9
S31580E25C60000056E30700000A7F3001E20F0051E3AD
S31580E25C70050053130300001A0C3055E5000053E388
S31580E25C802C00001A2F0000EA063055E5052055E57E
S31580E25C900338A0E1023C83E0072055E558019FE501
S31580E25CA0023483E0082055E5023083E028300BE5B4
S31580E25CB0023055E5012055E50338A0E1023C83E058
S31580E25CC0032055E502C483E0043055E57F2001E2F6
S31580E25CD02C300BE5050052E30F00511310E055E539
S31580E25CE018219FE514319FE50200A01180005EE352
S31580E25CF00C219FE50320A01104309BE510208DE561
S31580E25D0008018DE828301BE508108DE5032086E042
S31580E25D102C301BE50C008DE50810A0E1E4009FE540
S31580E25D2003308CE019E8FFEB000056E3D1FFFF1A5F
S31580E25D30018088E2030000EA7F2003E20F0053E35A
S31580E25D4005005213F9FFFF1A24301BE5105085E255
S31580E25D50030055E1BEFFFF1A7F4F84E2024084E2F0
S31580E25D600430DAE57F2003E20F0053E305005213A5
S31580E25D700300000A10A08AE204005AE1F7FFFF1A44
S31580E25D80150000EA0A10DAE50B30DAE50118A0E13F
S31580E25D90031C81E00930DAE5000056E3031481E072
S31580E25DA00830DAE520201BE5031081E020301BE590
S31580E25DB00700A0E1031081E004309BE500308DE529
S31580E25DC00120A0010830A0E15FFFFFEBE8FFFFEAD8
S31580E25DD0000056E3D5FFFF0ADAFFFFEA1CD04BE26A
S31580E25DE0F08DBDE83105E4805C05E480EC26E48054
S31580E25DF0A705E480AD05E480F705E4802505E48027
S31580E25E007C35E4802B05E4801C06E480F04D2DE9A8
S31580E25E101CB08DE210D04DE20350A0E1143090E543
S31580E25E2020200BE53F3083E23F30C3E3403083E21C
S31580E25E3003D04DE047408DE23F40C4E3646090E5A5
S31580E25E400070A0E10120A0E3040090E50430A0E127
S31580E25E5001A0A0E108809BE536FF2FE120C01BE58B
S31580E25E60010050E318029F15041097150A20A0112D
S31580E25E700600001AFE11D4E5FF21D4E5550051E370
S31580E25E800100001AAA0052E30300000AF4019FE52A
S31580E25E90BEE7FFEB0060E0E3760000EA6F3F84E274
S31580E25EA0023083E27F4F84E2022084E20340A0E173
S31580E25EB00060D4E58060D6E30C00001A0410D4E5D5
S31580E25EC004009BE5000051E3050060E0100F6FE1FE
S31580E25ED0A002A0E10000A003000050E30300000A54
S31580E25EE07F0001E20F0051E3050050132400001AFF
S31580E25EF000005AE30600000A0410D4E5000051E3EC
S31580E25F000400000A7F0001E20F0051E3050050130E
S31580E25F100000000A015085E2104084E2020054E16A
S31580E25F20E2FFFF1A0410D3E57F0001E20F0051E39E
S31580E25F30050050134B00001A0A10D3E50B20D3E577
S31580E25F400118A0E1021C81E00920D3E50830D3E5FF
S31580E25F50021481E0031081E004309BE500005AE3FD
S31580E25F600C1081E008018DE80700A0E10120A00184
S31580E25F700C20A0110530A0E1A3FFFFEB0060A0E1B9
S31580E25F803C0000EA023CA0E3083088E50A30D4E52A
S31580E25F900B20D4E50338A0E1023C83E00920D4E576
S31580E25FA00C0088E2023483E00820D4E5023083E004
S31580E25FB003A08AE000A088E50E30D4E50F20D4E580
S31580E25FC00338A0E1023C83E00D20D4E5023483E08D
S31580E25FD00C20D4E5023083E0043088E5003097E592
S31580E25FE0042097E5013043E2070053E303F19F97EC
S31580E25FF00F0000EA1460E2801C60E2801460E280B6
S31580E260002460E2802C60E2803460E2803460E28068
S31580E260101460E28070109FE5060000EA6C109FE54E
S31580E26020040000EA68109FE5020000EA64109FE53A
S31580E26030000000EA60109FE50530A0E1612082E27F
S31580E26040F63400EB2C0088E250109FE5F33400EB47
S31580E260500030D4E5803043E2133F6FE1A332A0E122
S31580E260604C3088E5030000EA103083E2020053E117
S31580E26070ABFFFF1A0160E0E30600A0E11CD04BE231
S31580E26080F08DBDE83105E480F705E4804006E480E2
S31580E260904706E4804E06E4805706E4806006E480A4
S31580E260A074FDE38018482DE9143090E50CB08DE25A
S31580E260B03F3083E23F30C3E3403083E203D04DE0BA
S31580E260C03F408DE23F40C4E364C090E50010A0E328
S31580E260D0040090E50120A0E30430A0E13CFF2FE13B
S31580E260E0010050E33C009F150600001A38009FE548
S31580E260F026E7FFEB0400A0E154FEFFEB004050E20E
S31580E261000300000A24009FE520E7FFEB0040E0E37E
S31580E26110010000EA18009FE51CE7FFEB0400A0E11E
S31580E261200CD04BE21888BDE86706E4808506E480F9
S31580E26130A106E480C206E48013402DE90040A0E196
S31580E2614020009FE511E7FFEB0010A0E300108DE54C
S31580E261500400A0E10120A0E10130A0E37AFEFFEB9A
S31580E2616008D08DE21080BDE8E106E48073402DE937
S31580E261700240A0E112008DE80010A0E30120A0E138
S31580E261800130A0E30050A0E11FFFFFEB020070E3C5
S31580E261902900001A142095E5A4309FE5A4C09FE566
S31580E261A0023003E0A0109FE5000053E3021001E015
S31580E261B002C00CE00230A0130030A00300005CE3D2
S31580E261C001308312000051E30410A0130010A003F3
S31580E261D001C083E0FF38C2E3FF30C3E3000053E34C
S31580E261E00830A0130030A00303108CE02238A0E12F
S31580E261F00060A0E30338A0E1060053E11030A0136B
S31580E262000630A001033081E0183085E5103095E54F
S31580E26210043084E5082084E530109FE5006084E55B
S31580E262204C6084E52C0084E2FF2F00EB0C0084E2D4
S31580E262301C109FE5FC2F00EB0600A0E108D08DE262
S31580E262407080BDE8CCCCCCCCAAAAAAAAF0F0F0F0B9
S31580E2625074FDE380C803E480560050E31100008AAF
S31580E2626048209FE5000051E3C0C2A0E10C219207DD
S31580E262701F0000E20130A0E3001092051300E00166
S31580E262800C11921700300100002091150030820532
S31580E262900030920513008211030000000000811590
S31580E262A0000082051EFF2FE104009FE5B7E6FFEAC4
S31580E262B0507EE3800B07E480560050E30A00008AB2
S31580E262C02C309FE5A022A0E1022193E71F0000E2A5
S31580E262D0003092E5000051E30110A0E31100C30112
S31580E262E011008311000082E51EFF2FE104009FE585
S31580E262F0A6E6FFEA447EE3800B07E48038402DE998
S31580E263000050A0E10140A0E10110A0E3E9FFFFEB2C
S31580E263100500A0E1FF1004E2CEFFFFEB0000A0E360
S31580E263203880BDE8560050E308402DE91A00008A1D
S31580E2633074109FE50020A0E30232D1E702C2A0E119
S31580E26340030050E11000001A5C309FE50C3083E0D8
S31580E26350042093E5010052E30900001A081093E550
S31580E263600100D3E502C0D3E5002091E50C30D3E508
S31580E263701C20C2E1133082E10000A0E3003081E517
S31580E263800880BDE824009FE5040000EA012082E25D
S31580E26390570052E3E7FFFF1A010000EA10009FE58B
S31580E263A07AE6FFEB0000E0E30880BDE8804FE48018
S31580E263B07907E4800B07E48013402DE9070051E377
S31580E263C001F19F97230000EAE863E280F063E280CE
S31580E263D0F063E280F863E2800064E2800064E28057
S31580E263E00064E2800064E280D02AC0E1050000EA2F
S31580E263F0D82AC0E1030000EAD02BC0E1010000EA1E
S31580E26400811180E0D829C1E10040A0E1F829C0E10C
S31580E264109CC094E5980090E50C20A0E10030A0E3D2
S31580E26420033092E18C1094E501108DE80300001AA6
S31580E26430C53F00EB0010A0E3F000CDE1010000EAE9
S31580E264400D00A0E10F2900EB00309DE5E83084E500
S31580E264500000A0E3000000EA0000E0E308D08DE25D
S31580E264601080BDE80000E0E31EFF2FE110402DE939
S31580E264700040A0E1FAFFFFEB000050E31080BDA8E8
S31580E264805C3194E5000053E30200000A0400A0E1D7
S31580E264901040BDE813FF2FE10300A0E11080BDE8C4
S31580E264A00000E0E31EFF2FE14C3190E513FF2FE180
S31580E264B004E02DE524D04DE20020A0E304108DE235
S31580E264C0B420CDE10C208DE508208DE5F5FFFFEBCC
S31580E264D024D08DE204F09DE438402DE90130A0E33A
S31580E264E0B030C1E11530A0E3043081E50030A0E3AD
S31580E264F0030052E10050A0E10140A0E1083081E5CD
S31580E265000B00000A682190E52C1090E540309FE56B
S31580E26510021001E0013003E0062202E2023083E16A
S31580E26520542090E5083084E5020B12E301318313AF
S31580E26530083084150500A0E10410A0E10020A0E364
S31580E26540D8FFFFEB000050E30C30940568318505F7
S31580E265503880BDE880FF7F0004E02DE50830A0E3C7
S31580E2656034D04DE2B431CDE11530A0E318308DE57B
S31580E26570022CA0E30030A0E31C308DE504108DE50B
S31580E265800130A0E310208DE514108DE204208DE227
S31580E265900C308DE508308DE5C2FFFFEB34D08DE21D
S31580E265A004F09DE470402DE90D30A0E320D04DE269
S31580E265B0B430CDE11530A0E308308DE5B438D0E1D2
S31580E265C00060A0E10338A0E10140A0E10550A0E32C
S31580E265D00C308DE50600A0E104108DE20020A0E3F8
S31580E265E0B0FFFFEB000050E30D00001A10109DE5AE
S31580E265F0010C11E30200000A1E3C01E20E0C53E399
S31580E266001100001A50309FE5013003E0000053E3A9
S31580E266100500000A44009FE5DCE5FFEB1100E0E3BC
S31580E266200B0000EA015055E20900004AFA0FA0E3A6
S31580E266300C3000EB014054E2E5FFFF2A20009FE5A3
S31580E26640D2E5FFEB1200E0E3010000EA000054E34A
S31580E26650F9FFFFDA20D08DE27080BDE88040F9FD57
S31580E266609D07E480B307E4800224A0E1032482E369
S31580E2667010402DE9011882E120D04DE20630A0E3F8
S31580E26680B430CDE10C108DE51D30A0E304108DE22F
S31580E266900020A0E30040A0E108308DE581FFFFEB1A
S31580E266A0000050E30200001A0400A0E1FA1FA0E312
S31580E266B0BBFFFFEB20D08DE21080BDE804E02DE544
S31580E266C01030A0E324D04DE2B430CDE10C108DE55C
S31580E266D01530A0E304108DE20020A0E308308DE5BA
S31580E266E070FFFFEB24D08DE204F09DE43C209FE531
S31580E266F008402DE9003092E5020053E10400000AE9
S31580E26700DC1093E5000051E10600000A003093E5D3
S31580E26710F8FFFFEA0010A0E114009FE59BE5FFEB9E
S31580E267200000A0E30880BDE80300A0E10880BDE8A0
S31580E26730549AE480CF07E480F04D2DE9006052E27E
S31580E2674030D04DE20A00000A0180A0E103B0A0E168
S31580E26750E5FFFFEB005050E20500000AE82095E5F0
S31580E26760081086E0020051E10300009A10019FE5DD
S31580E2677086E5FFEB0000A0E33F0000EA8C1095E59A
S31580E26780CDFFFFEB000050E3F9FFFF1A0670A0E1B0
S31580E26790603195E50500A0E1030057E103A0A02161
S31580E267A007A0A03101005AE31230A0831130A093F2
S31580E267B0B431CDE1403095E514108DE2000053E32B
S31580E267C08C3095E510308DE5930802000130A0E328
S31580E267D01C208D051520A0E318208DE504208DE28E
S31580E267E01C808D1504B08DE50CA08DE508308DE515
S31580E267F02CFFFFEB004050E20100000A0040A0E3DC
S31580E26800150000EA01005AE30D00009A0C30A0E37D
S31580E26810B431CDE10500A0E11D30A0E314108DE294
S31580E268200420A0E11C408DE518308DE51DFFFFEBCD
S31580E26830000050E30200000A48009FE553E5FFEBC3
S31580E26840050000EA0500A0E1FA1FA0E354FFFFEB92
S31580E26850000050E3E8FFFF1A0A40A0E10A0054E193
S31580E26860C3FFFF1A8C3095E5047057E0048088E018
S31580E2687093B42BE0C5FFFF1A0600A0E130D08DE28B
S31580E26880F08DBDE8E807E4801408E48070402DE9E5
S31580E268900050A0E10000A0E320D04DE26401C5E50E
S31580E268A0DD66FFEB0060A0E10500A0E104108DE269
S31580E268B00120A0E307FFFFEB004050E21000001A40
S31580E268C00600A0E1D466FFEBFA0F50E30E00008AE1
S31580E268D06400A0E3632F00EB683195E5000053E3A3
S31580E268E0F0FFFFAA0138A0E3303085E510309DE560
S31580E268F0583085E5233FA0E1013003E2403085E56B
S31580E26900B448C5E10400A0E1000000EA1000E0E33B
S31580E2691020D08DE27080BDE838402DE90140A0E1CB
S31580E2692071FFFFEB005050E20B00000A8630D5E59E
S31580E26930072004E20730C3E3B310A0E3032082E139
S31580E2694048FFFFEB000050E33880BD180500A0E168
S31580E269500410A0E13840BDE896FEFFEA0000E0E3DD
S31580E269603880BDE810402DE90040A0E1CBFEFFEB88
S31580E26970000050E31080BDA8583194E5000053E34F
S31580E269800200000A0400A0E11040BDE813FF2FE1F7
S31580E269900100A0E31080BDE83C3090E510402DE98F
S31580E269A0030051E10310A021383090E5030051E164
S31580E269B04C1080254C3080350130A0E3483080E5AC
S31580E269C0503190E50040A0E133FF2FE10030A0E3B3
S31580E269D0483084E51080BDE8F04D2DE959DE4DE280
S31580E269E00230A0E33C608DE2BC33CDE10020A0E33F
S31580E269F00730A0E30610A0E10040A0E140308DE53B
S31580E26A0044208DE5A7FEFFEB005050E2B40A9F15C5
S31580E26A102D00001A48108DE21020A0E3740084E273
S31580E26A20B02E00EB0330A0E3BC33CDE1B438D4E141
S31580E26A300400A0E10338A0E144308DE50610A0E130
S31580E26A401530A0E30520A0E140308DE595FEFFEB11
S31580E26A50000050E39902001A303094E50020A0E36A
S31580E26A60020813E348309D153C108DE22338A011CD
S31580E26A70B438C4110930A0E3BC33CDE10730A0E3DA
S31580E26A8040308DE5B438D4E10400A0E10338A0E1DA
S31580E26A9044308DE583FEFFEB2C1A9FE50050A0E1A2
S31580E26AA00400A0E1BBFFFFEB0400A0E11C1A9FE516
S31580E26AB0B8FFFFEB0400A0E1FA1FA0E3B8FEFFEB0C
S31580E26AC0000055E30200000A040A9FE5AFE4FFEB0B
S31580E26AD0790200EA48309DE5643084E54C309DE5F4
S31580E26AE0683084E550309DE56C3084E554309DE530
S31580E26AF0703084E5303094E5010853E31600001ADD
S31580E26B00D0099FE5A1E4FFEB48309DE5233DA0E176
S31580E26B100F3003E2040053E303F19F970C0000EA8F
S31580E26B20546BE280346BE2803C6BE280446BE280C1
S31580E26B304C6BE280A0399FE5060000EA9C399FE52E
S31580E26B40040000EA98399FE5020000EA413BA0E3AF
S31580E26B50000000EA8C399FE5303084E57030D4E578
S31580E26B60883084E5BE36D4E10120A0E30F3003E22B
S31580E26B70301094E51233A0E1020811E38C3084E50B
S31580E26B80B636D4012333A0010F3003021233A001BB
S31580E26B90903084E5403094E5000053E30500000A36
S31580E26BA0BA26D4E16C3094E5012082E2032882E0C1
S31580E26BB00225A0E1120000EA2C099FE573E4FFEBCF
S31580E26BC0BC26D4E1BA36D4E1022BA0E1222AA0E1A6
S31580E26BD08C0094E5232782E0012082E2A004A0E1F2
S31580E26BE0920000E0B826D4E10110A0E3C227A0E13A
S31580E26BF0833082E1073003E2023083E21133A0E19F
S31580E26C00930002E00030A0E3F02AC4E18C0094E530
S31580E26C10A0C094E5A41094E59C2083E00060A0E304
S31580E26C20913023E00070A0E3F02AC4E1F86AC4E17F
S31580E26C30F06BC4E1B4089FE554E4FFEB8C3094E555
S31580E26C40F86BC4E1020C53E3023CA0838C3084856A
S31580E26C50903094E5F06CC4E1020C53E3023CA083ED
S31580E26C60903084850730A0E3BC33CDE1B438D4E1FB
S31580E26C70F86CC4E1F06DC4E13C608DE20338A0E1DA
S31580E26C801570A0E30400A0E10610A0E10020A0E3D5
S31580E26C9040708DE544308DE502FEFFEB005050E218
S31580E26CA04C089F1588FFFF1A1030A0E3BC33CDE174
S31580E26CB00520A0E1023CA0E30400A0E10610A0E1E9
S31580E26CC040708DE544308DE5F6FDFFEB005050E2F5
S31580E26CD020089F157CFFFF1A0130A0E3302094E55F
S31580E26CE0943084E50030E0E38630C4E5A238A0E162
S31580E26CF0013023E2536F8DE2410B52E30030A03341
S31580E26D0001300322036086E2000053E33F60C6E37C
S31580E26D100C00001A8710D4E50400A0E1A5FDFFEB84
S31580E26D20D829C4E10050A0E1CC079FE517E4FFEB48
S31580E26D30000055E35B00000A8710D4E5BC079FE5B7
S31580E26D4012E4FFEBDC0100EAB4079FE50FE4FFEB18
S31580E26D500610A0E10400A0E1FEFDFFEBC010D6E53F
S31580E26D60000050E30C00001A010051E30A00009A89
S31580E26D70D620D6E5D530D6E50228A0E1032482E105
S31580E26D80D430D6E5032082E18224A0E1223AA0E152
S31580E26D90020B53E30030A083F02AC481013041E242
S31580E26DA0050053E303F19F970F0000EAC46DE2808A
S31580E26DB0CC6DE280D46DE280EC6DE280DC6DE280C7
S31580E26DC0E46DE2803C379FE5060000EA38379FE5CE
S31580E26DD0040000EA34379FE5020000EA30379FE597
S31580E26DE0000000EA2C379FE5303084E5AF30D6E507
S31580E26DF0E0C0D6E5000053E36C3094058C39A011EF
S31580E26E001F2B03023E3E0302A332A0012225A001EC
S31580E26E10013083020120820292030300943084E5EA
S31580E26E20A030D6E5E220D6E5010013E30100001AA0
S31580E26E30000052E30100000AB330D6E58630C4E5AD
S31580E26E408228A0E1C23FA0E1F82AC4E1A820D6E5E3
S31580E26E50B87084E28228A0E1C23FA0E106E0A0E128
S31580E26E600050A0E3F02BC4E19030DEE59120DEE530
S31580E26E700334A0E1023883E08F20DEE5DDA0D6E5AB
S31580E26E80023083E0930CC1E0015085E2902A83E0F0
S31580E26E90040055E39A3123E003E08EE2F820C7E06E
S31580E26EA0F0FFFF1A9AFFFFEA303094E5022813E2F8
S31580E26EB09300000A3730A0E3B835CDE1B438D4E1A7
S31580E26EC058A08DE2505084E50338A0E10520A0E188
S31580E26ED01580A0E30400A0E10A10A0E15C808DE5C4
S31580E26EE060308DE56FFDFFEB005050E27201001AD3
S31580E26EF0CF708DE23330A0E35C808DE53F70C7E3EF
S31580E26F000380A0E3B835CDE160508DE50830A0E39B
S31580E26F1028308DE50400A0E10130A0E30A10A0E16B
S31580E26F201C208DE21C708DE524308DE520308DE5C8
S31580E26F305CFDFFEB005050E20200000A018058E25D
S31580E26F40F1FFFF2A910000EA0810A0E10400A0E127
S31580E26F5093FDFFEB002097E5023CA0E1FF1C02E2F5
S31580E26F60223C83E1013483E1FF2802E2223483E199
S31580E26F705C3084E5040097E5001CA0E1FF2C00E28A
S31580E26F80201C81E1021481E1FF2800E2222481E1D2
S31580E26F90602084E5232CA0E10F2002E2010052E387
S31580E26FA00700000A70159FE50800003A020052E3E6
S31580E26FB00600001A020913E360259F0560259F15E6
S31580E26FC0000000EA5C259FE5302084E5000000EAC7
S31580E26FD0301084E5010713E350309415302094E5B0
S31580E26FE0013C8313503084152C359FE5030052E132
S31580E26FF06800000AE37F8DE2037087E228A59FE5B9
S31580E270003F70C7E30580A0E3018058E21300000ADF
S31580E270100630A0E3B437CDE11530A0E378308DE5D4
S31580E270204030A0E338308DE50400A0E10130A0E3F2
S31580E2703074108DE22C208DE27CA08DE52C708DE59E
S31580E2704034308DE530308DE516FDFFEB000050E300
S31580E270502900001A1C3097E5020C13E3E9FFFF1AB8
S31580E270600C3097E5020C13E34A00000A543094E5AB
S31580E27070113003E2110053E34600001A0630A0E322
S31580E27080B437CDE11530A0E378308DE59C349FE5C9
S31580E270907C308DE54030A0E338308DE5592E8DE2A7
S31580E270A00130A0E3603522E50400A0E174108DE2B0
S31580E270B0042042E22C708DE534308DE5F9FCFFEB5D
S31580E270C0005050E20200000A64049FE52FE3FFEBE2
S31580E270D02E0000EA103097E5033CA0E10F3403E28C
S31580E270E0010453E3503094052500000A501094E5DC
S31580E270F040049FE525E3FFEB260000EA0050A0E18D
S31580E27100220000EA410B53E3502084E50100002A85
S31580E271100050A0E31F0000EAE37F8DE2037087E27E
S31580E271203F70C7E30400A0E10710A0E109FDFFEB91
S31580E27130005050E2E000001A0400A0E1B910A0E39A
S31580E271400120A0E3C480D7E546FDFFEB005050E284
S31580E27150D900001A0400A0E10710A0E1FDFCFFEBD4
S31580E27160005050E2D400001AB930D7E5000053E36C
S31580E27170E6FFFF0A503094E5020018E311308313EC
S31580E271800000001A013083E3503084E5010000EA12
S31580E27190000055E3C800001A542094E5503094E587
S31580E271A0023003E0302094E5503084E5022812E292
S31580E271B00600001AE37F8DE2037087E23F70C7E341
S31580E271C00250A0E170A39FE570B39FE52A0000EA32
S31580E271D0010C13E35E00000A3730A0E3BC33CDE155
S31580E271E0B438D4E13C708DE20338A0E10020A0E31C
S31580E271F01560A0E30400A0E10710A0E140608DE500
S31580E2720044308DE5A7FCFFEB002050E20200A0119E
S31580E27210AA00001A0630A0E340608DE50400A0E1F2
S31580E272200260A0E30710A0E1BC33CDE144608DE5C6
S31580E272309CFCFFEB000050E3A000001A0430A0E3C0
S31580E27240443084E5486084E5503194E50400A0E169
S31580E2725033FF2FE1485084E53D0000EAE0229FE5D6
S31580E27260081192E7542094E5020011E10600001A23
S31580E27270015085E2030055E33500000A05819AE76D
S31580E272800531A0E1000058E3F3FFFF1AFF2008E290
S31580E272900400A0E1B710A0E314308DE5F1FCFFEB2A
S31580E272A014309DE5002050E2F0FFFF1A0B3093E7A1
S31580E272B0443084E50230A0E3483084E50400A0E16E
S31580E272C0503194E514208DE533FF2FE114209DE5BE
S31580E272D0482084E50400A0E10710A0E19DFCFFEBD5
S31580E272E0000050E3E1FFFF1AA020D6E5A030D7E503
S31580E272F0030052E1DDFFFF1AAF20D6E5AF30D7E5D6
S31580E27300030052E1D9FFFF1AC020D6E5C030D7E5A7
S31580E27310030052E1D5FFFF1AE020D6E5E030D7E55B
S31580E27320030052E1D1FFFF1AD40086E2D41087E24D
S31580E273300420A0E3982C00EB000050E3CBFFFF1A79
S31580E27340FC319FE5502094E5083193E7033082E1F2
S31580E27350503084E5EC119FE5881084E50400A0E1D5
S31580E273608CFDFFEB8C1094E5DC319FE500C0A0E359
S31580E27370013003E0D4019FE5D4219FE50C0053E17F
S31580E27380012002E0010000E00230A0130C30A001EF
S31580E273900C0050E1013083120C0052E10420A0136C
S31580E273A00C20A001020083E0FF38C1E3FF30C3E393
S31580E273B00C0053E10830A0130C30A001032080E0DA
S31580E273C02138A0E10338A0E10C0053E11030A0138C
S31580E273D00C30A0019CE094E5033082E0F03084E555
S31580E273E00E20A0E10C30A0E1980094E5033092E112
S31580E273F0E2C0C4E5E3C0C4E5EC1084E590008DE527
S31580E2740094E08DE50300001ACF3B00EB0010A0E389
S31580E27410F009CDE1010000EA90008DE2192500EB4A
S31580E2742090309DE5B218D4E1E83084E57720D4E562
S31580E27430BC37D4E100108DE5F40084E214119FE5B7
S31580E27440F62F00EB783094E5470F84E22318A0E12B
S31580E27450FF1001E200108DE52314A0E1FF1001E2A6
S31580E2746004108DE5FF1003E208108DE57F10D4E568
S31580E274707420D4E50C108DE5233CA0E1D8109FE57D
S31580E27480010080E2E52F00EB7C3094E5130E84E286
S31580E27490232AA0E12338A0E1C0109FE50F2002E273
S31580E274A00F3003E2020080E2DC2F00EBD80084E2B8
S31580E274B0E6F7FFEB0000A0E3000000EA0500A0E1AA
S31580E274C059DE8DE2F08DBDE82F08E48040420F0060
S31580E274D080841E004E08E4806908E480040101008D
S31580E274E00202010000030100020101009308E48028
S31580E274F0AF08E480DF08E480FD08E4801C09E480CC
S31580E275004F09E4803809E4800104010002040100A5
S31580E2751003040100290401000504010000010200C0
S31580E2752000020200000302000A010200F1FFFF00EE
S31580E27530F1FFFF807709E4809309E480E87DE380C8
S31580E275404096E380F47DE38040787D01CCCCCCCC60
S31580E27550AAAAAAAAF0F0F0F0BB09E480D109E480F5
S31580E275607732E48068209FE50630A0E3D83080E574
S31580E27570003092E5DC3080E5011083E20130A0E361
S31580E27580E430C0E54C309FE53C3180E548309FE50C
S31580E27590403180E544309FE5443180E5603190E5D5
S31580E275A0040080E5000053E334309F0560318005B6
S31580E275B030309FE5001082E5042093E5040083E500
S31580E275C0003080E5042080E5000082E50000A0E34B
S31580E275D01EFF2FE1F054E4803867E280A086E280E5
S31580E275E00885E280FFFF0000549AE480F0452DE9A9
S31580E275F024D04DE20050A0E1D9FCFFEB000050E33D
S31580E27600050000DA0030A0E3343085E508029FE524
S31580E27610DEE1FFEB0F40E0E37C0000EAFC019FE560
S31580E27620DAE1FFEB343095E5000053E30300000A2C
S31580E27630EC019FE5D5E1FFEB0040A0E3730000EAB1
S31580E27640543195E50500A0E133FF2FE1004050E299
S31580E27650D0019F156C00001A0500A0E10110A0E39D
S31580E27660CCFCFFEB0130A0E3443085E50500A0E1E8
S31580E276708EFBFFEB004050E2AC019F156200001AE0
S31580E27680A8719FE50560A0E38740C5E5FA0FA0E310
S31580E27690F42B00EB0830A0E32C2095E5B430CDE165
S31580E276A08C319FE50500A0E1023003E0000053E360
S31580E276B00730A011AA30A0030C308DE504108DE2CC
S31580E276C01530A0E30020A0E308308DE575FBFFEBE3
S31580E276D0004050E20A00001A1030DDE5AA0053E3CA
S31580E276E00600001A4C719FE5307085E548019FE5FA
S31580E276F0A6E1FFEBFA6FA0E33780A0E31E0000EA83
S31580E277001040E0E334019FE5D62B00EB016056E2C0
S31580E27710DDFFFF1A28019FE53B0000EA2930A0E35E
S31580E277202C2095E5B430CDE104319FE50500A0E15A
S31580E27730023003E0302095E50C308DE5070052E11A
S31580E277400131830304108DE20020A0E30C308D0525
S31580E2775008A08DE553FBFFEB000050E31F00001A03
S31580E27760FA0FA0E3BF2B00EB10309DE5000053E358
S31580E277700C0000BA016056E21C00003A0020A0E349
S31580E2778015A0A0E30500A0E104108DE2B480CDE16E
S31580E2779008A08DE50C208DE542FBFFEB000050E36F
S31580E277A0DDFFFF0A0D0000EA000056E30F00000A43
S31580E277B080209FE5301095E5583085E5020051E15D
S31580E277C0233FA0E1012C4212013003E20040A0E314
S31580E277D030208515403085E5B448C5E1060000EAEB
S31580E277E0000050E30040A0E10300000A000000EA46
S31580E277F01040E0E34C009FE5030000EA48109FE575
S31580E2780048009FE561E1FFEB000000EA5FE1FFEB04
S31580E278100400A0E124D08DE2F085BDE8DE09E480B3
S31580E27820F409E4800E0AE4802B0AE480490AE480C3
S31580E27830AA0100000080FF0000020200690AE480DB
S31580E27840400D0300BB0AE4808B0AE4809C98E380C7
S31580E27850AD0AE48010402DE90040A0E10000A0E3FB
S31580E27860ED62FFEB343094E5000053E31A00001A30
S31580E278706531D4E5000053E31300E0130100001AFA
S31580E278800400A0E158FFFFEB140070E30000501300
S31580E278901080BD186431D4E5000053E30500001A78
S31580E278A00400A0E14BFCFFEB000050E30120A003C3
S31580E278B00500000A030000EA0400A0E1F2FBFFEB08
S31580E278C0000050E3F5FFFF0A0020A0E3342084E5C0
S31580E278D00020A0E36521C4E51080BDE80000A0E3B6
S31580E278E01080BDE810402DE97FFBFFEB004050E2BF
S31580E278F00100001A0000A0E31080BDE8D4FFFFEB90
S31580E27900000050E3FAFFFF1AD80084E21080BDE857
S31580E27910F8402DE94C509FE50060A0E1004095E5F6
S31580E279200570A0E1050054E10B00000A38009FE5EE
S31580E27930081084E2DC2094E514E1FFEB003094E564
S31580E27940070053E10200000A20009FE50610A0E14D
S31580E279500EE1FFEB004094E5F1FFFFEA10009FE5C0
S31580E27960F840BDE809E1FFEA549AE480DE0AE48061
S31580E27970E50AE480EC26E48004309FE5000093E5A6
S31580E279801EFF2FE1F054E4807F402DE9F8309FE539
S31580E27990F8209FE50040A0E30360A0E1003083E5A4
S31580E279A0043083E5004082E50400A0E108108DE220
S31580E279B06F0200EB005050E20600001A014084E2BA
S31580E279C0030054E3F7FFFF1AC4009FE5EFE0FFEB05
S31580E279D00000A0E32A0000EA08309DE50220C3E326
S31580E279E0010052E31300001AA8209FE5010053E349
S31580E279F0A4109FE5A4009FE50210A011E3E0FFEB4F
S31580E27A000030E0E30010A0E300308DE50400A0E161
S31580E27A100120A0E1FF30A0E3E90100EB000050E3A2
S31580E27A200000E0B3160000BA2C00A0E3B7FFFFEB3C
S31580E27A30004096E50F0000EA0C109DE560009FE5A8
S31580E27A40D2E0FFEB0030E0E30010A0E300308DE50A
S31580E27A500400A0E10120A0E10C309DE5EDFFFFEA04
S31580E27A606631D4E5000053E30100000A0400A0E198
S31580E27A70DDFEFFEB004094E5060054E1F7FFFF1AD6
S31580E27A80D2FFFFEA10D08DE27080BDE8549AE4809E
S31580E27A90F054E480280BE480F00AE480E90AE4808A
S31580E27AA0FB0AE4800F0BE4800000A0E31EFF2FE1D7
S31580E27AB0283090E5082093E518309FE5A23283E0EE
S31580E27AC00331A0E1000093E51F2002E23002A0E14B
S31580E27AD0010000E21EFF2FE10AC0050838402DE9C9
S31580E27AE00040A0E10150A0E10100A0E12C109FE559
S31580E27AF0DC2900EB000050E30600000A0500A0E165
S31580E27B001C109FE5D72900EB000050E30400A0019A
S31580E27B100000A0133880BDE80000E0E33880BDE8CD
S31580E27B20390BE480400BE480FBC001E2290051E39B
S31580E27B3001005C1382C3A0E110402DE901EB8C03C6
S31580E27B4001C08C138140A0E101E08E03000090E544
S31580E27B5004C08E0104C08C11000052E3083080E537
S31580E27B600CC080E50300001A343090E5200013E370
S31580E27B70FCFFFF0A0F0000EAFD2002E2010052E369
S31580E27B800800001A342090E5050012E30200000A9C
S31580E27B9028009FE57DE0FFEB040000EA100012E397
S31580E27BA0F7FFFF0A030000EA14009FE577E0FFEBA8
S31580E27BB00000A0E31080BDE80100A0E31080BDE8EC
S31580E27BC0470BE480670BE480F8402DE9007051E2D0
S31580E27BD0F880BD08870052E10250A0E10020A03380
S31580E27BE00060A0E10240A0310C00003A0500A0E16D
S31580E27BF0D53900EB0710A0E10040A0E10500A0E145
S31580E27C00FB3900EB000051E301408412024044E27A
S31580E27C10A420A0E1FF2002E2043062E0FF4003E21A
S31580E27C20024484E1003096E51B4884E3044083E520
S31580E27C30F880BDE838402DE9283090E50050A0E193
S31580E27C400C2093E5000052E31800001A0243A0E3F9
S31580E27C501C3094E50230C3E31C3084E5203094E5A1
S31580E27C60AC019FE5022083E30230C3E3202084E572
S31580E27C70203084E545E0FFEB743194E53F34C3E39D
S31580E27C80093483E3743184E5782194E584319FE590
S31580E27C90FF2402E2033082E1783184E578319FE5A0
S31580E27CA09C2194E5033082E19C3184E5460000EA3A
S31580E27CB0010052E32300001A0243A0E35C019FE540
S31580E27CC032E0FFEB1C3094E50430C3E350019FE5DC
S31580E27CD01C3084E52DE0FFEB203094E544019FE5FE
S31580E27CE0042083E30430C3E3202084E5203084E566
S31580E27CF026E0FFEB603194E5FF35C3E30F37C3E35C
S31580E27D00493583E3023783E3603184E5643194E580
S31580E27D103F30C3E3123083E3643184E5903194E506
S31580E27D202336E0E10336E0E1903184E5D03194E533
S31580E27D303F3883E3D03184E5E43194E53F38C3E3E9
S31580E27D40E43184E5200000EA020052E31700001ADB
S31580E27D500243A0E3FC3094E50830C3E3FC3084E5DB
S31580E27D60FC3094E5C0009FE5022783E30237C3E354
S31580E27D70FC2084E5FC3084E504E0FFEB5C3194E5AD
S31580E27D802339A0E10339A0E1493B83E3923083E3DF
S31580E27D905C3184E5D83194E56E35C3E3D83184E548
S31580E27DA0D83194E5013383E3D83184E5060000EAED
S31580E27DB078109FE578009FE5F4DFFFEB74109FE58E
S31580E27DC074009FE5F1DFFFEB080000EA6C409FE577
S31580E27DD0000094E552F9FFEB0110A0E3000094E580
S31580E27DE045F9FFEB000094E50110A0E319F9FFEBFA
S31580E27DF0D261FFEB48109FE50020A0E1280095E5DF
S31580E27E0070FFFFEB6400A0E3222A00EB0000A0E310
S31580E27E103880BDE8780BE4804992240000CF0C0FCD
S31580E27E20880BE4809B0BE480AB0BE480BB0BE480A5
S31580E27E305C99E380CB0BE4807199E380EA0BE48082
S31580E27E40B09EE480801A0600F8452DE9B030D1E193
S31580E27E500070A0E1330053E30140A0E102A0A0E17B
S31580E27E60288090E50100001A90029FE5FD2900EB4B
S31580E27E70043094E5000053E30360A0010300000AA6
S31580E27E80020013E32332A001016003020360A01320
S31580E27E90280097E5003090E5343093E5030B13E351
S31580E27EA00C00001AB030D4E1190053E30B00000A4B
S31580E27EB00010D4E5280097E50620A0E1083094E595
S31580E27EC018FFFFEB000050E334029F05B010D401A7
S31580E27ED01200001AADDFFFEB0000E0E3F885BDE8B3
S31580E27EE0B438D7E108509AE53710A0E30120A0E341
S31580E27EF00338A0E10BFFFFEB0530A0E1280097E510
S31580E27F001710A0E30120A0E306FFFFEB005050E24A
S31580E27F10E6FFFF1AEC019FE59CDFFFEB0F0000EA2C
S31580E27F20043094E5010013E30A00000A020013E339
S31580E27F30003098E51420931518208415182093159F
S31580E27F4014208415143093051C2093152030931544
S31580E27F50102084150C3084E500005AE30100001AF3
S31580E27F600000A0E3F885BDE804209AE5013012E23C
S31580E27F703700000A442097E50C009AE508309AE536
S31580E27F8028C097E5040052E3900303E000109CE5E5
S31580E27F900B20A0030320A013002882E102E5A0E3E0
S31580E27FA00000A0E300409AE524E081E5283081E5FF
S31580E27FB02C2081E500209CE5341092E5010A11E34C
S31580E27FC00900000A406092E500E084E00020A0E338
S31580E27FD03652A0E1082082E2200052E30150CEE44C
S31580E27FE0FAFFFF1A040080E2043043E2012043E212
S31580E27FF0020052E30C00008A400011E30A00000A04
S31580E2800000209CE5005084E0406092E50020A0E3F9
S31580E2801082E1A0E136EEA0E102E0C5E7012082E25C
S31580E28020030052E1F9FFFF1A0030A0E30A0011E3F0
S31580E280300400000AD0009FE554DFFFEBCC009FE509
S31580E28040CC109FE5A2FFFFEA020B11E3D8FFFF1AED
S31580E28050C2FFFFEA020012E3C0FFFF0A441097E57F
S31580E280600C009AE508409AE5282097E5040051E35A
S31580E28070900404E0002092E50910A0030110A01309
S31580E2808002C5A0E3001881E100E09AE524C082E51A
S31580E28090284082E52C1082E5040053E1341092E513
S31580E280A00C00002A020A11E30A00000A03508EE05D
S31580E280B00200D5E501C0D5E50008A0E10C0480E127
S31580E280C003C0DEE7043083E20C0080E103C0D5E53D
S31580E280D00C0C80E1400082E50A0011E30400000A0C
S31580E280E024009FE529DFFFEB28009FE528109FE526
S31580E280F077FFFFEA010B11E3E6FFFF1A97FFFFEA3C
S31580E2810050C300003B0CE480020CE4805B0CE4800C
S31580E281107F0CE4808399E380950CE4809499E380F4
S31580E2812038402DE9483090E50040A0E1010053E374
S31580E281300600001A4C5090E50061FFEB0510A0E1C5
S31580E281400020A0E1280094E53840BDE89DFEFFEAE4
S31580E28150020053E31400001A445090E5B438D0E1AB
S31580E28160040055E30250A0030050A0133710A0E3A9
S31580E281700120A0E30338A0E1280090E569FEFFEB49
S31580E28180280094E50610A0E30120A0E30530A0E1F3
S31580E2819064FEFFEB000050E33880BD1814009FE5D3
S31580E281A014109FE53840BDE8F8DEFFEA0C009FE553
S31580E281B03840BDE8F5DEFFEAAC0CE480A699E380C0
S31580E281C0CB0CE48017CEA0E3900C0CE0F34D2DE9C6
S31580E281D050619FE50040A0E108008CE200108DE549
S31580E281E044519FE5000086E040119FE50CA086E0C1
S31580E281F00280A0E103B0A0E10472A0E1872C00EB4B
S31580E282002C319FE5072085E0010054E34C318AE575
S31580E2821020319FE550318AE528208AE518319FE5AD
S31580E2822018219F0554318AE5102085050700000A4A
S31580E28230020054E308219F05202085050300000AF9
S31580E28240000054E3FC209FE5002085050422851783
S31580E28250072085E0F0109FE50C4082E50B00A0E167
S31580E2826004208DE51CFEFFEB04209DE5075085E0AA
S31580E28270010070E3040082E5172EA01394622210B7
S31580E28280C8109F155811821528009DE5C0109FE5FC
S31580E2829011FEFFEBBC109FE5010070E3173EA013D1
S31580E282A094632310B0209F155C21831500309DE5F1
S31580E282B0A8209FE50370E0E1173EA0E3946323E004
S31580E282C0072002E0542083E5000058E3382083E269
S31580E282D0080085E5381083E5048082150600001AD9
S31580E282E0010017E378309F050200000A100017E3C9
S31580E282F070309F1570309F05043082E5173EA0E30B
S31580E28300936424E00830A0E3603184E55C309FE545
S31580E283102C3084E50A00A0E191FCFFEB0000A0E3AB
S31580E2832008D08DE2F08DBDE8609AE480B49EE48068
S31580E28330EB0CE480487EE2802081E280347CE2803D
S31580E283400080102000001B2000001020400BE480FB
S31580E28350A87AE280390BE480801A0600B07AE2805D
S31580E2836011080000002D31010075190380BA8C01D5
S31580E283700080FF00F0402DE94C5099E51CD04DE29B
S31580E283800C20A0E30060A0E10170A0E10C008DE288
S31580E283900010A0E33C2800EB0500A0E1A91900EB60
S31580E283A0004050E238019F150410A0110700001A20
S31580E283B0022086E20500A0E10410A0E1AD2100EBF7
S31580E283C0006050E2030000AA18019FE50610A0E1D2
S31580E283D06EDEFFEB040000EA0500A0E10610A0E1F4
S31580E283E0952100EB000050E30100001A0000A0E3B3
S31580E283F0390000EA0500A0E10610A0E1E8209FE549
S31580E28400F42100EB000050E3F7FFFF0A0500A0E14C
S31580E284100610A0E1D4209FE5EE2100EB000050E3B8
S31580E28420F1FFFF1A0500A0E10610A0E1C0209FE55A
S31580E28430E82100EBBC409FE5000050E30030E0031A
S31580E284400700000A0330A0E300308DE50500A0E1D5
S31580E284500C308DE20610A0E194209FE5C02100EB6E
S31580E2846010309DE50500A0E10610A0E188209FE599
S31580E28470003084E5D72100EB000050E30100A01331
S31580E28480000087151400001A0340A0E300408DE542
S31580E284900500A0E10610A0E160209FE50C308DE2A8
S31580E284A0AF2100EB000050E30230A00300308705E5
S31580E284B010309D05043087050600000A0500A0E11C
S31580E284C00610A0E138209FE5C22100EB000050E3D0
S31580E284D0C5FFFF0A004087E50100A0E31CD08DE2DC
S31580E284E0F080BDE8F20CE4800B0DE480170DE480A9
S31580E284F0280DE480350DE480B09EE480E90AE480CC
S31580E28500400DE4804C0DE480F04D2DE928D04DE21B
S31580E2851001A0A0E10280A0E173F8FFEB005050E2F7
S31580E285200040E0035800000A944095E50A00A0E185
S31580E285300410A0E1AE3700EB000051E30400001A1C
S31580E285400800A0E10410A0E1A93700EB000051E3A6
S31580E285500800000A043088E0002064E20A3083E002
S31580E28560023003E02C019FE50410A0E10A2002E03C
S31580E28570013043E205DEFFEB0070A0E315B0A0E335
S31580E28580080057E13800002A943095E5086067E0F4
S31580E28590030056E10360A021403095E50A2087E09A
S31580E285A0000053E390109505013042E206308300E5
S31580E285B09103030091020200301095E506308310A4
S31580E285C0021801E2000051E32010A0132310A00359
S31580E285D021C0A01324C0A003BC10CDE114208DE5F8
S31580E285E00500A0E10C108DE20020A0E304308DE5C9
S31580E285F000C08DE510B08DE5AAF7FFEB00C09DE5E2
S31580E2860004309DE5004050E21300001A0420A0E108
S31580E286100500A0E10C108DE2BCC0CDE114308DE501
S31580E28620A0F7FFEB004050E20B00001A2630A0E3F1
S31580E28630BC30CDE10231A0E314308DE50420A0E127
S31580E286401D30A0E30500A0E10C108DE210308DE52F
S31580E2865094F7FFEB004050E20500000A38009FE500
S31580E28660BEDDFFEB000054E30100000A0740A0E113
S31580E28670050000EA0500A0E1FA1FA0E3C8F7FFEBD8
S31580E28680067087E0000050E3BCFFFF0A0400A0E129
S31580E2869028D08DE2F08DBDE85A0DE480B70DE480F6
S31580E286A0F04D2DE930D04DE201B0A0E10260A0E1CB
S31580E286B003A0A0E10CF8FFEB004050E20100001AB3
S31580E286C00000A0E3480000EA901094E5FAF7FFEB99
S31580E286D0000050E3F9FFFF1A0670A0E1603194E5ED
S31580E286E0E82094E5030057E10750A0310350A0212A
S31580E286F00B8085E0020058E10300009A0810A0E1B1
S31580E28700EC009FE5A1DDFFEB190000EA000055E3EE
S31580E287101700000A010055E31830A0031930A013B0
S31580E28720B431CDE1403094E51520A0E3000053E377
S31580E28730903094E518208DE5930B0B0010308DE593
S31580E287400400A0E10230A0E314108DE204208DE261
S31580E287501CB08DE504A08DE50C508DE508308DE5E5
S31580E2876050F7FFEB00B050E20300000A84009FE579
S31580E2877086DDFFEB00C0A0E3130000EA010055E3CB
S31580E287800B00000A0C30A0E3B431CDE10400A0E195
S31580E287901D30A0E314108DE20B20A0E11CB08DE524
S31580E287A018308DE53FF7FFEB000050E348009F1558
S31580E287B0EEFFFF1A0400A0E1FA1FA0E378F7FFEBD1
S31580E287C0000050E3EAFFFF1A05C0A0E105005CE184
S31580E287D0BAFFFF1A903094E50C7057E093AC2AE02A
S31580E287E008B0A0E1BCFFFF1A0600A0E130D08DE21E
S31580E287F0F08DBDE8E807E480C90DE4801408E480E2
S31580E28800143090E510402DE9000053E30040A0E1EA
S31580E288100300001A60009FE560109FE51420A0E344
S31580E288205ADDFFEB58109FE50020A0E3023191E785
S31580E28830000053E30900001A200094E540109FE50A
S31580E28840000050E3024181E7AC3084E5282084E5EC
S31580E288500700001A303094E5203084E51080BDE8C8
S31580E28860012082E2200052E3EFFFFF1A0100A0E33B
S31580E288701080BDE80300A0E11080BDE8DB0DE48056
S31580E28880F10DE480E49EE48070402DE95C609FE532
S31580E288900050A0E10040A0E3043196E7000053E3F4
S31580E288A00A00000A0500A0E1241093E56D2600EB9C
S31580E288B0000050E30500001A30309FE5040193E79B
S31580E288C0000050E30500001A1200E0E37080BDE884
S31580E288D0014084E2200054E3EEFFFF1AF9FFFFEA4B
S31580E288E0AC3090E5013083E2AC3080E57080BDE863
S31580E288F0E49EE480F7402DE924409DE501C0A0E1B5
S31580E28900000054E30360A0E10130A0130330A0032A
S31580E2891000308DE58211A0E10030A0E30C20A0E1D9
S31580E289200070A0E120509DE5210900EB000050E3B4
S31580E289300A00001A000054E30800000A0230A0E3AD
S31580E2894020308DE50700A0E18411A0E10620A0E1B8
S31580E289500530A0E10CD08DE2F040BDE8140900EAD2
S31580E289600CD08DE2F080BDE807402DE900308DE540
S31580E2897010309DE504308DE50030A0E3DCFFFFEBAF
S31580E289800CD08DE204F09DE41F402DE902E0A0E1E7
S31580E2899010C08DE201106CE50120A0E300308DE588
S31580E289A00C10A0E10E30A0E1EEFFFFEB14D08DE2D9
S31580E289B004F09DE407402DE900C0A0E300C08DE508
S31580E289C010C09DE504C08DE5C9FFFFEB0CD08DE2BA
S31580E289D004F09DE4F04D2DE90260A0E128D04DE25D
S31580E289E0AC259FE50080A0E10170A0E10340A0E113
S31580E289F0D20600EB005050E20200001A94059FE591
S31580E28A00E2DCFFEBDD0000EA3D0700EB001050E21E
S31580E28A100200000A80059FE5DCDCFFEBD50000EA78
S31580E28A200500A0E19F10A0E310208DE20530A0E3CF
S31580E28A30D4FFFFEB000050E360059F15CA00001AE1
S31580E28A401130DDE510C0DDE50CC483E11230DDE5F1
S31580E28A500CC483E171C94CE217C04CE201005CE3CD
S31580E28A600800009A0500A0E11E0700EB0800A0E1DD
S31580E28A700710A0E10620A0E10430A0E1AF0600EBFA
S31580E28A80005050E2DCFFFF0A1230DDE51140DDE501
S31580E28A901370DDE5044483E11430DDE500A59FE54E
S31580E28AA0077483E15A30A0E31830CDE5F4B49FE54C
S31580E28AB00030A0E30360A0E10A80A0E11930CDE5B1
S31580E28AC01A30CDE51B30CDE51C30CDE504209AE5A4
S31580E28AD01010DDE5220851E11A00001A0218A0E121
S31580E28AE0210854E11700001A0B0052E10D00001A2A
S31580E28AF00730A0E300308DE50500A0E118108DE295
S31580E28B000520A0E320308DE296FFFFEB000050E3E4
S31580E28B1094049F159400001A2030DDE5530053E358
S31580E28B205330A0030030A013B820DAE1000052E30C
S31580E28B300100000A070052E10200001A18209AE5B5
S31580E28B40030052E10B00000A016086E2540056E31C
S31580E28B501CA08AE2DCFFFF1A50049FE58BDCFFEB68
S31580E28B601010DDE50420A0E10730A0E140049FE596
S31580E28B7086DCFFEB7D0000EA5C00A0E36ADEFFEBC9
S31580E28B801CB0A0E3960B0BE00BA088E0004050E21D
S31580E28B907600000A0010A0E35C20A0E33A2600EB10
S31580E28BA0FC339FE50C149FE50B3093E7043084E5B4
S31580E28BB00C3095E54C3084E5103095E54430C4E5DB
S31580E28BC014309AE5483084E504209AE50030A0E343
S31580E28BD0005084E5082084E503C081E0183083E212
S31580E28BE0030081E0180010E5020050E16500001AFA
S31580E28BF00F00BCE824E084E20F00AEE803009CE8C4
S31580E28C000430A0E303008EE84430C4E5A8339FE550
S31580E28C10543084E5A4339FE5583084E5A0339FE55C
S31580E28C20503084E51C30A0E3968323E04D0C57E375
S31580E28C300C1093E5102093E5143093E5910202E05F
S31580E28C40027CA003017CA013020013E32030A01370
S31580E28C502030C415107084E5141084E50C2084E578
S31580E28C60013AA0134A00000A183084E50530A0E3F1
S31580E28C701F30C4E5010452E30030A0E30F30CDE5B6
S31580E28C804C00008A1E30C4E50B30A0E33F30C4E5D9
S31580E28C902030A0E34130C4E54330C4E54030C4E54A
S31580E28CA04230C4E50130A0E33C30C4E54430D4E54B
S31580E28CB00220A0E3020013E33E20C4E54F00001A3F
S31580E28CC0043013E26800001AF8229FE5001092E56C
S31580E28CD0000051E38800000AEC029FE5EC329FE552
S31580E28CE0243080E50630A0E30C2094E50030C0E530
S31580E28CF0103094E5143080E50030A0E3F820C0E13E
S31580E28D000060A0E3183094E5103080E5346080E5B9
S31580E28D10BAFEFFEB0400A0E1F90000EB060054E1A5
S31580E28D200470A0E11100000A0C3094E5010453E3DB
S31580E28D309200009A483094E5010813E38F00000A16
S31580E28D4028108DE24830E0E3083061E50400A0E1D6
S31580E28D5000608DE50120A0E30630A0E1100100EB82
S31580E28D60060050E1830000AA64029FE507DCFFEB80
S31580E28D700500A0E1640600EB0500A0E1590600EBE0
S31580E28D800070A0E37F0000EA2D0E53E391FFFF1A05
S31580E28D9096FFFFEA040013E32730E0032030C405A0
S31580E28DA018108405B0FFFF0A5230A0E32030C4E5F4
S31580E28DB00239A0E3ABFFFFEA1030DDE50120A0E354
S31580E28DC0010053E31630A003C830A0131C30C4E57B
S31580E28DD01730A003C530A0131D30C4E50400A0E11E
S31580E28DE000208DE51C1084E20F308DE2820200EBDA
S31580E28DF0000050E3DDFFFF1A0F30DDE5A0FFFFEA5A
S31580E28E0014209AE5200012E33B20A0133F20C415EC
S31580E28E104020A0134120C4150500001A100012E379
S31580E28E204420E0133F20C4154020A0134120C415FE
S31580E28E304320C41514209AE5020C12E31220A013F3
S31580E28E403E20C4154020A0134020C4159BFFFF1A84
S31580E28E50010C12E31820A0133E20C4154020A01373
S31580E28E604020C4154220C41594FFFFEA14209AE5F7
S31580E28E70800012E30600000A6B20A0E33F20C4E5EF
S31580E28E807F20E0E34120C4E52020A0E34320C4E53F
S31580E28E90080000EA400012E30600000A1420E0E33C
S31580E28EA03F20C4E57F20E0E34120C4E54320C4E5DA
S31580E28EB00320A0E33C20C4E514209AE5020B12E3EA
S31580E28EC00500000A3220A0E33E20C4E57F20E0E3ED
S31580E28ED04020C4E52020A0E3050000EA010B12E36E
S31580E28EE078FFFF0A3820A0E33E20C4E57F20E0E356
S31580E28EF04020C4E54220C4E572FFFFEA0110A0E308
S31580E28F00000053E3001082E51000000A1C30A0E363
S31580E28F10968323E0143093E5C30E13E30B00000A35
S31580E28F20020813E36BFFFF1A0400A0E1820000EB64
S31580E28F30000050E367FFFF0A4430D4E594009FE5E2
S31580E28F400430C3E34430C4E590DBFFEB61FFFFEA24
S31580E28F501C30A0E3938626E0143096E5C30E13E335
S31580E28F605CFFFF0A020813E35AFFFF1A0400A0E13E
S31580E28F70710000EB57FFFFEA5C009FE583DBFFEBC6
S31580E28F800500A0E1E00500EB0700A0E128D08DE234
S31580E28F90F08DBDE880F0FA028F0FE480AB0FE480BB
S31580E28FA0CC0FE480788AE3801740C800E70FE4803C
S31580E28FB07B10E4809710E480F454E480F49AE280B3
S31580E28FC06C95E2807C9CE280649FE480689FE4808A
S31580E28FD03A10E4803F10E4800410E4806610E48076
S31580E28FE010402DE90040A0E1000090E5BD0500EBD0
S31580E28FF00400A0E11040BDE8BEDCFFEA040052E3D3
S31580E290002034A0E12028A0E120CCA00101C0C10546
S31580E290100220C1050330C1050400C1050120C11546
S31580E290200230C1150300C1151EFF2FE1FF412DE974
S31580E29030006090E51F30D0E510208DE2013062E5D8
S31580E290400130A0E300308DE50050A0E10170A0E19F
S31580E290500600A0E10810A0E30030A0E3540700EB8D
S31580E29060004050E20400A0112300001AEA5CFFEB04
S31580E290700080A0E100408DE50600A0E10810A0E3B3
S31580E290800020A0E30E308DE2490700EB000050E3BA
S31580E290901800001A2A30D5E50E20DDE50F3003E20E
S31580E290A05233A0E1010013E30D00001A0010A0E3A1
S31580E290B00230A0E300308DE50600A0E10130A0E1B8
S31580E290C00120A0E13A0700EB2A00D5E50E30DDE586
S31580E290D00F0000E25300A0E1010010E20000E0137D
S31580E290E0050000EA0800A0E1CB5CFFEB070050E157
S31580E290F0DFFFFF3AECFFFFEA0000E0E310D08DE20B
S31580E29100F081BDE837402DE97D1EA0E30050A0E165
S31580E29110C5FFFFEB004050E20F00E0130400001AA7
S31580E29120343095E50500A0E104108DE233FF2FE1AE
S31580E291300400A0E10CD08DE23080BDE837402DE915
S31580E291407D1EA0E30050A0E1B7FFFFEB004050E2B6
S31580E291500F00E0131000001A343095E504108DE21A
S31580E291600500A0E133FF2FE12E10D5E50120A0E333
S31580E291702112A0E104309DE51211A0E1030011E184
S31580E291800400A0110400001A031081E104108DE5A9
S31580E29190383095E50500A0E133FF2FE10CD08DE272
S31580E291A03080BDE8F7452DE9005090E5000053E3B5
S31580E291B00060A0E10500A0E10280A0E101A0A0E1BB
S31580E291C00370A0E174409FE57D4EA0134C0500EB51
S31580E291D0002050E20200A0111600001A000096E577
S31580E291E00610A0E30230A0E1E6FDFFEB000050E3CB
S31580E291F0100000BA28309DE500308DE50500A0E13B
S31580E292000A10A0E10820A0E10730A0E1E8FDFFEB2B
S31580E29210000050E3070000BA0410A0E10600A0E1D6
S31580E2922081FFFFEB004050E2010000BA0500A0E1B9
S31580E29230350500EB0400A0E10CD08DE2F085BDE8B7
S31580E29240881300007F402DE90140A0E30F10CDE5B1
S31580E292500150A0E100408DE50E108DE20420A0E1F0
S31580E292600F308DE20060A0E10E40CDE5CCFFFFEB52
S31580E29270000050E30E0000BA483096E5013A13E268
S31580E292800300A0010A00000A3130A0E30E30CDE5EA
S31580E292902554A0E100408DE50600A0E10E108DE2A6
S31580E292A00420A0E10F308DE20F50CDE5BCFFFFEB4D
S31580E292B0C00F00E010D08DE27080BDE870402DE9ED
S31580E292C00030A0E318D04DE214308DE5483090E5C9
S31580E292D00140A0E3020A13E30060A0E10C108DE5F1
S31580E292E01340CDE50700001A010A13E30230A0130A
S31580E292F00430A00100308DE513108DE20420A0E158
S31580E293000C308DE21E0000EAFF1001E218508DE279
S31580E29310041025E50420A0E100408DE513108DE2DE
S31580E293200530A0E19EFFFFEB000050E3160000BA95
S31580E293303130A0E31330CDE50D30DDE514308DE537
S31580E2934000408DE50600A0E113108DE20420A0E145
S31580E293500530A0E192FFFFEB000050E30A0000BA7D
S31580E293601130A0E31330CDE50E30DDE514308DE526
S31580E293700600A0E113108DE20420A0E10530A0E111
S31580E2938000408DE586FFFFEBC00F00E018D08DE24E
S31580E293907080BDE87F402DE90120A0E30C108DE5C9
S31580E293A018108DE2012061E50C308DE200208DE51A
S31580E293B07BFFFFEBC00F00E01CD08DE204F09DE462
S31580E293C010402DE91E30D0E518D04DE2010053E180
S31580E293D00040A0E10F10CDE50A00000A1D30D0E57D
S31580E293E018108DE20120A0E3013061E500208DE5D1
S31580E293F00F308DE26AFFFFEB000050E3020000BA15
S31580E294000F30DDE51E30C4E50000A0E318D08DE222
S31580E294101080BDE8F7452DE9005090E5000053E362
S31580E294200060A0E10500A0E10280A0E101A0A0E148
S31580E294300370A0E174409FE57D4EA013B00400EB7B
S31580E29440002050E20200A0111600001A000096E504
S31580E294505010A0E30230A0E14AFDFFEB000050E3AA
S31580E294601000001A28309DE500308DE50500A0E168
S31580E294700A10A0E10820A0E10730A0E14CFDFFEB55
S31580E29480000050E3070000BA0410A0E10600A0E164
S31580E29490E5FEFFEB004050E2010000BA0500A0E1E4
S31580E294A0990400EB0400A0E10CD08DE2F085BDE8E2
S31580E294B0881300007F402DE90150A0E30F10CDE52F
S31580E294C00140A0E100508DE50E108DE20520A0E17D
S31580E294D00F308DE20060A0E10E50CDE5CCFFFFEBD0
S31580E294E0000050E31E0000BA483096E5010A13E315
S31580E294F00F00001A483096E5023A13E20300A00113
S31580E295001700000A1130A0E30120A0E30E30CDE57A
S31580E295102448A0E100208DE50600A0E10E108DE250
S31580E295200F308DE20F40CDE5B9FFFFEBC00F00E0D3
S31580E295300B0000EA3130A0E30E30CDE52434A0E121
S31580E295400F30CDE500508DE50600A0E10E108DE2EC
S31580E295500520A0E10F308DE2ADFFFFEB000050E386
S31580E29560E3FFFFAA10D08DE27080BDE8F04D2DE9D1
S31580E29570023081E028D04DE20080A0E10000A0E345
S31580E295800240A0E101A0A0E118308DE5A25BFFEBED
S31580E29590483098E5010813E30430A0130330A003B2
S31580E295A0020A54E310308DE52436A0210130A0333F
S31580E295B008308DE514008DE5000098E5D20300EBD6
S31580E295C0185098E50A00A0E10510A0E1883300EB87
S31580E295D0000051E38300001A0400A0E10510A0E137
S31580E295E0833300EB000051E37E00001A010854E366
S31580E295F01D00003A0A38A0E12338B0E10E00000AE5
S31580E29600012863E22256A0E1022AB0E1012844E27F
S31580E29610033082E00328A0E10150851222C8B0E13E
S31580E296202368A0E10CB0A0011600000A22BEA0E1E8
S31580E29630033AB0E101B08B12120000EA0428A0E1FD
S31580E2964022C8B0E10CB0A0012468A0E10B50A001D1
S31580E296500C00000A045AA0E1255AB0E122BEA0E13C
S31580E2966001B08B120350A011060000EA043AA0E191
S31580E29670233AB0E124B6A0E101B08B120160A011D9
S31580E296800360A0010650A0E10000A0E3625BFFEB6D
S31580E296900A70A0E10C008DE50000E0E3000054E3EF
S31580E296A05100000A0C009DE55B5BFFEB640050E332
S31580E296B02000009A18309DE508109DE5030067E0DA
S31580E296C0213300EB28219FE5643060E20C308DE5A2
S31580E296D007306AE0020053E11C308DE514009DE517
S31580E296E00600009A4C5BFFEB1C309DE52015A0E15D
S31580E296F0010051E30300A0E10110A033050000EA76
S31580E29700455BFFEB1C309DE5010050E30010A02194
S31580E297100110A0330305A0E10B3300EB0C109DE5AD
S31580E297200020A0E1CC009FE598D9FFEB0000A0E302
S31580E29730395BFFEB0C008DE50800A0E1271CA0E178
S31580E297401EFFFFEB000050E3270000BA000055E35E
S31580E297500100000A2030A0E3020000EA000056E39E
S31580E297600200000A2730E0E32030CDE5010000EA7E
S31580E2977000005BE3F6FFFF1A0700A0E120108DE20E
S31580E2978010209DE51CFEFFEB10209DE50030A0E356
S31580E2979000308DE50800A0E120108DE2012082E212
S31580E297A07FFEFFEB000050E30F0000BA000055E3B6
S31580E297B0017A8712014A441201504512B6FFFF1A16
S31580E297C0000056E30178871201484412016046128E
S31580E297D0B1FFFF1A00005BE3017A8712014A441265
S31580E297E001B04B12ACFFFFEA0000E0E328D08DE245
S31580E297F0F08DBDE8FEFF3F00041BE480F7402DE9D3
S31580E29800005090E50170A0E10500A0E10260A0E1D0
S31580E298100340A0E1BA0300EB000050E30B00001A1C
S31580E2982020309DE500308DE50500A0E10430A0E121
S31580E298300710A0E10620A0E14AFCFFEB004050E2DF
S31580E29840010000BA0500A0E1AF0300EB0400A0E14D
S31580E298500CD08DE2F080BDE8F0402DE914D04DE2E7
S31580E2986010508DE20530A0E30170A0E3023065E599
S31580E298700140A0E100708DE50510A0E10720A0E19E
S31580E298800F308DE20060A0E1DBFFFFEB000050E3EA
S31580E29890240000BA0F30DDE5003084E5483096E5F5
S31580E298A0010A13E30D00000A3530A0E30E30CDE560
S31580E298B000708DE50600A0E10510A0E10720A0E199
S31580E298C00F308DE2CCFFFFEB000050E3150000BACB
S31580E298D0003094E50F20DDE5023483E1003084E553
S31580E298E0483096E5020A13E30D00000A1530A0E33C
S31580E298F00120A0E30E30CDE500208DE50600A0E153
S31580E299000510A0E10F308DE2BBFFFFEB000050E3D4
S31580E29910040000BA003094E50F20DDE5023883E1E9
S31580E29920003084E5000094E514D08DE2F080BDE855
S31580E29930F0402DE914D04DE210508DE20530A0E3DF
S31580E299400170A0E3023065E50140A0E100708DE59B
S31580E299500510A0E10720A0E10F308DE20060A0E1D2
S31580E29960A5FFFFEB000050E3240000BA0F30DDE5EF
S31580E29970003084E5483096E5010A13E30D00000ADB
S31580E299800930A0E30E30CDE500708DE50600A0E15A
S31580E299900510A0E10720A0E10F308DE296FFFFEBF4
S31580E299A0000050E3150000BA003094E50F20DDE5B3
S31580E299B0023483E1003084E5483096E5020A13E317
S31580E299C00D00000A6A30E0E30120A0E30E30CDE527
S31580E299D000208DE50600A0E10510A0E10F308DE2C2
S31580E299E085FFFFEB000050E3040000BA003094E507
S31580E299F00F20DDE5023883E1003084E5000094E55E
S31580E29A0014D08DE2F080BDE8FF4D2DE9005090E55F
S31580E29A10000053E3D4609FE50040A0E17D6EA01391
S31580E29A200500A0E10C608DE501A0A0E102B0A0E115
S31580E29A3030709DE50380A0E1310300EB006050E2E7
S31580E29A400600A0112700001A000094E50610A0E3A4
S31580E29A500620A0E10630A0E1CAFBFFEB000050E35E
S31580E29A60200000BA000057E34230D4E50120A0137B
S31580E29A700320A003033082E100308DE50500A0E1FA
S31580E29A808B11A0E10A20A0E10630A0E1C80400EB38
S31580E29A90000057E3100F6FE1A002A0E10000A003EF
S31580E29AA0000050E30700000A4030D4E50500A0E15B
S31580E29AB0023083E300308DE58711A0E10820A0E142
S31580E29AC00630A0E1BA0400EB0400A0E10C109DE5AB
S31580E29AD055FDFFEB004050E2010000BA0500A0E12F
S31580E29AE0090300EB0400A0E110D08DE2F08DBDE821
S31580E29AF088130000F04D2DE920D04DE210308DE53F
S31580E29B00483090E520708DE2010813E304A0A013AB
S31580E29B103E30D0E503A0A0030050A0E110B090E56E
S31580E29B20083067E50180A0E101308AE20000E0E3E7
S31580E29B300060A0E30C208DE514308DE50C309DE5C8
S31580E29B40030056E12200002A0500A0E1281CA0E1DC
S31580E29B501AFEFFEB000050E31D0000BA0800A0E108
S31580E29B600B10A0E1223200EB0C309DE5033066E07B
S31580E29B700B1061E0030051E10340A021003095E53E
S31580E29B800140A031083093E5000053E30100000A6A
S31580E29B90030054E10340A0210800A0E10710A0E100
S31580E29BA00A20A0E114FDFFEB10309DE500408DE533
S31580E29BB00500A0E10710A0E114209DE5063083E0D0
S31580E29BC090FFFFEB000050E3048088A0046086A04B
S31580E29BD0D9FFFFAA20D08DE2F08DBDE8F34D2DE9C5
S31580E29BE0005090E50080A0E10500A0E101A0A0E19F
S31580E29BF002B0A0E10370A0E128609DE5C00200EB1F
S31580E29C00004050E21900001A000056E34330D8E5DE
S31580E29C100120A0130320A003033082E100308DE50A
S31580E29C200500A0E10430A0E18B11A0E10A20A0E1C9
S31580E29C305F0400EB004050E20A00001A000056E39F
S31580E29C400800000A4120D8E50500A0E1022082E36F
S31580E29C5000208DE58611A0E10420A0E10730A0E195
S31580E29C60530400EB0040A0E10500A0E1A60200EB70
S31580E29C700400A0E108D08DE2F08DBDE8F04D2DE93B
S31580E29C800380A0E1483090E518D04DE2010813E365
S31580E29C904C3090E504A0A01303A0A003000053E398
S31580E29CA00050A0E101B0A0E10270A0E11400000A38
S31580E29CB00010A0E30830A0E300308DE50120A0E1AA
S31580E29CC00130A0E1000090E5390400EB4C1095E507
S31580E29CD00720A0E10B1081E00800A0E1012200EB61
S31580E29CE00010A0E31030A0E300308DE5000095E59A
S31580E29CF00120A0E10130A0E12D0400EB0000A0E309
S31580E29D00260000EA3C60D0E53F20D0E5016086E2AD
S31580E29D100A6086E0FF6006E20000E0E30C20CDE523
S31580E29D201130CDE51230CDE51330CDE51430CDE5F9
S31580E29D30000057E31900000A2B4CA0E10500A0E1E0
S31580E29D400410A0E19DFDFFEB000050E31300001A32
S31580E29D50014084E2044CA0E104406BE0070054E158
S31580E29D600740A0210B00A0E10C108DE20A20A0E1C1
S31580E29D70A1FCFFEB00408DE50500A0E10C108DE231
S31580E29D800620A0E10830A0E193FFFFEB000050E35C
S31580E29D9004B08BA0077064A0048088A0E3FFFFAACA
S31580E29DA018D08DE2F08DBDE838402DE9A0309FE5F0
S31580E29DB0000050E39C409FE50340A011DF59FFEB92
S31580E29DC00233A0E31C2093E50050A0E38020C2E3A7
S31580E29DD01C2083E5642193E57C109FE53F2DC2E359
S31580E29DE0642183E5642193E5092D82E3642183E599
S31580E29DF068309FE5842093E5032282E3842083E52D
S31580E29E008C2093E5032882E38C2083E550309FE51E
S31580E29E10005083E54C3100EB010040E2033280E3FF
S31580E29E20023683E3003084E50C3094E53F30C3E3C9
S31580E29E30013083E30C3084E528309FE5183084E5F1
S31580E29E400C3094E5023183E30C3084E50500A0E131
S31580E29E503880BDE8008013200000132000C2010094
S31580E29E600000142018A0E48001001F000000A0E397
S31580E29E70CCFFFFEA0100A0E3CAFFFFEA1EFF2FE163
S31580E29E801EFF2FE19C209FE5000050E398309FE57E
S31580E29E900230A00194209FE570402DE990109FE565
S31580E29EA004E083E20210A001042093E50C2082E321
S31580E29EB080009FE580C09FE50040A0E10050A0E3DE
S31580E29EC0042083E5002090E5800052E3005080057F
S31580E29ED0082093E5006094E5A226A0E17F2002E2D5
S31580E29EE0020056E10900001A00209EE5020812E30C
S31580E29EF0F3FFFF0A8C209CE5022882E38C208CE526
S31580E29F00002093E5022282E3002083E5ECFFFFEA6C
S31580E29F1020309FE50100D6E7012086E2002083E536
S31580E29F20FF0000E27080BDE800001320008013206D
S31580E29F30801000488011004818A0E48000001420B8
S31580E29F400000A0E3CEFFFFEA0100A0E3CCFFFFEA38
S31580E29F505C209FE5000051E358309FE50210A01196
S31580E29F60022982E20310A0018C3092E5013883E374
S31580E29F708C3082E540309FE50020A0E3000083E557
S31580E29F803C2083E5003091E5013283E30120A0E1C4
S31580E29F90043082E4043091E5013883E3103083E3D0
S31580E29FA0043081E5003092E5020713E3FCFFFF0A05
S31580E29FB01EFF2FE1008013200000132000100048CE
S31580E29FC00010A0E3E1FFFFEA0110A0E3DFFFFFEA72
S31580E29FD02C209FE52C309FE5000050E30300A00192
S31580E29FE00200A011083090E51C209FE5A336A0E18F
S31580E29FF0000092E57F3003E2030050E00100A01307
S31580E2A0001EFF2FE1008013200000132018A0E480B9
S31580E2A0100000A0E3EDFFFFEA0100A0E3EBFFFFEA29
S31580E2A02038402DE90040A0E10150A0E10030D4E5BE
S31580E2A030000053E30800000A0A0053E30200001A14
S31580E2A0400D00A0E30510A0E1C0FFFFEB0100D4E420
S31580E2A0500510A0E1BDFFFFEBF3FFFFEA3880BDE824
S31580E2A0600010A0E3EDFFFFEA0110A0E3EBFFFFEAB9
S31580E2A07000009FE51EFF2FE19458E48008402DE919
S31580E2A0800C009FE5150000EB08009FE50840BDE85F
S31580E2A090120000EA9458E480C458E48008402DE92E
S31580E2A0A0043099E5010013E30400001AEFFFFFEBA9
S31580E2A0B0000050E30880BD1814009FE5E12400EB20
S31580E2A0C010309FE5000093E5000050E30880BD185C
S31580E2A0D0F5FFFFEA201BE48020A0E4801EFF2FE14B
S31580E2A0E00C309FE5002093E52C2080E5000083E597
S31580E2A0F01EFF2FE11CA0E48080309FE530402DE9F1
S31580E2A100004093E544D04DE20C508DE2000054E3EA
S31580E2A1101800000A3C20A0E30010A0E304008DE2D0
S31580E2A120D92000EB0410A0E10500A0E13E2000EB7F
S31580E2A1300330A0E304308DE5103094E51C308DE5E4
S31580E2A140143094E520308DE5243094E524308DE595
S31580E2A150283094E528308DE51C3094E530308DE565
S31580E2A16004008DE2203094E52C308DE5E0EBFFEBC8
S31580E2A1702C4094E5E4FFFFEA44D08DE23080BDE8EE
S31580E2A1801CA0E48038402DE938309FE50050A0E1FC
S31580E2A190004093E5000054E30800000A0400A0E1D1
S31580E2A1A00510A0E12F2000EB000050E32C4094152F
S31580E2A1B0F7FFFF1A10309FE5004083E53880BDE85F
S31580E2A1C01500E0E33880BDE81CA0E48020A0E480AE
S31580E2A1D008402DE9C0FFFFEBBFFFFFEBBEFFFFEBC1
S31580E2A1E0BDFFFFEBBCFFFFEBBBFFFFEBBAFFFFEB75
S31580E2A1F0B9FFFFEBB8FFFFEBB7FFFFEBB6FFFFEB75
S31580E2A200B5FFFFEBB4FFFFEBB3FFFFEBB2FFFFEB74
S31580E2A210B1FFFFEBB0FFFFEBAFFFFFEBAEFFFFEB74
S31580E2A220ADFFFFEBACFFFFEBABFFFFEBAAFFFFEB74
S31580E2A230A9FFFFEBA8FFFFEBA7FFFFEBA6FFFFEB74
S31580E2A240A5FFFFEBA4FFFFEBA3FFFFEBA2FFFFEB74
S31580E2A250A1FFFFEBA0FFFFEB9FFFFFEB9EFFFFEB74
S31580E2A2609DFFFFEB9CFFFFEB9BFFFFEB9AFFFFEB74
S31580E2A27099FFFFEB98FFFFEB97FFFFEB96FFFFEB74
S31580E2A28095FFFFEB94FFFFEB93FFFFEB92FFFFEB74
S31580E2A29091FFFFEB78FFFFEB74FFFFEB0840BDE831
S31580E2A2A0B7FFFFEA10402DE97BFFFFEB1040BDE8E8
S31580E2A2B0103090E513FF2FE110402DE976FFFFEB9A
S31580E2A2C01040BDE8183090E513FF2FE1010052E31C
S31580E2A2D038402DE90240A0E11D00000A0350A0E1CA
S31580E2A2E00100003A020052E31C00001A0100A0E1DC
S31580E2A2F00A20A0E30010A0E3BA2300EB083099E538
S31580E2A3000040A0E1000053E11400000A960D50E3FC
S31580E2A3101400000A4B0C50E31200000A960C50E33C
S31580E2A3201000000AE10C50E30E00000A74309FE54B
S31580E2A330030050E10B00000A020015E30200001A56
S31580E2A34064009FE50410A0E190D6FFEB0100A0E354
S31580E2A3503880BDE854009FE58CD6FFEBFAFFFFEA32
S31580E2A3600000A0E33880BDE8045015E20400000A4C
S31580E2A3703C009FE50410A0E184D6FFEB34009FE524
S31580E2A380B82000EB084089E5CAFFFFEB24009FE591
S31580E2A390B42000EB000055E3F0FFFF0A51D6FFEB55
S31580E2A3A00D0050E3FBFFFFEA00C20100351BE480AB
S31580E2A3B0891BE480571BE48050C3000010402DE9DE
S31580E2A3C035FFFFEB1040BDE81C3090E513FF2FE12F
S31580E2A3D010402DE930FFFFEB1040BDE8203090E5DC
S31580E2A3E013FF2FE110402DE90040A0E12AFFFFEBA9
S31580E2A3F0243090E50400A0E11040BDE813FF2FE190
S31580E2A40010402DE90040A0E123FFFFEB283090E5E4
S31580E2A4100400A0E11040BDE813FF2FE1F0412DE9F1
S31580E2A4200050A0E10100A0E10160A0E10280A0E18C
S31580E2A4300370A0E13CD8FFEB004050E20500000A41
S31580E2A4400010A0E30620A0E10F2000EB051084E0D7
S31580E2A450058084E7047081E50400A0E1F081BDE82F
S31580E2A460302090E52C3090E504E02DE5033062E083
S31580E2A470040053E30430A0A30020A0E3030052E1EA
S31580E2A48030C090E5060000AA38E090E50CC08EE088
S31580E2A49082E1A0E131EEA0E102E0CCE7012082E2B6
S31580E2A4A0F5FFFFEA03308CE0303080E504F09DE48E
S31580E2A4B0003090E5003093E5010051E30230C303BA
S31580E2A4C0013083030500000A020051E30330C3032F
S31580E2A4D00200000A000051E30130C3030230830325
S31580E2A4E0800012E30338C3E30228A0130200001AB5
S31580E2A4F0400012E30128A0130020A003033082E18A
S31580E2A500002090E5003082E51EFF2FE1003090E5E5
S31580E2A510000053E31EFF2F110223A0E3603192E590
S31580E2A520923CC3E34930C3E3603182E5603192E530
S31580E2A530923C83E3493083E3603182E51EFF2FE17B
S31580E2A540010050E3F8452DE90040A0E10300009ABE
S31580E2A5500410A0E174019FE50CD6FFEB060000EA49
S31580E2A5600260A0E168219FE5020056E10400009ABC
S31580E2A57060019FE50610A0E104D6FFEB0060A0E350
S31580E2A580500000EA01C0A0E10370A0E10000A0E370
S31580E2A5903C10A0E30420A0E10C30A0E19EFFFFEB9B
S31580E2A5A0005050E20200001A2C019FE5F7D5FFEB3E
S31580E2A5B0F1FFFFEA24319FE5000095E5043193E758
S31580E2A5C0143085E50030A0E3030050E11C3085E5D8
S31580E2A5D0186085E5207085E50500A0030600A013D6
S31580E2A5E0EA5AFFEB003095E50243A0E3000053E32D
S31580E2A5F02020A0034020A0131C3094E50230C3E162
S31580E2A6001C3084E50500A0E1BFFFFFEB188095E5ED
S31580E2A610B257FFEB8810A0E10560A0E100A0A0E1BF
S31580E2A620492F00EB010040E2FF0050E30050A031E9
S31580E2A630FF50A023017085E20A00A0E18710A0E125
S31580E2A640412F00EB1C0086E5003194E5080050E1DD
S31580E2A650FF3FC3E30330C3E3023183E3003184E5A2
S31580E2A660000194E50750A011FF0FC0E30300C0E3A9
S31580E2A670020C80E3050080E1000184E5002194E597
S31580E2A6800233A0E3020C12E3FBFFFF1A002193E5FB
S31580E2A690012C82E3002183E5002193E50221C2E3D6
S31580E2A6A0002183E538309FE55220A0E3002083E550
S31580E2A6B0242093E5012082E3242083E5242093E588
S31580E2A6C0010012E3FCFFFF0A0600A0E1F885BDE87F
S31580E2A6D0A91BE48040597307E31BE4802F1CE480C6
S31580E2A6E0708AE3800000122002D7FFEA143090E5F8
S31580E2A6F0003093E5203083E3142090E5003082E554
S31580E2A7001EFF2FE10000A0E31EFF2FE11EFF2FE1D7
S31580E2A710F0412DE9382080E50170A0E10040A0E11A
S31580E2A7200110A0E3140080E20320A0E15FFFFFEBCB
S31580E2A73028819FE50760A0E1000056E33F00000A1A
S31580E2A740020A56E30050A0E30630A031023AA02383
S31580E2A750305084E52C3084E5142094E50C3082E593
S31580E2A760143094E5043093E5010C13E31500000AF6
S31580E2A770200013E30400000A143094E51C1093E5EC
S31580E2A7800400A0E135FFFFEB010000EA400013E39D
S31580E2A7900300000A143094E51C1093E50400A0E15E
S31580E2A7A02EFFFFEB2C2094E5303094E5030052E156
S31580E2A7B01100000A143094E51C1093E50400A0E130
S31580E2A7C026FFFFEB0C0000EA400013E30600000AD6
S31580E2A7D0143094E51C1093E50400A0E11FFFFFEB23
S31580E2A7E00530A0E10350A0E1DCFFFFEA080055E175
S31580E2A7F0013085E2FAFFFF9A050000EA2C2094E513
S31580E2A800303094E5030052E10100000A50009FE5F2
S31580E2A8105ED5FFEB305094E5000055E3020000AAD6
S31580E2A82040009FE559D5FFEB0A0000EA383094E50F
S31580E2A830066065E0053083E0383084E5BDFFFFEAF7
S31580E2A840143094E5003093E50338C3E3142094E5AD
S31580E2A8500750A0E1003082E50500A0E1F081BDE885
S31580E2A860809698005A1CE480711CE480F0412DE9C0
S31580E2A870342080E50160A0E10040A0E10010A0E381
S31580E2A880140080E20320A0E108FFFFEB48719FE518
S31580E2A8900680A0E1000058E34700000A020A58E376
S31580E2A8A00030A0E30820A031022AA023303084E5DC
S31580E2A8B02C2084E5141094E50C2081E52C1094E597
S31580E2A8C0302094E5020051E12300000A142094E549
S31580E2A8D0042092E5040012E31500000A300094E5B4
S31580E2A8E02C2094E50010A0E3022060E0040052E30D
S31580E2A8F00420A0A301C0A0E1020051E1060000AA63
S31580E2A90034E094E500E08EE00150DEE781E1A0E10B
S31580E2A91015CE8CE1011081E2F6FFFFEA022080E0AB
S31580E2A920302084E5142094E518C082E50320A0E176
S31580E2A930030000EA070053E1012083E29C009F8541
S31580E2A9401100008A0230A0E1DBFFFFEA070053E153
S31580E2A950012083E20500008A0230A0E1142094E51A
S31580E2A960042092E5010C12E3F7FFFF0A010000EAF8
S31580E2A9706C009FE5040000EA2C2094E5303094E5F3
S31580E2A980030052E10100000A58009FE5FFD4FFEB85
S31580E2A990305094E5000055E3020000AA48009FE5A6
S31580E2A9A0FAD4FFEB0A0000EA343094E5088065E0E9
S31580E2A9B0053083E0343084E5B5FFFFEA143094E570
S31580E2A9C0003093E50338C3E3142094E50650A0E112
S31580E2A9D0003082E50500A0E1F081BDE8809698002E
S31580E2A9E0921CE480AE1CE480D41CE480711CE4807A
S31580E2A9F073402DE90050A0E10240A0E10100A0E110
S31580E2AA00143095E5C0109FE5101083E5143095E586
S31580E2AA10FF0052E30C2083E5283095E50300009A97
S31580E2AA20030010E30100001A3F1012E20400000A5C
S31580E2AA30FF1003E20420A0E10130A0E3B557FFEB6B
S31580E2AA40090000EAFF3003E200108DE50310A0E181
S31580E2AA500130A0E3F357FFEB2800D5E5C958FFEBB9
S31580E2AA60000050E364009F050C00000A60609FE5E9
S31580E2AA70143095E50C3093E5000053E30400000AB8
S31580E2AA800100A0E3F71E00EB016056E2F7FFFF2A22
S31580E2AA90050000EA000056E30300001A34009FE551
S31580E2AAA034109FE5B9D4FFEB1540E0E3143095E529
S31580E2AAB00020A0E32800D5E5102083E56458FFEB6B
S31580E2AAC00400A0E108D08DE27080BDE801000100BB
S31580E2AAD0EC1CE48080969800131DE4805898E3800D
S31580E2AAE0F7452DE90050A0E10170A0E10240A0E126
S31580E2AAF0143090E524119FE5141083E5143090E537
S31580E2AB00FF0052E30C2083E53F6002E20300009AF5
S31580E2AB10030017E30100001A000056E32000000A52
S31580E2AB2024A3B0E10400000A0700A0E12410D5E5E1
S31580E2AB300A23A0E10030A0E37657FFEB000056E35C
S31580E2AB402000000AD8809FE5143095E50C3093E525
S31580E2AB50000053E30400000A0100A0E3C11E00EBFB
S31580E2AB60018058E2F7FFFF2A050000EA000058E379
S31580E2AB700300001AAC109FE5AC009FE583D4FFEB9F
S31580E2AB801D0000EA0030A0E300308DE52410D5E513
S31580E2AB900700A0E10A20A0E10630A0E19957FFEB89
S31580E2ABA0080000EA2410D0E50630A0E10700A0E123
S31580E2ABB000608DE59B57FFEB2400D5E57158FFEBEE
S31580E2ABC0000050E30C00000A54609FE5143095E5DE
S31580E2ABD00C3093E5000053E30400000A0100A0E391
S31580E2ABE0A01E00EB016056E2F7FFFF2A030000EAAF
S31580E2ABF0000056E3DEFFFF0A000000EA1540E0E3CC
S31580E2AC00143095E50020A0E32400D5E5142083E501
S31580E2AC100F58FFEB0400A0E10CD08DE2F085BDE891
S31580E2AC2001000100809698006E98E380391DE480E9
S31580E2AC30F8402DE90040A0E10160A0E1140080E245
S31580E2AC400010A0E30270A0E10320A0E117FEFFEB73
S31580E2AC50000094E5000050E30800A0030B00A01377
S31580E2AC60A258FFEBFF0050E3280084E50400001AB7
S31580E2AC707C109FE57C009FE544D4FFEB0F00E0E388
S31580E2AC80F880BDE8F257FFEB0050A0E3000056E300
S31580E2AC900800000A020A56E3051087E00620A03182
S31580E2ACA00400A0E1022AA02350FFFFEB005085E0DA
S31580E2ACB0066060E0F4FFFFEA143094E5003093E545
S31580E2ACC00338C3E3142094E5003082E5283094E526
S31580E2ACD0FF0053E30400000A000094E5000050E31D
S31580E2ACE00800A0030B00A013D558FFEB0500A0E1F6
S31580E2ACF0F880BDE88398E380611DE480F8402DE921
S31580E2AD000040A0E10160A0E1140080E20110A0E32E
S31580E2AD100270A0E10320A0E1E4FDFFEB000094E5F0
S31580E2AD20000050E30700A0030A00A0136F58FFEB70
S31580E2AD30FF0050E3240084E51B00000AC457FFEBC2
S31580E2AD400050A0E3000056E30800000A020A56E338
S31580E2AD50051087E00620A0310400A0E1022AA023A4
S31580E2AD605EFFFFEB005085E0066060E0F4FFFFEAFD
S31580E2AD70143094E5003093E50338C3E3142094E578
S31580E2AD80003082E5243094E5FF0053E30400000AB4
S31580E2AD90000094E5000050E30700A0030A00A01338
S31580E2ADA0A758FFEB0500A0E1F880BDE80F00E0E3DD
S31580E2ADB0F880BDE8F0412DE9070011E318609DE5D2
S31580E2ADC03200001A010016E30050A0E10380A0E100
S31580E2ADD00270A0E10140A0E10000000A42FEFFEB22
S31580E2ADE0002097E20120A013003098E20130A01300
S31580E2ADF0030012E10300000A98009FE5E3D3FFEB2C
S31580E2AE000000A0E3180000EA000052E3A411A0E1EA
S31580E2AE100A00000A020C51E30500A0E10720A0E146
S31580E2AE200630A0E10100003A030017E30100000AC0
S31580E2AE308DFEFFEB0C0000EA7CFFFFEB0A0000EAE6
S31580E2AE40000053E30000E0030700000A020C51E32E
S31580E2AE500500A0E10820A0E10630A0E10100003A69
S31580E2AE60A5FFFFEB000000EA28FEFFEB020016E3F7
S31580E2AE700400000A143095E5003093E52030C3E300
S31580E2AE80142095E5003082E5C00F00E0F081BDE850
S31580E2AE900000E0E3F081BDE8771DE48068329FE55B
S31580E2AEA0302090E5001093E510402DE95CE29FE5C5
S31580E2AEB0280090E501E00EE0541092E5044090E52A
S31580E2AEC0000051E3181092E550C0A00340C0A013E1
S31580E2AED004E78EE1000051E3004090E5021BA00307
S31580E2AEE00010A01304EC8EE10C1081E101108EE1DA
S31580E2AEF0001083E5101093E5581092E55CC092E568
S31580E2AF000111A0E18C1081E160C092E50C1081E133
S31580E2AF1028C090E58C1181E124C090E58C1581E111
S31580E2AF2020C090E58C1981E108C090E50C1A81E198
S31580E2AF3064C092E58C1A81E11CC090E58C1B81E1AC
S31580E2AF4018C090E50C1C81E114C090E58C1D81E16E
S31580E2AF5010C090E50C1F81E10CC090E58C1F81E169
S31580E2AF60101083E5141093E50111C1E3141083E513
S31580E2AF703C1093E5FFC401E2401090E501108CE1BC
S31580E2AF803C1083E5401093E528C092E5FF1401E288
S31580E2AF900C1681E138C092E50C1081E1401083E520
S31580E2AFA0441093E52CC092E5FF1401E20C1681E190
S31580E2AFB030C092E50C1081E1441083E5281092E5D9
S31580E2AFC02CC092E548E093E501C08CE0301092E532
S31580E2AFD0344092E501C08CE0FFE40EE284E68EE145
S31580E2AFE004108CE001108EE1481083E54C1093E565
S31580E2AFF03CC092E5FF1EC1E30F10C1E30C1081E174
S31580E2B0004C1083E5501093E544C092E5FF1EC1E300
S31580E2B0100F10C1E30C1081E1501083E5F0109FE53B
S31580E2B02054C093E50C1001E048C090E58C1081E1B4
S31580E2B0304CC090E50C1081E144C090E50C1781E1AB
S31580E2B04040C092E58C1781E1541083E54C1090E57F
S31580E2B0503CC092E5000051E338E09205404092E53B
S31580E2B060441092E50EE08C0004C08E000CC0841081
S31580E2B07001E08CE058C093E57F1DCCE33F10C1E34D
S31580E2B08001108EE1581083E5A41093E51CC092E589
S31580E2B090211BA0E1011BA0E18C1581E120C092E594
S31580E2B0A00C1081E1A41083E5201092E550C090E572
S31580E2B0B001106CE0501080E5B80093E5FF0EC0E326
S31580E2B0C00F00C0E3011080E1B81083E50213A0E32C
S31580E2B0D0000191E5010180E3000181E5000191E54E
S31580E2B0E00101C0E3000181E5BC1093E5242092E5ED
S31580E2B0F07F1FC1E30310C1E3821081E1011C81E37A
S31580E2B100011081E3BC1083E51080BDE800000120D8
S31580E2B11086370000002000F8F04D2DE94ADF4DE247
S31580E2B1204A3F8DE20020A0E3042123E5202090E53A
S31580E2B1300C208DE51C2090E510208DE50210A0E123
S31580E2B1400080A0E1F8219FE50C009DE5921000EBDE
S31580E2B15024309DE5000053E30200000A032083E2E7
S31580E2B1600230A0B14331A0E1D8219FE508308DE5D8
S31580E2B170D83092E5040013E3FCFFFF0A0070A0E3F7
S31580E2B1800760A0E107A0A0E108309DE5030057E152
S31580E2B190690000AA0050A0E300C0A0E300C08DE5EC
S31580E2B1A00C009DE510109DE594219FE5073085E032
S31580E2B1B014C08DE50A1600EB000055E32200000A72
S31580E2B1C0010055E314C09DE51200001AEF3000E25B
S31580E2B1D0032043E2FD0012E3FFB000E20100000A31
S31580E2B1E023005BE30400001A2C3098E50160A0E3BB
S31580E2B1F0844093E5024084E3030000EA290053E3B6
S31580E2B2002C3098050C60A0018440930534319FE58B
S31580E2B210DC4083E50D0000EA2C319FE5030050E136
S31580E2B2200F00000A010056E34A3F8D020530830093
S31580E2B2300E0143050800000A000056E328308D021D
S31580E2B2400530830002004305030000EA00A0A0E186
S31580E2B250F4309FE5030050E11200000A015085E2D6
S31580E2B260CCFFFFEA010056E31100001A1D40DDE53E
S31580E2B2701C30DDE50448A0E1034484E12C3098E506
S31580E2B280803093E5034384E1B8309FE50B4084E167
S31580E2B290D04083E5D82093E5010012E3FCFFFF0A64
S31580E2B2A00A00A0E1FB1C00EB015085E2057087E015
S31580E2B2B0B4FFFFEA000056E3FAFFFF1A024045E2D6
S31580E2B2C080C09FE54401A0E128108DE20630A0E12E
S31580E2B2D0000053E1050000AA042091E4013083E2F4
S31580E2B2E020208DE5FF3003E2D4208CE5F7FFFFEAEC
S31580E2B2F0032014E20600000A0030A0E34A0F8DE242
S31580E2B300083120E5771C00EB38309FE520209DE56B
S31580E2B310D42083E52C3098E5803093E503338BE1C6
S31580E2B320044483E11C309FE5D04083E5D82093E551
S31580E2B330010012E3FCFFFF0AD8FFFFEA4ADF8DE253
S31580E2B340F08DBDE89C1DE48000000120FF0F000027
S31580E2B35014209FE5681090E5043092E50339C3E353
S31580E2B360013783E1043082E51EFF2FE100000120F0
S31580E2B37038402DE920509FE50100A0E3044095E5A1
S31580E2B380C41C00EB0349C4E3014984E30100A0E362
S31580E2B390C01C00EB044085E53880BDE80000012052
S31580E2B3A070402DE90050A0E10140A0E10260A0E1F9
S31580E2B3B0EEFFFFEB000055E30200000A010055E3D1
S31580E2B3C00400001A014484E318309FE53200A0E3CA
S31580E2B3D0A84083E5A31C00EB300096E5DBFFFFEB9C
S31580E2B3E00000A0E37080BDE800000120F8452DE969
S31580E2B3F0AC409FE50170A0E1A83094E5A80084E521
S31580E2B4003200A0E30260A0E1961C00EB0050A0E3CC
S31580E2B4100DA4A0E3060055E12000000A0C3094E575
S31580E2B4206400A0E30984A0E30CA084E58D1C00EB14
S31580E2B4300C3094E56400A0E30C8084E5891C00EB83
S31580E2B4400C3094E50134A0E30C3084E56400A0E39B
S31580E2B450841C00EB0C3094E51934A0E30C3084E5CF
S31580E2B4606400A0E37F1C00EB0C3094E56400A0E36B
S31580E2B4700C8084E57B1C00EB0C3094E56400A0E351
S31580E2B480FF34C3E3053187E70C3094E52D34A0E33E
S31580E2B4900C3084E5731C00EB015085E2DCFFFFEAA9
S31580E2B4A0F885BDE80000012008402DE90233A0E3DB
S31580E2B4B0083093E51800A0E3FF2003E22314A0E11D
S31580E2B4C02336A0E1033003E20F1001E2920000E0AE
S31580E2B4D01113A0E19C2B00EB0880BDE8F0452DE935
S31580E2B4E014D04DE20060A0E10150A0E1871500EBA7
S31580E2B4F0010070E358049F050600000A0600A0E1F9
S31580E2B5000010A0E30120A0E35A1500EB007050E2A0
S31580E2B5100300001A3C049FE51CD2FFEB0100A0E386
S31580E2B520090100EA10208DE20080A0E3187085E52B
S31580E2B530088022E50600A0E10710A0E1511500EBA4
S31580E2B540004050E210049F05F2FFFF0A0410A0E1DA
S31580E2B5501C4085E504249FE50C308DE20600A0E1DF
S31580E2B56030A095E58C0F00EB0410A0E10830A0E155
S31580E2B570EC239FE50080E0E300008AE50600A0E197
S31580E2B58030A095E5021500EB303095E50710A0E195
S31580E2B590D0239FE514008AE5144093E50600A0E1F6
S31580E2B5A0010054E300808DE51100001A0430A0E129
S31580E2B5B00B1500EB000050E3040085E5A8039FB578
S31580E2B5C0090000BA00808DE50600A0E10710A0E13F
S31580E2B5D090239FE50230A0E3011500EB000050E3E3
S31580E2B5E00C0085E5120000AA80039FE5E7D1FFEB18
S31580E2B5F0D40000EA0130A0E3F91400EB000050E346
S31580E2B600040085E568039FB5C2FFFFBA00808DE539
S31580E2B6100600A0E10710A0E148239FE50230A0E3FF
S31580E2B620EF1400EB000050E30C0085E544039FB580
S31580E2B630B8FFFFBA0130A0030030A0130040E0E378
S31580E2B6400C3085E50600A0E100408DE50710A0E11B
S31580E2B65024239FE50130A0E3E11400EB000050E3F0
S31580E2B660080085E514039FB5AAFFFFBA00408DE581
S31580E2B6700600A0E10710A0E1FC229FE50230A0E3EC
S31580E2B680D71400EB000050E3100085E5F0029FB589
S31580E2B690A0FFFFBA0130A0030030A0130040A0E370
S31580E2B6A0103085E58140C5E58040C5E50710A0E11B
S31580E2B6B0D0229FE50430A0E10600A0E1B41400EBBD
S31580E2B6C00710A0E1C0229FE50430A0E1248095E541
S31580E2B6D0780085E50600A0E1AD1400EB0710A0E155
S31580E2B6E0A8229FE50430A0E1000088E50600A0E1FB
S31580E2B6F0248095E5A61400EB0710A0E190229FE551
S31580E2B7000430A0E1040088E50600A0E1248095E506
S31580E2B7109F1400EB0710A0E178229FE50430A0E1B8
S31580E2B720100088E50600A0E1248095E5981400EBF8
S31580E2B7300710A0E160229FE50430A0E1140088E5CD
S31580E2B7400600A0E1248095E5911400EB0710A0E1C4
S31580E2B75048229FE50430A0E1180088E50600A0E1D2
S31580E2B760248095E58A1400EB0710A0E130229FE55C
S31580E2B7700430A0E11C0088E50600A0E1288095E57A
S31580E2B780831400EB0710A0E118229FE50430A0E1C4
S31580E2B790000088E50600A0E1288095E57C1400EBB0
S31580E2B7A00710A0E100229FE50430A0E1040088E5CD
S31580E2B7B00600A0E1288095E5751400EB0710A0E16C
S31580E2B7C0E8219FE50430A0E1080088E50600A0E1D3
S31580E2B7D0288095E56E1400EB0710A0E1D0219FE565
S31580E2B7E00430A0E10C0088E50600A0E1288095E51A
S31580E2B7F0671400EB0710A0E1B8219FE50430A0E1D1
S31580E2B800100088E50600A0E1288095E5601400EB4B
S31580E2B8100710A0E1A0219FE50430A0E1140088E5AD
S31580E2B8200600A0E1288095E5591400EB0710A0E117
S31580E2B83088219FE50430A0E1180088E50600A0E1B2
S31580E2B840288095E5521400EB0710A0E170219FE570
S31580E2B8500430A0E11C0088E50600A0E1288095E599
S31580E2B8604B1400EB0710A0E158219FE50430A0E1DC
S31580E2B8702C0088E50600A0E1288095E5441400EBDB
S31580E2B8800710A0E140219FE50430A0E1200088E591
S31580E2B8900600A0E1288095E53D1400EB0710A0E1C3
S31580E2B8A028219FE50430A0E1240088E50600A0E196
S31580E2B8B0288095E5361400EB0710A0E110219FE57C
S31580E2B8C00430A0E1280088E50600A0E1288095E51D
S31580E2B8D02F1400EB0710A0E1F8209FE50430A0E1E9
S31580E2B8E0400088E50600A0E1288095E5281400EB73
S31580E2B8F00710A0E1E0209FE50430A0E1440088E55E
S31580E2B9000600A0E1288095E5211400EB0710A0E16E
S31580E2B910C8209FE50430A0E1480088E50600A0E162
S31580E2B920288095E51A1400EB0710A0E1B0209FE588
S31580E2B9300430A0E1285095E54C0088E50600A0E1B8
S31580E2B940131400EB500085E50400A0E114D08DE2EB
S31580E2B950F085BDE8AC1DE480CD1DE480EB1DE4807E
S31580E2B960161EE480211EE4802A1EE480351EE480D1
S31580E2B970611EE480961EE480C11EE480F51EE480AA
S31580E2B980FE1EE480221FE4804F1FE4805B1FE4807A
S31580E2B9906A1FE4807A1FE480881FE480961FE48031
S31580E2B9A0A71FE480BB1FE480CB1FE480DA1FE4801C
S31580E2B9B0E71FE480F51FE4800520E4801520E4801B
S31580E2B9C02620E4803620E4804320E4805120E4800F
S31580E2B9D06520E4807920E4808A20E4809A20E480ED
S31580E2B9E0AD20E480B820E480F8402DE91C5090E553
S31580E2B9F0206090E50040A0E1307090E50510A0E17E
S31580E2BA000600A0E100249FE50030A0E3E01300EB0E
S31580E2BA100510A0E1F4239FE50030A0E3180087E556
S31580E2BA200600A0E1307094E5D91300EB0510A0E1A1
S31580E2BA30DC239FE50030A0E31C0087E50600A0E159
S31580E2BA40307094E5D21300EB0510A0E1C4239FE5A4
S31580E2BA500030A0E3200087E50600A0E1307094E59F
S31580E2BA60CB1300EB0510A0E1AC239FE50030A0E309
S31580E2BA70240087E50600A0E12C7094E5C41300EB70
S31580E2BA800510A0E194239FE50030A0E3000087E55E
S31580E2BA900600A0E12C7094E5BD1300EB0510A0E151
S31580E2BAA07C239FE50030A0E3040087E50600A0E161
S31580E2BAB02C7094E5B61300EB0510A0E164239FE5B4
S31580E2BAC00030A0E3080087E50600A0E12C7094E54B
S31580E2BAD0AF1300EB0510A0E14C239FE50030A0E315
S31580E2BAE00C0087E50600A0E12C7094E5A81300EB34
S31580E2BAF00510A0E134239FE50030A0E3100087E53E
S31580E2BB000600A0E12C7094E5A11300EB0510A0E1FC
S31580E2BB101C239FE50030A0E3140087E50600A0E140
S31580E2BB202C7094E59A1300EB0510A0E104239FE5BF
S31580E2BB300030A0E3180087E50600A0E12C7094E5CA
S31580E2BB40931300EB0510A0E1EC229FE50030A0E321
S31580E2BB501C0087E50600A0E12C7094E58C1300EBCF
S31580E2BB600510A0E1D4229FE50030A0E3200087E51E
S31580E2BB700600A0E12C7094E5851300EB0510A0E1A8
S31580E2BB80BC229FE50030A0E3240087E50600A0E121
S31580E2BB902C7094E57E1300EB0510A0E1A4229FE5CC
S31580E2BBA00030A0E3280087E50600A0E12C7094E54A
S31580E2BBB0771300EB0510A0E18C229FE50030A0E32D
S31580E2BBC02C0087E50600A0E12C7094E5701300EB6B
S31580E2BBD00510A0E174229FE50030A0E3300087E5FE
S31580E2BBE00600A0E12C7094E5691300EB0510A0E154
S31580E2BBF05C229FE50030A0E3340087E50600A0E101
S31580E2BC002C7094E5621300EB0510A0E144229FE5D7
S31580E2BC100030A0E3380087E50600A0E12C7094E5C9
S31580E2BC205B1300EB0510A0E12C229FE50030A0E338
S31580E2BC30400087E50600A0E12C7094E5541300EB02
S31580E2BC400510A0E114229FE50030A0E3440087E5D9
S31580E2BC500600A0E12C7094E54D1300EB0510A0E1FF
S31580E2BC60FC219FE50030A0E3480087E50600A0E1DD
S31580E2BC702C7094E5461300EB0510A0E1E4219FE5E4
S31580E2BC800030A0E34C0087E50600A0E12C7094E545
S31580E2BC903F1300EB0510A0E1CC219FE50030A0E345
S31580E2BCA0500087E50600A0E12C7094E5381300EB9E
S31580E2BCB00510A0E1B4219FE50030A0E3540087E5BA
S31580E2BCC00600A0E12C7094E5311300EB0510A0E1AB
S31580E2BCD09C219FE50030A0E3580087E50600A0E1BD
S31580E2BCE02C7094E52A1300EB0510A0E184219FE5F0
S31580E2BCF00030A0E35C0087E50600A0E12C7094E5C5
S31580E2BD00231300EB0510A0E16C219FE50030A0E350
S31580E2BD10600087E50600A0E12C7094E51C1300EB39
S31580E2BD200510A0E154219FE50030A0E3640087E599
S31580E2BD300600A0E12C7094E5151300EB0510A0E156
S31580E2BD403C219FE50030A0E3680087E50600A0E19C
S31580E2BD502C7094E50E1300EB0510A0E124219FE5FB
S31580E2BD600030A0E36C0087E50600A0E12C7094E544
S31580E2BD70071300EB0510A0E10C219FE50030A0E35C
S31580E2BD80700087E50600A0E12C7094E5001300EBD5
S31580E2BD900510A0E1F4209FE50030A0E3740087E57A
S31580E2BDA00600A0E12C7094E5F91200EB0510A0E103
S31580E2BDB0DC209FE50030A0E3780087E50600A0E17D
S31580E2BDC02C7094E5F21200EB0510A0E1C4209FE509
S31580E2BDD00030A0E3800087E50600A0E12C7094E5C0
S31580E2BDE0EB1200EB0510A0E1AC209FE50030A0E36A
S31580E2BDF02C4094E5840087E50600A0E1E41200EB9E
S31580E2BE00880084E50000A0E3F880BDE8C720E480EE
S31580E2BE10D520E480E120E480EE20E480FD20E48009
S31580E2BE201021E4801F21E4802E21E4803D21E480FC
S31580E2BE304C21E4805B21E4807721E4808721E480E1
S31580E2BE409821E480A921E480C321E480DA21E48098
S31580E2BE50F121E4800822E4801B22E4803922E48016
S31580E2BE605322E4806822E4807C22E4809022E4808B
S31580E2BE70A522E480B322E480C122E480CF22E4805A
S31580E2BE80E622E480F422E4800223E4801023E48044
S31580E2BE902423E4804023E4804D23E4806023E4800D
S31580E2BEA070402DE91C5090E5206090E5304090E5A9
S31580E2BEB00510A0E10600A0E190219FE50030A0E315
S31580E2BEC0B31200EB0510A0E184219FE50030A0E3E8
S31580E2BED0180084E50600A0E1AD1200EB0510A0E1B2
S31580E2BEE070219FE50030A0E31C0084E50600A0E116
S31580E2BEF0A71200EB0510A0E15C219FE50030A0E3EC
S31580E2BF00200084E50600A0E1A11200EB0510A0E185
S31580E2BF1048219FE50030A0E3240084E50600A0E105
S31580E2BF209B1200EB0510A0E134219FE50030A0E3EF
S31580E2BF30280084E50600A0E1951200EB0510A0E159
S31580E2BF4020219FE50030A0E32C0084E50600A0E1F5
S31580E2BF508F1200EB0510A0E10C219FE50030A0E3F3
S31580E2BF60340084E50600A0E1891200EB0510A0E129
S31580E2BF70F8209FE50030A0E3380084E50600A0E1E2
S31580E2BF80831200EB0510A0E1E4209FE50030A0E3F8
S31580E2BF903C0084E50600A0E17D1200EB0510A0E1FD
S31580E2BFA0D0209FE50030A0E3440084E50600A0E1CE
S31580E2BFB0771200EB0510A0E1BC209FE50030A0E3FC
S31580E2BFC0540084E50600A0E1711200EB0510A0E1C1
S31580E2BFD0A8209FE50030A0E3580084E50600A0E1B2
S31580E2BFE06B1200EB0510A0E194209FE50030A0E300
S31580E2BFF05C0084E50600A0E1651200EB0510A0E195
S31580E2C00080209FE50030A0E3600084E50600A0E1A1
S31580E2C0105F1200EB0510A0E11C3094E568209FE5F5
S31580E2C020640084E50600A0E1591200EB0510A0E168
S31580E2C03058209FE5203094E5300084E50600A0E1B3
S31580E2C040531200EB400084E50000A0E37080BDE877
S31580E2C050C720E480D520E480E120E480EE20E480FD
S31580E2C0606E23E4807923E4808323E4808D23E48055
S31580E2C0709823E480A223E480AC23E480BB23E4809B
S31580E2C080CB23E480DB23E480EC23E480FC23E4809E
S31580E2C0900624E480F04D2DE90110A0E320D04DE2A4
S31580E2C0A000A0A0E12400A0E3A2D2FFEB0110A0E36E
S31580E2C0B00080A0E15400A0E39ED2FFEB0110A0E352
S31580E2C0C00070A0E14400A0E39AD2FFEB0110A0E366
S31580E2C0D00060A0E18400A0E396D2FFEB000057E384
S31580E2C0E0000058130300000A000050E300005613D4
S31580E2C0F00040A0E10100001A000C9FE5060000EA7C
S31580E2C1008400A0E308D1FFEBF45B9FE5000050E3F7
S31580E2C110000085E50200001AE80B9FE51BCFFFEBE6
S31580E2C120F40200EA304080E5248080E5287080E5EC
S31580E2C130346080E504A084E50243A0E31C3094E504
S31580E2C1400100A0E30135C3E31C3084E5203094E5A9
S31580E2C150013583E3203084E54E1900EB203094E507
S31580E2C1600A00A0E30135C3E3203084E5491900EBF8
S31580E2C170001095E54C2099E5202081E54C0099E573
S31580E2C180D5FCFFEB001050E27C0B9F15E2FFFF1A15
S31580E2C190003095E50120A0E3142083E55200A0E378
S31580E2C1A055E8FFEB1400A0E33A1900EB003095E581
S31580E2C1B0101093E5080093E54FE8FFEB003095E534
S31580E2C1C0480B9FE5081093E5102093E5EFCEFFEB51
S31580E2C1D0005095E5306095E5143096E5000053E32E
S31580E2C1E09300001A200095E51C1095E5202B9FE52B
S31580E2C1F0E71100EB303095E5640086E5643093E53F
S31580E2C200000053E30F00001A6C3194E52339A0E174
S31580E2C2100339A0E1923C83E3493083E36C3184E5E0
S31580E2C220F03A9FE5682194E5023003E0923683E3B3
S31580E2C230493A83E3683184E5943194E5FF3203E257
S31580E2C240943184E5600000EA010053E31700001AA6
S31580E2C250703194E5FF3EC3E30F30C3E3923F83E35D
S31580E2C260013083E3703184E56C2194E5A83A9FE559
S31580E2C270032102E2033082E16C3184E5943A9FE560
S31580E2C280682194E5023003E0923683E3493A83E318
S31580E2C290683184E5943194E50F3003E2943184E5A4
S31580E2C2A0983194E5FF3EC3E30F30C3E3180000EA1A
S31580E2C2B0020053E31800001A703194E52339A0E1B5
S31580E2C2C00339A0E1923C83E3493083E3703184E52C
S31580E2C2D06C2194E5403A9FE5032102E2033082E154
S31580E2C2E06C3184E52C3A9FE5682194E5023003E0DF
S31580E2C2F0923683E3493A83E3683184E5943194E57F
S31580E2C3000F3003E2943184E5983194E52338A0E155
S31580E2C3100338A0E1983184E52B0000EA030053E379
S31580E2C3202600001A643194E50737C3E30130C3E39C
S31580E2C330093683E3643184E5643194E53F34C3E3CB
S31580E2C3403F3AC3E3093383E3093983E3643184E51E
S31580E2C350703194E52339A0E10339A0E1923C83E38D
S31580E2C360493083E3703184E56C2194E5A8399FE511
S31580E2C370032102E2033082E16C3184E594399FE560
S31580E2C380682194E5023003E0923683E3493A83E317
S31580E2C390683184E5943194E50F3003E2943184E5A3
S31580E2C3A0983194E52338A0E10338A0E1983184E519
S31580E2C3B09C3194E50F36C3E39C3184E5020000EAC2
S31580E2C3C058099FE571CEFFEB010000EA0100A0E388
S31580E2C3D0B01800EB0500A0E1B0FEFFEB040095E5A6
S31580E2C3E0000050E3120100DA0C1095E5111F6FE1AF
S31580E2C3F0A112A0E1C0E7FFEB0100A0E3A51800EBE4
S31580E2C4000C10D5E5040095E592E7FFEB0A00A0E380
S31580E2C410A01800EB0C1095E5040095E5111F6FE17D
S31580E2C420A112A0E18BE7FFEB0A00A0E3991800EBEB
S31580E2C430FF0000EA010053E30001001A8C00A0E34A
S31580E2C4400310A0E1BBD1FFEB004050E2D0089F058C
S31580E2C45031FFFF0A2C4085E50500A0E1306095E5D5
S31580E2C46060FDFFEB643094E5000053E31C309605F3
S31580E2C4700300000A010053E30200001A1C3096E52D
S31580E2C480A330A0E13C3084E50273A0E3203096E558
S31580E2C4902CC095E57C3084E5783097E50C209CE5E8
S31580E2C4A0FF34C3E3FE08C3E308309CE504109CE551
S31580E2C4B00223A0E1832182E110309CE5012082E122
S31580E2C4C0832482E114309CE5033682E1833880E17D
S31580E2C4D0783087E51C3097E50100A0E30231C3E3BB
S31580E2C4E01C3087E5203097E5023183E3203087E50B
S31580E2C4F0681800EB203097E50A00A0E30231C3E337
S31580E2C500203087E5631800EB003197E50100A0E370
S31580E2C510013183E3003187E5743097E50231C3E385
S31580E2C520743087E5743097E50131C3E3743087E58B
S31580E2C530743097E5033283E3743087E5551800EB70
S31580E2C540743097E50332C3E3743087E5443094E58B
S31580E2C550020053E30130A0930200009A040053E301
S31580E2C5600230A0930330A083643086E5CDFBFFEBF7
S31580E2C5700070A0E10710A0E1A8079FE503CEFFEBDC
S31580E2C580241096E50700A0E1011081E26E2700EB18
S31580E2C590003094E5881094E57D2DA0E3013083E2B6
S31580E2C5A0930101E0920000E0672700EB0030A0E310
S31580E2C5B0543086E54C3094E5133F6FE1A332A0E137
S31580E2C5C05C3086E5503094E5133F6FE1A332A0E11B
S31580E2C5D0583086E51C3096E55CA094E5588094E573
S31580E2C5E00070A0E1600094E5303086E5703094E535
S31580E2C5F0383086E5683094E53C3086E5203096E54D
S31580E2C600403086E56C3094E5443086E5280086E560
S31580E2C6102CA086E5348086E5FA6FA0E3960000E0FA
S31580E2C6200710A0E1482700EB0710A0E1600084E54F
S31580E2C630960A00E0442700EB0710A0E15C0084E55F
S31580E2C640960800E0402700EB2C2095E5D8369FE55A
S31580E2C650001092E5580084E5001083E5181092E513
S31580E2C660041083E51C1092E5081083E5201092E51C
S31580E2C6700C1083E5241092E5101083E5281092E5EC
S31580E2C680141083E52C1092E51C1083E5301092E5B8
S31580E2C690201083E5341092E5241083E5381092E584
S31580E2C6A0281083E53C1092E5001283E5401092E57E
S31580E2C6B0041283E5441092E5081283E5481092E578
S31580E2C6C00C1283E54C1092E5101283E5501092E548
S31580E2C6D0141283E5541092E5181283E5581092E518
S31580E2C6E01C1283E55C1092E5201283E5601092E5E8
S31580E2C6F0241283E5641092E5281283E5681092E5B8
S31580E2C7002C1283E56C1092E5301283E5741092E583
S31580E2C710341283E5781092E5381283E57C1092E54F
S31580E2C7203C1283E5802092E5402283E50233A0E352
S31580E2C730746093E5880094E57F6FC6E3A00050E3DA
S31580E2C7400360C6E302028092500040928001A0918B
S31580E2C7500A10A0930300009A050D50E30300008AB5
S31580E2C7608000A0E10510A0E3F72600EB020000EAD4
S31580E2C7700510A0E3F42600EB400080E20233A0E35A
S31580E2C780060080E1740083E5742093E5012182E36B
S31580E2C790742083E594259FE5D83092E5040013E37F
S31580E2C7A0FCFFFF0A043095E5000053E31E0000DA41
S31580E2C7B00010A0E32900A0E3CFE6FFEB0010A0E3A0
S31580E2C7C02200A0E3CCE6FFEB0010A0E32400A0E386
S31580E2C7D0C9E6FFEB0A00A0E3AE1700EB0110A0E387
S31580E2C7E02900A0E39BE6FFEB0A00A0E3A91700EB92
S31580E2C7F00110A0E32200A0E396E6FFEB0500A0E3AA
S31580E2C800A41700EB0010A0E32200A0E391E6FFEB81
S31580E2C8101400A0E39F1700EB2400A0E30110A0E33D
S31580E2C8208CE6FFEB1400A0E39A1700EB0500A0E18B
S31580E2C83038FAFFEB0500A0E197F9FFEB2D0100EA5C
S31580E2C840020053E32B01001A683096E5000053E3B9
S31580E2C8501500001A682194E5B8349FE5023003E0BA
S31580E2C860493583E3923A83E3683184E56C3194E532
S31580E2C8702339A0E10339A0E1493B83E3923083E3A4
S31580E2C8806C3184E5942194E5A4349FE5FF2202E2AB
S31580E2C890033082E1943184E5243294E5FF3DC3E3BB
S31580E2C8A03C30C3E3243284E5050000EA013043E20A
S31580E2C8B0020053E30200009A78049FE533CDFFEB52
S31580E2C8C0010000EA0100A0E3721700EB207095E513
S31580E2C8D01C6095E50700A0E10610A0E158249FE5DB
S31580E2C8E00030A0E3304095E5291000EB0610A0E188
S31580E2C8F048249FE50030A0E31C0084E50700A0E120
S31580E2C900231000EB0610A0E134249FE50030A0E37B
S31580E2C910200084E50700A0E11D1000EB0610A0E1EF
S31580E2C92020249FE50030A0E3240084E50700A0E10F
S31580E2C930171000EB0610A0E10C249FE50030A0E37F
S31580E2C940680084E50700A0E1111000EB0610A0E183
S31580E2C950F8239FE50030A0E36C0084E50700A0E1C0
S31580E2C9600B1000EB0610A0E1E4239FE50030A0E384
S31580E2C970700084E50700A0E1051000EB0610A0E157
S31580E2C980D0239FE50030A0E3480084E50700A0E1DC
S31580E2C990FF0F00EB0610A0E1BC239FE50030A0E389
S31580E2C9A00263A0E34C0084E50700A0E1F80F00EB08
S31580E2C9B0288095E5307095E5500084E51C3096E553
S31580E2C9C00100A0E30135C3E31C3086E5203096E51D
S31580E2C9D0013583E3203086E52E1700EB203096E59D
S31580E2C9E00135C3E3203086E5203097E5502098E58F
S31580E2C9F0032062E034339FE5502088E5B81093E562
S31580E2CA00FF1EC1E30F10C1E3022081E1B82083E576
S31580E2CA1000100FE1802081E302F021E1002196E51A
S31580E2CA20012182E3002186E5002196E50121C2E328
S31580E2CA30002186E501F021E1BC2093E5241097E50B
S31580E2CA40012C82E3012082E3812082E1BC2083E51E
S31580E2CA50042093E5481094E57F2DC2E3012382E129
S31580E2CA60042083E5042093E54C1094E53E20C2E35E
S31580E2CA70812082E1042083E5042093E5681094E531
S31580E2CA800329C2E3012782E1042083E5042093E5BA
S31580E2CA906C1094E5022AC2E3812682E1042083E5D2
S31580E2CAA0042093E50110C2E3702094E5022081E13F
S31580E2CAB0042083E5002093E56020C2E3202082E320
S31580E2CAC0002083E5A42093E51C1094E5202094E5DC
S31580E2CAD0812582E1A42083E5040095E5000050E308
S31580E2CAE0240000BA0C1095E5111F6FE1A112A0E1B6
S31580E2CAF001E6FFEB0C1095E52400A0E3FEE5FFEBF3
S31580E2CB000A00A0E3E31600EB0C1095E52400A0E30F
S31580E2CB10111F6FE1A112A0E1CEE5FFEB0A00A0E3CF
S31580E2CB20DC1600EB0C10D5E52400A0E3C9E5FFEBAB
S31580E2CB307800A0E3D71600EB0A00A0E3D51600EB57
S31580E2CB400C10D5E5040095E5C2E5FFEB0A00A0E30B
S31580E2CB50D01600EB0C1095E5040095E5111F6FE108
S31580E2CB60A112A0E1BBE5FFEB7800A0E3C91600EBDA
S31580E2CB70E8019FE585CCFFEBB0319FE5002093E5A8
S31580E2CB800F20C2E3002083E53C2093E5FF24E0E327
S31580E2CB903C2083E5AC2093E50820A0E3AC2083E546
S31580E2CBA0B02093E5040012E3FCFFFF0A0010A0E345
S31580E2CBB01020A0E310008DE2331600EBEBF9FFEBD9
S31580E2CBC00400A0E30020A0E110108DE206FAFFEB5C
S31580E2CBD0300095E5DDF9FFEB1830DDE51420DDE583
S31580E2CBE01C10DDE518308DE50334A0E1023883E1DF
S31580E2CBF01C108DE568019FE5011083E114208DE527
S31580E2CC0062CCFFEBD9F9FFEB0220A0E30C00A0E3B4
S31580E2CC1010108DE2F4F9FFEB14109DE544019FE5D7
S31580E2CC205ACCFFEB300095E5C8F9FFEB0030A0E384
S31580E2CC3010308DE5207095E51C8095E50700A0E132
S31580E2CC400810A0E120219FE510308DE2D20900EBA9
S31580E2CC5010409DE5000054E30200000A033084E2BE
S31580E2CC600340A0B14441A0E100A0A0E3FCB09FE56F
S31580E2CC700A60A0E1040056E11E0000AA0030A0E3AB
S31580E2CC8000308DE50700A0E10630A0E10810A0E1C2
S31580E2CC90D4209FE5520F00EB0B0050E10030A0E17B
S31580E2CCA000A0A0031100000A00005AE30A00001A5D
S31580E2CCB00310A0E10A00A0E10520A0E10C308DE599
S31580E2CCC0B6F9FFEB0C309DE5110053E30600001A3E
S31580E2CCD07800A0E36F1600EB030000EA0100A0E310
S31580E2CCE00310A0E10520A0E1ACF9FFEB01A08AE206
S31580E2CCF0016086E2DEFFFFEA20D08DE2F08DBDE8BC
S31580E2CD001024E48024A0E4802E24E4804D24E48070
S31580E2CD107424E480EC23E480FF0F00C04992240966
S31580E2CD209424E480B424E480D624E4800000602065
S31580E2CD300000012000A7AA0AEA24E480D520E48044
S31580E2CD40E120E480EE20E4800A25E4801B25E4806D
S31580E2CD502C25E4803E25E4804D25E4805A25E48036
S31580E2CD606A25E480B025E480C125E4809C1DE480C8
S31580E2CD70FF0F000038402DE92C329FE5004093E515
S31580E2CD800030A0E3305094E5242094E57C3084E5BD
S31580E2CD90001092E50C3085E51C3095E5033061E0C4
S31580E2CDA0A330A0E10130C3E3083082E5041092E5C6
S31580E2CDB0203095E5033061E0A330A0E10130C3E3A2
S31580E2CDC00C3082E5143095E5020053E33000001A18
S31580E2CDD0502095E52C30A0E3000052E3783085E5DB
S31580E2CDE02A30A0E30120A0137C3085E52B30A0E336
S31580E2CDF0803085E53610A0E3742085E50000A0E367
S31580E2CE000420A0E165F9FFEB58F9FFEB300094E5E9
S31580E2CE104EF9FFEB7C1095E50420A0E10000A0E34B
S31580E2CE205EF9FFEB51F9FFEB300094E547F9FFEB52
S31580E2CE304EF9FFEB300094E544F9FFEB4BF9FFEB5B
S31580E2CE40300094E541F9FFEB48F9FFEB300094E5D9
S31580E2CE503EF9FFEB801095E50420A0E10000A0E317
S31580E2CE604EF9FFEB41F9FFEB300094E537F9FFEB42
S31580E2CE703EF9FFEB300094E534F9FFEB3BF9FFEB4B
S31580E2CE80300094E531F9FFEB38F9FFEB300094E5B9
S31580E2CE902EF9FFEB14519FE5242094E5003095E5C9
S31580E2CEA01C1092E5C63DC3E3813383E1141092E51B
S31580E2CEB08100D4E5013483E1181092E5000050E365
S31580E2CEC0013683E1101092E5813683E1003085E513
S31580E2CED0A03095E5001092E5233BA0E1033BA0E17B
S31580E2CEE0813583E1041092E5013083E1A03085E566
S31580E2CEF09C3095E5081092E5233BA0E10C2092E573
S31580E2CF00033BA0E1813583E1023083E1301094E591
S31580E2CF109C3085E50030A0E30C3081E5143095E560
S31580E2CF20032103E2043091E50331C3E3023083E176
S31580E2CF30143085E5003095E5083083E3003085E5F9
S31580E2CF40B83095E5013A83E3B83085E51000001AFA
S31580E2CF50143091E5020053E30430A013AC3085151A
S31580E2CF600900001A2C10A0E30420A0E10BF9FFEBE4
S31580E2CF700830A0E3AC3085E5B03095E5040013E3F4
S31580E2CF80FCFFFF0A28009FE580CBFFEB0130A0E3A0
S31580E2CF908130C4E55F00A0E3BE1500EB141094E592
S31580E2CFA05200A0E33840BDE8D3E4FFEA24A0E4805F
S31580E2CFB000000120D625E48008402DE914009FE593
S31580E2CFC072CBFFEB10209FE5BC3092E5013CC3E3D8
S31580E2CFD0BC3082E50880BDE8E325E48000000120DC
S31580E2CFE00233A0E314209FE5E42083E510209FE549
S31580E2CFF0E82083E5022082E2E82083E51EFF2FE136
S31580E2D000D8B80555010000AA10402DE90040A0E1FC
S31580E2D0100410A0E120009FE55CCBFFEB1C209FE59E
S31580E2D0200233A0E3554484E3E44083E5E82083E5E4
S31580E2D030022082E2E82083E51080BDE8F125E480E3
S31580E2D040010000AAAA24A0E30233A0E3E82083E554
S31580E2D0501EFF2FE124209FE50030D0E5000053E358
S31580E2D0600500000A0310D2E7010011E320308312A3
S31580E2D070FF3003120130C0E4F6FFFFEA1EFF2FE124
S31580E2D080B599E3800230A0E150209FE500C092E5A9
S31580E2D09000005CE30F00000A30402DE964E09CE585
S31580E2D0A000005EE30900000A34209FE50140A0E12A
S31580E2D0B0001092E50050A0E1011085E004009CE5B5
S31580E2D0C00420A0E10EC0A0E13040BDE81CFF2FE1C4
S31580E2D0D00000E0E33080BDE80000E0E31EFF2FE1E0
S31580E2D0E0C0A0E78040A0E6800010A0E10130A0E188
S31580E2D0F00120D1E4000052E30400000A2F0052E34B
S31580E2D1005C005213F8FFFF1A030060E01EFF2FE176
S31580E2D1100000E0E31EFF2FE1F8402DE9043090E5C0
S31580E2D1200060A0E1100053E30140A0E10B00000A99
S31580E2D130200053E30400000A0C0053E34A00001A7D
S31580E2D140B451D0E10551A0E1060000EAB451D0E144
S31580E2D1500630A0E3930505E04551A0E1010000EA2F
S31580E2D160B451D0E1855085E00400A0E10510A0E14C
S31580E2D170752400EB1C3096E5900505E0030050E14E
S31580E2D1800070A0E1044065E00C00000A0610A0E30E
S31580E2D190910703E0080096E501C083E000005CE1C8
S31580E2D1A000106380BC00D6E1002096E5000083E0B3
S31580E2D1B0B3FFFFEB000050E32B0000BA1C7086E55C
S31580E2D1C0043096E5100053E30700000A200053E39B
S31580E2D1D00200000A0C0053E32300001A060000EA6C
S31580E2D1E0003096E5040193E7F880BDE8003096E5E5
S31580E2D1F08440A0E1B40093E1F880BDE8841084E045
S31580E2D200034004E22111A0E1020054E3003096E5F6
S31580E2D2108110A0E10A00000A030054E30F00000A2D
S31580E2D220010054E3B1009311000AA011200AA01173
S31580E2D230B100B3010230D3052006A00103028001CA
S31580E2D240F880BDE80320A0E1B130B2E1B200D2E1DC
S31580E2D2502334A0E10F0000E2000483E1F880BDE818
S31580E2D260B10093E12002A0E1F880BDE80000A0E3EE
S31580E2D270F880BDE801C040E2072080E20000A0E33A
S31580E2D280A030A0E1800383E10130FCE5030080E089
S31580E2D29002005CE1FF0000E2F8FFFF1A012041E2B2
S31580E2D2A0021081E2A030A0E1800383E10130F2E561
S31580E2D2B0030080E0010052E1FF0000E2F8FFFF1A7E
S31580E2D2C01EFF2FE1F04D2DE9000051E31CB08DE207
S31580E2D2D008D04DE20340A0E1B651D0111830901546
S31580E2D2E010509005913525103F0012E300A0A0E191
S31580E2D2F00260A0E1B411D0E12100000A3F1081E290
S31580E2D3003F10C1E3401081E20D80A0E101D04DE003
S31580E2D3103F708DE214019FE50210A0E13F70C7E302
S31580E2D3209ACAFFEBB431DAE1030054E11200003A23
S31580E2D330013085E20500A0E10110A0E30720A0E12B
S31580E2D34020300BE54EFFFFEB010050E30100000ABF
S31580E2D35008D0A0E1320000EA0600A0E10710A0E1D1
S31580E2D360B421DAE15F1400EBB431DAE120501BE557
S31580E2D370036086E0044063E0E9FFFFEA08D0A0E1CB
S31580E2D3800D0000EA0400A0E1EF2300EB0620A0E115
S31580E2D3900070A0E10710A0E10500A0E138FFFFEBF5
S31580E2D3A0070050E11E00001AB431DAE1005085E050
S31580E2D3B0930000E0006086E0044060E0000054E311
S31580E2D3C00400A0011700000AB431DAE10D70A0E191
S31580E2D3D03F3083E23F30C3E3403083E203D04DE027
S31580E2D3E03F808DE23F80C8E30500A0E10110A0E323
S31580E2D3F00820A0E122FFFFEB010050E30100000AD2
S31580E2D40007D0A0E1060000EA0600A0E10810A0E14C
S31580E2D4100420A0E1331400EB0000A0E307D0A0E1F2
S31580E2D420000000EA0000E0E31CD04BE2F08DBDE8AC
S31580E2D4300126E480F0412DE90080A0E10150A0E1DF
S31580E2D4400100A0E10820A0E30810A0E1251400EB8A
S31580E2D4500030A0E30520A0E10830C5E50260A0E146
S31580E2D4600030D6E5012082E2DF7013E2FAFFFF1A8E
S31580E2D4700830D8E5DF0013E30C00000A0640A0E19D
S31580E2D4802E30A0E30130C4E4081088E20400A0E173
S31580E2D4900320A0E3131400EB0470C6E50460A0E168
S31580E2D4A00030D6E5014084E2DF0013E3FAFFFF1A9B
S31580E2D4B00020A0E30020C6E50030D5E5E50053E391
S31580E2D4C00020C5050200000A050053E31A30E00396
S31580E2D4D00030C5050500A0E1F041BDE8DCFEFFEACB
S31580E2D4E0F8402DE908319FE5003093E5000053E3EB
S31580E2D4F00100001A0000E0E3F880BDE80170A0E1D7
S31580E2D5000040A0E1141093E54000A0E30250A0E1C0
S31580E2D510BDCDFFEB006050E2F5FFFF0A0000A0E31D
S31580E2D5200110A0E30620A0E1D5FEFFEB000050E368
S31580E2D530010000AA0040E0E3290000EA0400A0E13D
S31580E2D5400610A0E14020A0E3E61300EBB631D4E179
S31580E2D5500700A0E1000053E3404086022030A003AA
S31580E2D560244084120030A013003085E50410A0E147
S31580E2D5701A20A0E3DB1300EB003095E5124084E24B
S31580E2D580200053E30600001A0410A0E164009FE540
S31580E2D5900820A0E33E1300EB004090E20040E01357
S31580E2D5A00F0000EA50009FE50410A0E10820A0E306
S31580E2D5B0371300EB000050E30C30A0030600000AAC
S31580E2D5C038009FE50410A0E10820A0E3301300EBC9
S31580E2D5D0000050E3D6FFFF1A1030A0E30040A0E13E
S31580E2D5E0003085E50600A0E142CBFFEB0400A0E136
S31580E2D5F0F880BDE8C0A0E7802626E4802F26E48076
S31580E2D6003826E4800030A0E304E02DE503C080E024
S31580E2D61001E0DCE500C092E50CE0C1E700C092E5FE
S31580E2D6200CE0D1E700005EE30100001A0100A0E30E
S31580E2D63004F09DE4023083E201C08CE20A0053E307
S31580E2D64000C082E5F0FFFF1A0030A0E303C080E06D
S31580E2D6500EE0DCE500C092E50CE0C1E700C092E5B1
S31580E2D6600CE0D1E700005EE3EFFFFF0A023083E2DF
S31580E2D67001C08CE20C0053E300C082E5F2FFFF1AA0
S31580E2D6800030A0E303C080E01CE0DCE500C092E568
S31580E2D6900CE0C1E700C092E50CE0D1E700005EE372
S31580E2D6A0E1FFFF0A023083E201C08CE2040053E329
S31580E2D6B000C082E5F2FFFF1A0000A0E304F09DE4D9
S31580E2D6C0F7452DE90040D3E5000051E3B6C1D0111C
S31580E2D6D0B4E1D0E1BF4004E202C0A003090054E312
S31580E2D6E09E2C2CE00380A0910020A0E328709DE58B
S31580E2D6F004208DE50060A0910850A0911400008A74
S31580E2D7000C0055E10900002A000054E31200000AE9
S31580E2D7100030D5E5BF3003E2040053E10C00001A85
S31580E2D720014044E2205085E2FF4004E2F3FFFFEA53
S31580E2D730000051E30600000A0600A0E175FEFFEB59
S31580E2D740010050E30010A0E1200000CA10019FE52D
S31580E2D7508EC9FFEB0000E0E33F0000EA0560A0E14E
S31580E2D760205045E20500A0E10710A0E104208DE209
S31580E2D770A3FFFFEB000050E30200001A0030D5E57C
S31580E2D780400013E3F5FFFF0A04309DE50020A0E3A5
S31580E2D7900320C7E70030D7E5E50053E30020C7055D
S31580E2D7A00200000A050053E31A30E0030030C705A1
S31580E2D7B00700A0E126FEFFEB0800A0E10610A0E14B
S31580E2D7C02020A0E3471300EB0000A0E3220000EA5A
S31580E2D7D0043096E5200053E388309FE5FF32E0038C
S31580E2D7E0030050E1D8FFFFAAB631D6E1B4C1D6E153
S31580E2D7F00600A0E170209FE59C0303E0B0FEFFEB0C
S31580E2D80064A09FE5000050E30A60A001D0FFFF1A02
S31580E2D810000054E30700000A0030D6E5BF3003E299
S31580E2D820040053E1CAFFFF1A014044E2206086E227
S31580E2D830FF4004E2F5FFFFEA0640A0E10A0054E178
S31580E2D840C6FFFF9A204044E20400A0E10710A0E16F
S31580E2D85004208DE26AFFFFEBF7FFFFEA0CD08DE250
S31580E2D860F085BDE84126E480F0FF0000C0A0E680B6
S31580E2D87078482DE9143090E514B08DE23F3083E2AA
S31580E2D8803F30C3E3403083E203D04DE094509FE5DE
S31580E2D8903F408DE2000085E55020A0E33F40C4E3AF
S31580E2D8A084009FE50F1300EB0000A0E30110A0E3E4
S31580E2D8B00420A0E1F2FDFFEB010050E30300000A41
S31580E2D8C00030A0E3003085E50060E0E3120000EA84
S31580E2D8D07F0F84E2020080E250109FE50220A0E3FF
S31580E2D8E02D1300EB006050E2F4FFFF1A360084E26B
S31580E2D8F03C109FE50320A0E3271300EB000050E3F2
S31580E2D9000500000A520084E228109FE50520A0E384
S31580E2D910211300EB000050E3E8FFFF1A0600A0E1C6
S31580E2D92014D04BE27888BDE8C0A0E78040A0E680CC
S31580E2D9305426E480CE04E480D204E480F04D2DE9DE
S31580E2D9409EDE4DE214108DE510208DE50040A0E1CB
S31580E2D95044108DE2A0008DE264208DE228308DE5D0
S31580E2D960DEFEFFEB003050E224308DE51C00001A2B
S31580E2D97064109DE5B020DDE5200051E3C4309D05CD
S31580E2D980B63BDD1168308D0568308D15BE3ADDE136
S31580E2D99068509DE5BC36CDE1923525E0AC60DDE5AB
S31580E2D9A0AB30DDE5CCB09D05066483E0203A9FE5A9
S31580E2D9B00668A0E1082093E52668A0E124B09D15DB
S31580E2D9C0AD70DDE5020056E170508DE5B467CDE1DC
S31580E2D9D0B677CDE10400000AF8099FE50610A0E1DA
S31580E2D9E0EAC8FFEB0000E0E3770200EA200051E3B9
S31580E2D9F0877045000030A00378708D051C308D0558
S31580E2DA000900000AB130DDE5B200DDE50610A0E1ED
S31580E2DA10000483E08002A0E14B2200EB877045E0C0
S31580E2DA20007087E01C008DE578708DE50610A0E336
S31580E2DA300030E0E34000A0E3960101E07C308DE532
S31580E2DA4071CCFFEB000050E360008DE5E4FFFF0A56
S31580E2DA500430A0E10310A0E10140D3E42F0054E3B7
S31580E2DA605C0054130140A0030040A013F8FFFF0AB4
S31580E2DA701E0E8DE2EC1100EB1E0E8DE274FDFFEBC5
S31580E2DA80E031DDE5000053E30800001A002A9DE557
S31580E2DA90000052E3EE01000A0C308DE538399FE54D
S31580E2DAA008308DE50230A0E3003A8DE5180000EA01
S31580E2DAB01E0E8DE28BFDFFEB000050E30E0000BAF6
S31580E2DAC09E3E8DE2003083E0004843E5010080E23D
S31580E2DAD01E3E8DE2000083E00030D0E508008DE551
S31580E2DAE02F0053E35C005313010080E2F9FFFF0A43
S31580E2DAF00130A0E30C308DE5050000EA003A9DE5B1
S31580E2DB00003093E20130A0130C308DE5C8389FE5F2
S31580E2DB1008308DE50060A0E3C0389FE50680A0E18D
S31580E2DB2006A0A0E10640A0E118308DE5000056E3AC
S31580E2DB300300000A0030A0E3207084E220308DE505
S31580E2DB40140000EA64309DE50500A0E1200053E37D
S31580E2DB50B617DD010210A01384289FE548FDFFEB8E
S31580E2DB60000050E3BA0100BA74489FE5F0FFFFEA8D
S31580E2DB700030A0E3E030CDE5203057E52C308DE56E
S31580E2DB80E50053E30900001A20309DE5207087E224
S31580E2DB90013083E220308DE5B437DDE120209DE55A
S31580E2DBA0204047E2A30252E1F0FFFF3A6C0000EA2E
S31580E2DBB00400A0E1181047E2ADFDFFEB152057E522
S31580E2DBC02C309DE5080012E32000000A0F2002E2D5
S31580E2DBD00F0052E3EBFFFF1A400013E3E9FFFF0A6F
S31580E2DBE0133057E5E0C08DE218308DE500C08DE553
S31580E2DBF00430A0E160008DE20B10A0E1E0279FE512
S31580E2DC002CC08DE5ADFEFFEB003A9DE52CC09DE58F
S31580E2DC10020053E32100001A153057E5100013E3A2
S31580E2DC2001808812BC079F150C10A0112A00001AE9
S31580E2DC30E030DDE5000053E3D2FFFF0A01A08AE28D
S31580E2DC40A4079FE5041017E50C20A0E12B0000EA6B
S31580E2DC50000053E30A00001A002A9DE5020052E31F
S31580E2DC607B01001A84079FE50A10A0E10820A0E163
S31580E2DC7008308DE545C8FFEB08309DE50340A0E11D
S31580E2DC80C70100EA003A9DE5020053E30300001A69
S31580E2DC9018309DE50008A0E1200853E12B00000A38
S31580E2DCA00400A0E180108DE2E1FDFFEB003A9DE504
S31580E2DCB0020053E31400001A153057E5100013E30F
S31580E2DCC08030DDE50700000A000053E3ADFFFF0A7E
S31580E2DCD010079FE5018088E280108DE22F20A0E385
S31580E2DCE02AC8FFEBA7FFFFEA000053E3A5FFFF0A7E
S31580E2DCF0F4069FE5041017E501A08AE280208DE212
S31580E2DD002030A0E321C8FFEB9EFFFFEA1E0E8DE2E4
S31580E2DD1080108DE2531100EB000050E30400000A0C
S31580E2DD201E0E8DE2E0108DE24E1100EB000050E314
S31580E2DD3094FFFF1A0C309DE5000053E30600000ACB
S31580E2DD400B30D4E5100013E34101000A020000EA39
S31580E2DD5088369FE518308DE58AFFFFEA0180A0E3E9
S31580E2DD60750000EA64309DE5016086E2200053E3B7
S31580E2DD701000001AB637DDE1030056E16AFFFF1AAA
S31580E2DD800B10A0E160008DE2E2FCFFEB60269FE5EE
S31580E2DD90B657DDE10060A0E3023040E2020053E1E3
S31580E2DDA078209DE500B0A0E10030A0930130A08309
S31580E2DDB0902525E0080000EA70309DE5015085E275
S31580E2DDC01C209DE5053063E0020056E30060A00377
S31580E2DDD0020053E10030A0330130A023000053E378
S31580E2DDE051FFFF0A003A9DE5020053E31801001A4B
S31580E2DDF00A10A0E10820A0E1F0059FE5E3C7FFEB6A
S31580E2DE00E10000EA003A9DE5000053E30030A0031A
S31580E2DE1001300812000053E36501001A007A9DE59D
S31580E2DE2003A0A0E10C308DE564309DE5BA49DDE1E1
S31580E2DE30200053E3B439DD010030A0130338A0019A
S31580E2DE400060A0E3034084E006B0A0E18C359FE564
S31580E2DE501C308DE5B637DDE1B4C7DDE160008DE2E9
S31580E2DE600410A0E18C259FE59C0303E014FDFFEB03
S31580E2DE70000050E3AA00001A78559FE520008DE560
S31580E2DE80B627DDE1B437DDE1920303E020209DE5AC
S31580E2DE90A30252E19200002A0020D5E50030A0E3F9
S31580E2DEA0E50052E3E030CDE58800000A0B30D5E5A7
S31580E2DEB0080013E33E00001A0030D5E5000053E384
S31580E2DEC05B00000A0500A0E1081085E2E8FCFFEBB2
S31580E2DED0000057E35D00001A0500A0E134108DE2F0
S31580E2DEE053FDFFEB000057E36000001A08009DE552
S31580E2DEF034108DE2DB1000EB000050E36E00001A76
S31580E2DF0080408DE20400A0E10510A0E12020A0E39C
S31580E2DF10741100EB000054E38100000A0C309DE5A9
S31580E2DF20000053E38800001A18209DE508309DE53D
S31580E2DF30000052E30A30A0A108308DE50C309DE561
S31580E2DF40000053E38400000A0F00B4E880C08DE24B
S31580E2DF500F00ACE80F0094E80F008CE808009DE51E
S31580E2DF6060FCFFEB003050E218308DE5A4FFFFBA8B
S31580E2DF7008209DE50030A0E30030C2E7013080E270
S31580E2DF80033082E00020D3E503A0A0E12F0052E334
S31580E2DF905C005213013083E2F9FFFF0A003A9DE505
S31580E2DFA0000053E30401000A000052E30080A0036C
S31580E2DFB0010100EA0F3003E20F0053E34300001A47
S31580E2DFC0400012E34100000A0D30D5E5E0C08DE263
S31580E2DFD01C308DE500C08DE560008DE20410A0E185
S31580E2DFE010249FE50530A0E12CC08DE5B3FDFFEB63
S31580E2DFF0000057E32CC09DE5AEFFFF0A0B30D5E566
S31580E2E000100013E301608612D8039F150C10A0114D
S31580E2E0101C00001AE030DDE5000053E32B00000A25
S31580E2E02001B08BE2C0039FE51C1095E50C20A0E1D0
S31580E2E0301E0000EA000057E33900000A0B10A0E157
S31580E2E0400620A0E1A4039FE550C7FFEB340000EA77
S31580E2E0501C309DE50008A0E1200853E19DFFFF1AF0
S31580E2E06078339FE5205085E21C308DE5180000EA82
S31580E2E0700B30D5E5100013E30500000A64039FE543
S31580E2E080016086E234108DE22F20A0E33FC7FFEBEA
S31580E2E0900E0000EA3430DDE5000053E30B00000AAF
S31580E2E0A044039FE51C1095E501B08BE234208DE2B6
S31580E2E0B02030A0E335C7FFEB040000EA08009DE5C7
S31580E2E0C0E0108DE2671000EB000050E38BFFFF0A61
S31580E2E0D0205085E220309DE5013083E220308DE5D7
S31580E2E0E066FFFFEA0410A0E160008DE209FCFFEB27
S31580E2E0F0010050E30040A0E10200008AF8029FE5B9
S31580E2E10022C7FFEB060000EA64309DE5200053E378
S31580E2E110E8329FE5FF32E003030050E14CFFFF3A2D
S31580E2E120F5FFFFEA0C309DE5014023E2003A9DE5EA
S31580E2E130000053E30040A00301400412000054E3D0
S31580E2E1400040A0130040E003950000EA8B30DDE555
S31580E2E150100013E373FFFF1A3D0000EA64309DE589
S31580E2E1601C5094E5200053E3B431D401B627DDE1B7
S31580E2E1700338A00124308D0514309DE5B477DDE1C6
S31580E2E180050053E1BA61D4E10100003A0040A0E320
S31580E2E190830000EA28309DE5000053E30400000A8C
S31580E2E1A014309DE528109DE5013083E0030055E1BA
S31580E2E1B00350A021920707E024309DE53C429FE58B
S31580E2E1C0036086E00780A0E114309DE5030058E114
S31580E2E1D00D00008A0610A0E160008DE2CDFBFFEB28
S31580E2E1E0010050E30060A0E1E7FFFF9A64309DE51D
S31580E2E1F0200053E30430A011FF32E003030050E134
S31580E2E200E1FFFF2A078088E0EEFFFFEA088067E009
S31580E2E210055068E0088053E00840A0012500000A26
S31580E2E220070055E1D8A19FE50540A0310740A0212E
S31580E2E23060008DE20610A0E10A20A0E10430A0E1B0
S31580E2E2401FFCFFEB000050E30300000AB4019FE5E8
S31580E2E250CEC6FFEB0040E0E3510000EA055064E001
S31580E2E260044068E010009DE508108AE00420A0E101
S31580E2E2709C1000EB000055E34900000A10309DE552
S31580E2E2800610A0E1043083E060008DE210308DE577
S31580E2E290A0FBFFEB010050E30060A0E14000009AA2
S31580E2E2A064309DE5200053E350319FE5FF32E00381
S31580E2E2B0030050E13A00002A40819FE507A0A0E1F1
S31580E2E2C006B0A0E105005AE160008DE20F00002A67
S31580E2E2D00610A0E18FFBFFEB013040E2060053E13E
S31580E2E2E01200001A010050E32D00009A64309DE589
S31580E2E2F0200053E30830A011FF32E003030050E12F
S31580E2E3002700002A07A08AE00060A0E1ECFFFFEA8E
S31580E2E3100B10A0E110209DE50530A0E1E8FBFFEBC4
S31580E2E320000050E3054084001D00000AC6FFFFEAB4
S31580E2E33060008DE20B10A0E110209DE50A30A0E19D
S31580E2E340DFFBFFEB000050E3BFFFFF1A10309DE5D5
S31580E2E35060008DE20A3083E00610A0E110308DE5A0
S31580E2E3606CFBFFEB0A4084E005506AE0010050E373
S31580E2E3700200008A80009FE584C6FFEB080000EA7F
S31580E2E38064309DE5200053E30830A011FF32E003BC
S31580E2E390030050E1F6FFFF2A07A0A0E100B0A0E16A
S31580E2E3A0D8FFFFEA60009DE5D2C7FFEB0400A0E15B
S31580E2E3B0050000EA0080A0E308A0A0E10130A0E326
S31580E2E3C00070A0E30C308DE596FEFFEA9EDE8DE2DC
S31580E2E3D0F08DBDE840A0E6808226E4807C35E4804C
S31580E2E3E0FFFF000040A0E480B526E480C726E480F3
S31580E2E3F0D526E480EDFFFF0F40A0E5804126E4804C
S31580E2E400F0FF0000C0A0E680EE26E48007402DE91A
S31580E2E41002C0A0E101E0A0E100308DE50010A0E3BA
S31580E2E4200E20A0E10C30A0E143FDFFEB0CD08DE2A3
S31580E2E43004F09DE410402DE910419FE570D04DE255
S31580E2E440003094E5000053E304019F052F00000AA3
S31580E2E45000019FE54DC6FFEB003094E5003093E581
S31580E2E460013043E2080053E303F19F97180000EA84
S31580E2E47094E4E280A4E4E280ACE4E280B4E4E28084
S31580E2E480BCE4E280C4E4E280D4E4E2809CE4E2801C
S31580E2E490CCE4E280C0009FE50E0000EABC009FE586
S31580E2E4A00C0000EAB8009FE50A0000EAB4009FE5A6
S31580E2E4B0080000EAB0009FE5060000EAAC009FE5AE
S31580E2E4C0040000EAA8009FE5020000EAA4009FE5B6
S31580E2E4D0000000EAA0009FE52CC6FFEB003094E541
S31580E2E4E098009FE5041093E528C6FFEB000094E5CB
S31580E2E4F04FDBFFEB30008DE214108DE204208DE2DB
S31580E2E500F6FBFFEB004050E20300000A70009FE555
S31580E2E5101EC6FFEB0140A0E3090000EA1B108DE274
S31580E2E5200B20A0E308008DE2EE0F00EB54009FE59E
S31580E2E53026108DE208208DE21340CDE52B40CDE515
S31580E2E54012C6FFEB0400A0E170D08DE21080BDE838
S31580E2E550C0A0E7800527E4801827E4807A02E48079
S31580E2E5607E02E4808302E4808802E4808E02E48094
S31580E2E5709202E48045D1E3809602E4802527E48016
S31580E2E5802D27E4803C27E4805427E4800010A0E332
S31580E2E5900120A0E10130A0E39BFFFFEAF7402DE9ED
S31580E2E5A00040A0E10170A0E130009FE50410A0E107
S31580E2E5B00350A0E10260A0E1F4C5FFEB0030A0E3E6
S31580E2E5C000308DE50400A0E10710A0E10620A0E17D
S31580E2E5D00530A0E1D8FCFFEB0CD08DE2F080BDE8FF
S31580E2E5E06927E48001C0A0E138402DE90210A0E16C
S31580E2E5F00C20A0E10050A0E1E7FFFFEB010070E311
S31580E2E6000040A0E10200001A0C009FE50510A0E19F
S31580E2E610DEC5FFEB0400A0E13880BDE87527E48023
S31580E2E6201EFF2FE108402DE908009FE5D7C5FFEBE5
S31580E2E6300000E0E30880BDE8E827E4800000E0E34C
S31580E2E6401EFF2FE10000E0E31EFF2FE10000E0E382
S31580E2E6501EFF2FE11EFF2FE114209FE50230A0E18D
S31580E2E660181093E4010050E10200A0010300A0111A
S31580E2E6701EFF2FE16059E48010402DE918409FE5A6
S31580E2E680000094E5F3FFFFEB143090E533FF2FE1D2
S31580E2E6900030A0E3003084E51080BDE814A1E78075
S31580E2E6A00130A0E3F3412DE90270A0E100308DE56F
S31580E2E6B078209FE578309FE5D4DBFFEB000050E3DE
S31580E2E6C0010000AA0000E0E3160000EA64609FE52C
S31580E2E6D058809FE50040A0E3300054E3045086E092
S31580E2E6E0F7FFFF0A000057E30300000A063094E7CB
S31580E2E6F0000053E3030057110800001A043095E541
S31580E2E700000098E528109FE533FF2FE1000050E3F3
S31580E2E71024309F0500209505002083050100000A2C
S31580E2E720184084E2EBFFFFEA08D08DE2F081BDE893
S31580E2E73018A1E780C4A0E7806059E48014A1E7804D
S31580E2E74038402DE92C409FE50050A0E1000094E599
S31580E2E750C0FFFFEB083090E50500A0E133FF2FE133
S31580E2E7600030A0E3003084E50050A0E1C1FFFFEB7A
S31580E2E7700500A0E13880BDE814A1E780F8402DE9E4
S31580E2E7800350A0E16C309FE50060A0E1000093E5D4
S31580E2E7900240A0E10170A0E1AEFFFFEB0420A0E120
S31580E2E7A00530A0E10710A0E10CC090E50600A0E1EB
S31580E2E7B03CFF2FE1050050E10020E0E1A22FA0E13D
S31580E2E7C00020A003000055E30030A00301300212CE
S31580E2E7D0000053E30040A0E10300000A18009FE531
S31580E2E7E00610A0E169C5FFEB0040E0E3A1FFFFEB85
S31580E2E7F00400A0E1F880BDE814A1E7807527E480F3
S31580E2E800021042E2050051E3F8452DE90040E0833B
S31580E2E8106500008A020052E3081093150010A003F7
S31580E2E820040093E50260A0E120209DE50350A0E18B
S31580E2E8309AFFFFEB004050E23000001A030056E3F5
S31580E2E840070000DA0C0095E50410A0E11020A0E3B1
S31580E2E850641200EB040056E30070A0E10A00001A9D
S31580E2E8600D0000EA48019FE569BCFFEB000050E33A
S31580E2E87040719F050800000A0410A0E11020A0E381
S31580E2E880581200EB0070A0E1030000EA050056E3AF
S31580E2E890108095E54100000A050000EA18019FE52F
S31580E2E8A05BBCFFEB008050E210019F053B00001A43
S31580E2E8B0110000EA140095E50410A0E11020A0E31F
S31580E2E8C0481200EB070056E30450A01100A0A0E135
S31580E2E8D00400001A180095E50410A0E11020A0E3D8
S31580E2E8E0401200EB0050A0E1342099E57F2482E2D9
S31580E2E8F0020057E10300009AC4009FE517C5FFEBCB
S31580E2E9000140A0E3280000EA0000A0E3C246FFEB54
S31580E2E9100520A0E10710A0E10A30A0E10060A0E1B5
S31580E2E9200800A0E194FFFFEB0050A0E10600A0E121
S31580E2E930B946FFEB000055E30060A0E1EFFFFFDAA6
S31580E2E94080009FE50510A0E10620A0E10FC5FFEB60
S31580E2E950000056E30B00000A6C009FE5FFC4FFEB64
S31580E2E9600610A0E10500A0E1771E00EBFA3FA0E3E6
S31580E2E9700010A0E354209FE5930000E0090700EB36
S31580E2E9804C009FE5F5C4FFEB48009FE5F3C4FFEB3F
S31580E2E9900510A0E140009FE528BBFFEB020000EAFC
S31580E2E9A000A0A0E30A50A0E1CEFFFFEA0400A0E1C6
S31580E2E9B0F885BDE892E3E380008000822B28E4803C
S31580E2E9C03428E4805028E4807E28E4809628E48017
S31580E2E9D01D1BE480C5C3E380EC26E4800AC2E380A3
S31580E2E9E0021042E2020051E31100008A020052E381
S31580E2E9F038402DE9081093150010A003040093E532
S31580E2EA000250A0E110209DE50340A0E123FFFFEB49
S31580E2EA10000050E30800001A040055E30C00940558
S31580E2EA201C009F1545FFFFEB000090E20100A0135A
S31580E2EA303880BDE80000E0E31EFF2FE10100A0E39D
S31580E2EA403880BDE84CC7E380001090E5212CA0E138
S31580E2EA50FF3801E2012C82E1232482E1FF3C01E2DC
S31580E2EA60033482E198209FE5020053E11300001A05
S31580E2EA70141090E5212CA0E1FF3801E2012C82E11D
S31580E2EA80232482E1FF3C01E2033482E10F0053E377
S31580E2EA901700009A181090E5212CA0E1FF3801E2D8
S31580E2EAA0012C82E1232482E1FF3C01E2033482E10C
S31580E2EAB0120053E30000A0330900E0231EFF2FE19A
S31580E2EAC040209FE5020053E10B00001A243090E5D6
S31580E2EAD0232CA0E1FF1803E2032C82E1212482E1C8
S31580E2EAE0FF3C03E2033492E10000A0130600E00358
S31580E2EAF01EFF2FE10900E0E31EFF2FE10800E0E3BD
S31580E2EB001EFF2FE1EDFE0DD01201F22F10402DE90E
S31580E2EB10144090E524ECA0E1FFC804E2043C8EE1D7
S31580E2EB202CE483E1FFCC04E20CC48EE110005CE3CA
S31580E2EB300A00009A024091E01400002A243090E50F
S31580E2EB4023ECA0E1FFC803E203EC8EE12CE48EE144
S31580E2EB50FFCC03E20CC48EE10C0054E10B00008A88
S31580E2EB6008E090E5000052E32ECCA0E1FF380EE209
S31580E2EB700ECC8CE123C48CE1FF3C0EE203348CE1C3
S31580E2EB80031081E0010080A00000A0B31080BDE800
S31580E2EB900000A0E31080BDE80730E0E3F0412DE914
S31580E2EBA0003082E50260A0E10420A0E30080A0E1DB
S31580E2EBB00170A0E1D4FFFFEB000050E33C00000AC5
S31580E2EBC0003090E5044087E2235CA0E1035C85E1C6
S31580E2EBD0FF0803E2205485E1FF3C03E2035485E12A
S31580E2EBE00A30E0E3003086E5013045E2080053E38F
S31580E2EBF003F19F972E0000EA1CECE28088ECE2802B
S31580E2EC004CECE28088ECE280B4ECE280B4ECE28028
S31580E2EC10B4ECE280B4ECE28088ECE2800410A0E11D
S31580E2EC200800A0E10120A0E3B7FFFFEB014084E208
S31580E2EC30000050E31E00000A0030D0E50410A0E197
S31580E2EC40000053E3F5FFFF1A0E0000EA0800A0E198
S31580E2EC500410A0E10420A0E3ABFFFFEB000050E349
S31580E2EC601300000A001090E50C4087E221CCA0E177
S31580E2EC70FF3801E2012C8CE123C482E1FF3C01E210
S31580E2EC8003348CE1034084E00800A0E10710A0E1B0
S31580E2EC90042067E09CFFFFEB000050E30400000ADB
S31580E2ECA0034084E20340C4E3004086E50500A0E138
S31580E2ECB0F081BDE80900A0E3F081BDE8003051E2D1
S31580E2ECC007402DE904108DE5010000AA0300E0E388
S31580E2ECD0060000EA030013E3FBFFFF1A04208DE23D
S31580E2ECE0ACFFFFEB010050E3F7FFFF1A04009DE55E
S31580E2ECF00CD08DE204F09DE4003051E207402DE92C
S31580E2ED0004108DE5010000AA0300E0E3060000EAB4
S31580E2ED10030013E3FBFFFF1A04208DE29DFFFFEB66
S31580E2ED20030050E3F7FFFF1A04009DE50CD08DE265
S31580E2ED3004F09DE40030A0E3030051E173402DE945
S31580E2ED400060A0E10250A0E104308DE5030000BA44
S31580E2ED50D9FFFFEB000050E304008DE5200000BA06
S31580E2ED6004409DE50600A0E10410A0E104208DE2C6
S31580E2ED7088FFFFEB020050E30900000A090050E336
S31580E2ED801000000A010050E3F4FFFF1A000055E389
S31580E2ED90003095150400A0E101308312003085151C
S31580E2EDA00F0000EA000055E3ECFFFF0A003095E52C
S31580E2EDB0013043E2000053E3003085E5E7FFFFAA36
S31580E2EDC004009DE5060000EA04009DE5000050E3AC
S31580E2EDD00000E0A3020000AA000055E308007003E9
S31580E2EDE00000E00308D08DE27080BDE8F8402DE9AE
S31580E2EDF00040A0E10200A0E10150A0E10270A0E1A2
S31580E2EE003E0D00EB016080E2055066E0055084E04D
S31580E2EE10050054E10700008A0400A0E10710A0E1A2
S31580E2EE200620A0E1DC0D00EB000050E30300000ABF
S31580E2EE30014084E2F5FFFFEA0000A0E3F880BDE846
S31580E2EE400400A0E1F880BDE8F8402DE90050A0E199
S31580E2EE500160A0E10270A0E1FAFEFFEB004050E221
S31580E2EE600B00001A04E095E52ECCA0E1FF380EE215
S31580E2EE700ECC8CE123C48CE1FF3C0EE203248CE1D0
S31580E2EE80070052E10400008A0600A0E10510A0E135
S31580E2EE90AF0D00EB0400A0E1F880BDE80200E0E3FC
S31580E2EEA0F880BDE837402DE90050A0E10140A0E1BD
S31580E2EEB00500A0E10410A0E104208DE235FFFFEB1E
S31580E2EEC0030050E30A00000A090050E304409DE58E
S31580E2EED00300001A000054E30400A0B10A00E0A394
S31580E2EEE0040000EA040050E3F0FFFF0A0000E0E3DA
S31580E2EEF0000000EA0400A0E10CD08DE23080BDE89B
S31580E2EF000CC090E52C2CA0E1FF380CE20C2C82E1BF
S31580E2EF10232482E1FF3C0CE2033482E1011083E0A8
S31580E2EF20010080E01EFF2FE1F84C2DE90050A0E1C0
S31580E2EF300170A0E10260A0E10340A0E1C1FEFFEB27
S31580E2EF40000050E3F88CBD18103095E523ECA0E183
S31580E2EF50FFC803E203EC8EE1FF1C03E22CE48EE1C0
S31580E2EF6001C48EE107128CE001C085E004209CE5B5
S31580E2EF70013095E7021CA0E1FFEC02E2221C81E16E
S31580E2EF800E1481E1FF2802E2221481E1032CA0E142
S31580E2EF90FFEC03E2232C82E10E2482E1FF3803E2D6
S31580E2EFA023B482E101A080E1F0A0C6E108309CE5CD
S31580E2EFB00CC09CE50C1CA0E1FF2C0CE22C1C81E130
S31580E2EFC0021481E1FF280CE2222481E1031CA0E104
S31580E2EFD0FFCC03E2231C81E10C1481E1FF3803E2DA
S31580E2EFE0237481E1026080E1F060C4E1F88CBDE8DF
S31580E2EFF0103090E5704C2DE923ECA0E103EC8EE134
S31580E2F000FF2803E222E48EE1FF3C03E203E48EE1A1
S31580E2F0100060A0E306328EE0033080E00C1093E5D8
S31580E2F020082093E5013CA0E1213C83E1FFCC01E2AB
S31580E2F0300CC483E1FF1801E221348CE1021CA0E1D9
S31580E2F040221C81E1FFCC02E20C1481E1FF2802E27C
S31580E2F050225481E10040A0E303A084E105B0A0E16F
S31580E2F0600B309AE101608612E9FFFF1A0600A0E101
S31580E2F070708CBDE8F34D2DE90350A0E10070A0E16C
S31580E2F0800140A0E10280A0E16EFEFFEB000050E3CA
S31580E2F09008608D020400260501A085022700001A79
S31580E2F0A004309DE5000054E3000053A31E0000BA3D
S31580E2F0B0010053E31600001A0700A0E1041084E27F
S31580E2F0C00A20A0E190FEFFEB00B050E21000000AB9
S31580E2F0D00810A0E10520A0E12F0D00EB000050E32F
S31580E2F0E00B00001A0530DBE7000053E31200000A4A
S31580E2F0F00800A0E14010A0E30520A0E14D0D00EB61
S31580E2F100000050E30200001A0530DBE7400053E3DB
S31580E2F1100900000A0410A0E10700A0E10620A0E1B0
S31580E2F12003FFFFEB0040A0E1DCFFFFEA000053E3D0
S31580E2F1300400A0A10000E0B3000000EA0400A0E120
S31580E2F14008D08DE2F08DBDE8F8402DE90050A0E1CF
S31580E2F1500160A0E10240A0E1087090E539FEFFEB94
S31580E2F160000050E31400001A0500A0E10610A0E1B9
S31580E2F170D1FEFFEB000050E30F0000BA07CCA0E11E
S31580E2F180FF3807E227CC8CE1FF1C07E223C48CE13F
S31580E2F19001348CE1061083E0015085E0000054E3FF
S31580E2F1A0045085E20200000A0500A0E1530C00EB60
S31580E2F1B0000084E50500A0E1F880BDE8000054E3A4
S31580E2F1C0000084150000A0130400A001F880BDE8C9
S31580E2F1D010402DE90040A0E1B7FEFFEB001050E2BF
S31580E2F1E01080BDB80400A0E11040BDE82CFFFFEA24
S31580E2F1F010402DE90040A0E1BEFEFFEB001050E298
S31580E2F2001080BDB80400A0E11040BDE824FFFFEA0B
S31580E2F21070402DE90040A0E10160A0E10250A0E14A
S31580E2F220B4FEFFEB000050E3030000AA000055E3C2
S31580E2F230000085150000A0E37080BDE808E094E553
S31580E2F240000055E32ECCA0E1FF380EE20ECC8CE135
S31580E2F25023C48CE1FFEC0EE20E348CE1030086E0FF
S31580E2F260000084E07080BD08042090E5221CA0E1C5
S31580E2F270FF3802E2021C81E1231481E1FF3C02E2D3
S31580E2F280033481E1003085E57080BDE8F04D2DE9FB
S31580E2F29020409DE50060A0E10280A0E10370A0E14C
S31580E2F2A0CAFFFFEB000050E30050A0E11D0000BA68
S31580E2F2B00600A0E10510A0E10420A0E1D3FFFFEB68
S31580E2F2C000A050E21600000A08C09AE50600A0E116
S31580E2F2D02C1CA0E1FF380CE20C1C81E1231481E1B5
S31580E2F2E0FFCC0CE20C1481E104FFFFEB00B0A0E15D
S31580E2F2F0020C00EB070050E10500001A0B00A0E1CA
S31580E2F3000810A0E10720A0E1A30C00EB000050E387
S31580E2F3100800000A0600A0E10510A0E1B3FFFFEBBA
S31580E2F320DFFFFFEA0C50E0E3000054E3005084156F
S31580E2F3300000A0E3F08DBDE80A00A0E1F08DBDE813
S31580E2F340F7402DE90060A0E10200A0E10370A0E1B0
S31580E2F3500150A0E10240A0E1E80B00EB00708DE5F0
S31580E2F3600510A0E10420A0E10030A0E10600A0E1C2
S31580E2F370C5FFFFEB0CD08DE2F080BDE807402DE9BA
S31580E2F38010C09DE500C08DE5BFFFFFEB000050E3B6
S31580E2F3900C0080120CD08DE204F09DE4F7402DE95A
S31580E2F3A00060A0E10200A0E10370A0E10150A0E1CB
S31580E2F3B00240A0E1D10B00EB00708DE50510A0E1E3
S31580E2F3C00420A0E10030A0E10600A0E1EAFFFFEB25
S31580E2F3D00CD08DE2F080BDE873402DE90150A0E1CA
S31580E2F3E034109FE50060A0E10240A0E10B0000EB53
S31580E2F3F000C0A0E3001050E20C00A0B1040000BA05
S31580E2F40000C08DE50600A0E10520A0E10430A0E180
S31580E2F410D9FFFFEB08D08DE27080BDE820F3E38070
S31580E2F420F0412DE90070A0E10100A0E10150A0E1E8
S31580E2F430B20B00EB0060A0E10700A0E181FDFFEBEB
S31580E2F440000050E3F081BD180030D5E5066085E026
S31580E2F4502F0053E31000000A2F10A0E30500A0E17D
S31580E2F4609B0B00EB0510A0E1000050E30080A011A9
S31580E2F4700680A0010700A0E1082065E0D5FFFFEB4A
S31580E2F480001050E21C00000A0700A0E1E3FFFFEB58
S31580E2F4900850A0E10040A0E1000000EA0040A0E1BF
S31580E2F4A00030D5E5000053E31500000A0580A0E1AF
S31580E2F4B00130D5E42F0053E3FBFFFF0A000053E35C
S31580E2F4C00F00000A2F10A0E30800A0E1800B00EBFA
S31580E2F4D00410A0E10820A0E1000050E30050A01152
S31580E2F4E00650A0010700A0E1053068E0E0FEFFEBF0
S31580E2F4F0004050E2E9FFFFAA010000EA0400E0E3EF
S31580E2F500F081BDE80400A0E1F081BDE8F7452DE990
S31580E2F5100080A0E10160A0E10250A0E10370A0E1D9
S31580E2F52048FDFFEB000050E32300001A000055E39C
S31580E2F53008A08DA204002AA50C40E0A31D0000BA13
S31580E2F540060050E10030A0C30130A0D3000050E3B2
S31580E2F5500030A0B3000053E30010A0E10E00000AE1
S31580E2F56004309DE5050053E10140A001060051E12A
S31580E2F5700500001A000057E300308715030055E1C5
S31580E2F5800400A0D10000E0C30B0000EA0800A0E17D
S31580E2F5900A20A0E1E6FDFFEBE8FFFFEA010070E367
S31580E2F5A00300E0A3040000AA040071E30100A011B5
S31580E2F5B00A00E003000000EA0000E0E30CD08DE2FE
S31580E2F5C0F085BDE807402DE90020A0E304308DE216
S31580E2F5D0CDFFFFEB000050E304009D050000000A2A
S31580E2F5E00C00E0A30CD08DE204F09DE4F0412DE91D
S31580E2F5F00040A0E10200A0E10150A0E10270A0E19A
S31580E2F6003E0B00EB0060A0E1018080E2060055E15E
S31580E2F6100B0000BA0700A0E10410A0E10820A0E1F7
S31580E2F620DD0B00EB000050E30C00000A0400A0E1D1
S31580E2F6300010A0E30520A0E1FE0B00EB000050E302
S31580E2F6400100001A0000A0E3F081BDE8004064E01A
S31580E2F6500440E0E1045085E0014080E2EAFFFFEA0F
S31580E2F6600100A0E3F081BDE813402DE90240A0E16C
S31580E2F67004308DE228209FE547FFFFEB000050E350
S31580E2F68004009D050400000A04109DE50420A0E123
S31580E2F690D5FFFFEB100F6FE1A002A0E108D08DE26B
S31580E2F6A01080BDE8161EE480F8402DE90050A0E106
S31580E2F6B00170A0E10260A0E1E2FCFFEB002050E2F3
S31580E2F6C00500A0010710A0010F00001A98FDFFEBCC
S31580E2F6D0000050E30040A0E10D0000BA0500A0E181
S31580E2F6E00410A0E10620A0E1DEFFFFEB010070E35B
S31580E2F6F0F880BDB8000050E30500000A0500A0E1ED
S31580E2F7000410A0E10020A0E3EFFFFFEA0200A0E1FF
S31580E2F710F880BDE80400A0E1F880BDE8103090E50D
S31580E2F72010402DE923CCA0E1FFE803E203CC8CE193
S31580E2F7302EC48CE1FFEC03E20EE48CE127005EE36B
S31580E2F7402600009A084090E50E1081E024CCA0E1E4
S31580E2F750FF3804E204CC8CE123C48CE1FF3C04E272
S31580E2F76003348CE1010053E11C00003A0C1090E571
S31580E2F770023083E021CCA0E101CC8CE1FFE801E21A
S31580E2F7802EC48CE1FF1C01E201C48CE103005CE142
S31580E2F7901200003A041090E520E090E5212CA0E1E9
S31580E2F7A0FF3801E2012C82E1FF0C01E2232482E1AF
S31580E2F7B02E1CA0E1003482E10E1C81E1FF280EE2DC
S31580E2F7C0FF0C0EE2221481E1002481E10C0082E04A
S31580E2F7D0000053E10000A0230100A0331080BDE8C1
S31580E2F7E00100A0E31080BDE8F8402DE9206090E5B5
S31580E2F7F00C5090E5264CA0E1FFE806E2064C84E157
S31580E2F8002E4484E1FFCC06E20CE484E1254CA0E1BF
S31580E2F810FFC805E2054C84E12C4484E1FFCC05E295
S31580E2F8200CC484E10CC08EE0000052E30CC080E0A0
S31580E2F830150000BA026081E00C0056E11200008AEF
S31580E2F840045090E5037062E0254CA0E1FFE805E212
S31580E2F850054C84E12E4484E1FFEC05E20EE484E18A
S31580E2F86007708CE00EE080E00E0057E10800008A27
S31580E2F8700CC061E0030081E00C2062E00610A0E1AA
S31580E2F880330B00EB0000A0E3F880BDE80300E0E381
S31580E2F890F880BDE80200E0E3F880BDE870402DE93B
S31580E2F8A00260A0E10350A0E10222A0E10332A0E1DE
S31580E2F8B00040A0E1CBFFFFEB000050E37080BD1873
S31580E2F8C0083094E5052066E023CCA0E1FF1803E248
S31580E2F8D003CC8CE121C48CE1FF1C03E20222A0E18D
S31580E2F8E001148CE1011082E0013CA0E1FFCC01E24F
S31580E2F8F0213C83E10C3483E1FF1801E20CC094E5FC
S31580E2F900211483E1081084E52C1CA0E1FF380CE287
S31580E2F9100C1C81E1231481E1FF3C0CE2033481E19A
S31580E2F920033082E0032CA0E1FF1C03E2232C82E178
S31580E2F930012482E1FF3803E2233482E10C3084E55C
S31580E2F9407080BDE870402DE90040A0E10250A0E160
S31580E2F9500360A0E1A3FFFFEB000050E37080BD18D7
S31580E2F96024E094E5062065E02ECCA0E1FF180EE2C5
S31580E2F9700ECC8CE121C48CE1FF1C0EE201148CE1F9
S31580E2F980011082E0013CA0E1FFCC01E2213C83E16F
S31580E2F9900C3483E1FF1801E20CC094E5211483E183
S31580E2F9A0241084E52C1CA0E1FF380CE20C1C81E1DA
S31580E2F9B0231481E1FF3C0CE2033481E1033082E0EF
S31580E2F9C0032CA0E1FF1C03E2232C82E1012482E1E5
S31580E2F9D0FF3803E2233482E10C3084E57080BDE8AF
S31580E2F9E0F0412DE90050A0E1100090E5287082E216
S31580E2F9F0038087E00360A0E1203CA0E10140A0E132
S31580E2FA00003C83E1FF1800E2213483E1FF1C00E23F
S31580E2FA10011483E1011085E0280084E2CC0A00EB40
S31580E2FA20082095E50A33A0E3103084E5223CA0E184
S31580E2FA30FF1802E2023C83E1213483E1FF1C02E209
S31580E2FA40011483E10620A0E1070084E0011085E04D
S31580E2FA50BF0A00EB073CA0E1FF2C07E2273C83E1EB
S31580E2FA60023483E1FF7807E2277483E1063CA0E172
S31580E2FA70FF2C06E2263C83E1023483E10C2095E505
S31580E2FA80FF6806E2266483E1223CA0E1200095E558
S31580E2FA90FF1802E2023C83E1213483E1FF1C02E2A9
S31580E2FAA0011483E1203CA0E1FF2800E2003C83E1EF
S31580E2FAB0223483E1FF2C00E2022483E1011085E017
S31580E2FAC0087084E5246084E5080084E0A00A00EBFF
S31580E2FAD0082CA0E1201095E5FF3C08E2282C82E183
S31580E2FAE0032482E1FF3808E2233482E1212CA0E17B
S31580E2FAF0012C82E10C3084E5FF3801E2232482E1A5
S31580E2FB00FF3C01E2033482E1032CA0E1232C82E173
S31580E2FB10FF1C03E2012482E1FF3803E2233482E11F
S31580E2FB20203084E5F081BDE8F04D2DE90240A0E188
S31580E2FB300050A0E10380A0E15FFCFFEB00A050E271
S31580E2FB400A40A0B16A0000BA0C2095E50400A0E163
S31580E2FB50223CA0E1FF6802E2023C83E1263483E1B3
S31580E2FB60FF6C02E2066483E1E40900EB203095E56E
S31580E2FB70066085E0231CA0E1FF2803E2031C81E105
S31580E2FB80221481E1FF3C03E20420A0E1031481E137
S31580E2FB900070A0E10600A0E193FCFFEB002050E2BA
S31580E2FBA0024066102A00001A203095E501B087E20D
S31580E2FBB0237CA0E1FF0803E2037C87E1207487E1EE
S31580E2FBC00C0095E5FF3C03E2037487E1203CA0E16B
S31580E2FBD0FF1800E2003C83E1213483E1FF1C00E26E
S31580E2FBE0011483E1071081E00500A0E1011085E0C0
S31580E2FBF00B30A0E1FBFEFFEB000050E30040A011DA
S31580E2FC001300001A201095E5070086E0212CA0E17A
S31580E2FC10FF3801E2012C82E1232482E1FF3C01E20A
S31580E2FC20033482E103308BE0032CA0E1FF1C03E284
S31580E2FC30232C82E1012482E1FF3803E2233482E14C
S31580E2FC400410A0E1203085E50B20A0E1250A00EB37
S31580E2FC500740A0E1000054E3250000BA082095E5BC
S31580E2FC600500A0E1223CA0E1FF1802E2023C83E12A
S31580E2FC70213483E1FF1C02E2011483E101108AE070
S31580E2FC8020309DE5011085E0001083E5033088E2AF
S31580E2FC900330C3E30020A0E30C3083E228FFFFEBCE
S31580E2FCA0000050E31100001A20309DE5FF2C04E2AB
S31580E2FCB0001093E50334A0E3003081E5043CA0E143
S31580E2FCC0243C83E1023483E1FF4804E2244483E175
S31580E2FCD0083CA0E1283C83E1FF2C08E2023483E180
S31580E2FCE0FF8808E2288483E1084081E5048081E593
S31580E2FCF00040A0E10400A0E1F08DBDE838402DE9A6
S31580E2FD000050A0E14FFBFFEB000050E33880BD18C6
S31580E2FD10142095E5223CA0E1FF4802E2023C83E121
S31580E2FD20243483E1FF4C02E2044483E1100054E38D
S31580E2FD300F00009A243095E50500A0E1232CA0E18E
S31580E2FD40FF1803E2032C82E1212482E1FF3C03E2F5
S31580E2FD501010A0E3032482E16FFEFFEB000050E384
S31580E2FD600500001A110054E31134A01314308515EE
S31580E2FD703880BDE80900E0E33880BDE80B00E0E3C7
S31580E2FD803880BDE8F34D2DE928509DE50270A0E16B
S31580E2FD9000A0A0E10380A0E12C609DE5D6FFFFEB09
S31580E2FDA0002050E20200A0112E00001A0A00A0E113
S31580E2FDB004208DE58DFCFFEB10109AE504209DE58D
S31580E2FDC0213CA0E1FF4801E2013C83E1243483E166
S31580E2FDD0FF4C01E2044483E10130A0E3004284E087
S31580E2FDE004B08AE00A00A0E10B10A0E1AAFEFFEBD4
S31580E2FDF0000050E31B00001A083CA0E1FF2C08E259
S31580E2FE00283C83E1023483E1071CA0E1FF8808E213
S31580E2FE10288483E1273C81E1FF1C07E2011483E128
S31580E2FE20FF7807E2273481E1082080E1F4208AE145
S31580E2FE30063CA0E1FF2C06E2263C83E1023483E124
S31580E2FE40051CA0E1FF6806E2266483E1253C81E1A8
S31580E2FE50FF1C05E2011483E1FF5805E2253481E1C6
S31580E2FE60062080E1F820CBE108D08DE2F08DBDE876
S31580E2FE70F0412DE90070A0E10150A0E1104090E54B
S31580E2FE809DFFFFEB006050E21000001A0700A0E140
S31580E2FE9056FCFFEB000055E10E0000AA04CCA0E17F
S31580E2FEA0FF2804E224CC8CE122C48CE1FF2C04E21C
S31580E2FEB002248CE1051282E00700A0E1011087E0CE
S31580E2FEC00630A0E10120A0E3F041BDE872FEFFEA40
S31580E2FED00600A0E1F081BDE80000E0E3F081BDE844
S31580E2FEE0FF412DE928409DE50050A0E10170A0E1A7
S31580E2FEF00260A0E10380A0E17FFFFFEB000050E318
S31580E2FF002D00001A0710A0E10500A0E10620A0E17D
S31580E2FF100C308DE209FDFFEB0CC09DE5000050E35D
S31580E2FF200010A0E108008DE50C00A0011100000A96
S31580E2FF3003208CE2033084E20500A0E10C1081E22A
S31580E2FF400320C2E30330C3E37DFEFFEB000050E310
S31580E2FF500800001A043CA0E1FF2C04E2243C83E181
S31580E2FF60023483E1FF2804E2223483E108209DE51E
S31580E2FF70043082E50A0000EA010070E30600001A16
S31580E2FF8008308DE200308DE50500A0E10710A0E1A2
S31580E2FF900620A0E10430A0E1E2FEFFEB000050E3A0
S31580E2FFA00500001A08009DE50810A0E10C0080E239
S31580E2FFB00420A0E14B0900EB0000A0E310D08DE223
S31580E2FFC0F081BDE8F7402DE90050A0E10170A0E1A3
S31580E2FFD00260A0E148FFFFEB004050E20400A0117E
S31580E2FFE00E00001A0710A0E10620A0E10500A0E1BC
S31580E2FFF004308DE2D1FCFFEB04209DE5001050E257
S31580E300000200A0010500000A032082E20320C2E386
S31580E300100500A0E10C2082E20430A0E148FEFFEB7C
S31580E300200CD08DE2F080BDE8F34D2DE90050A0E1E0
S31580E300300140A0E10270A0E10360A0E12EFFFFEBA7
S31580E30040000050E33600001A0500A0E10410A0E1A9
S31580E300500720A0E10630A0E105FCFFEB000050E3BA
S31580E300600100E0A32E0000AA010070E32C00001A31
S31580E300700500A0E10410A0E104208DE2C5FAFFEBC0
S31580E3008004809DE50500A0E10810A0E104208DE24F
S31580E30090C0FAFFEB030040E2010050E3F7FFFF9A6B
S31580E300A0082095E504B086E2223CA0E1FF4802E21F
S31580E300B0023C83E1243483E1FF4C02E2044483E19E
S31580E300C0044088E004A085E003B0CBE30A10A0E116
S31580E300D00500A0E10020A0E308308BE218FEFFEBE9
S31580E300E0001050E20100A0110D00001A0134A0E3D4
S31580E300F0043085E704408AE20B20A0E10400A0E116
S31580E30100E10800EB0400A0E10710A0E10620A0E1EE
S31580E30110F40800EB0BA08AE00234A0E30800A0E138
S31580E3012004308AE508D08DE2F08DBDE870402DE994
S31580E301300060A0E10200A0E10150A0E10240A0E15D
S31580E301406E0800EB0510A0E10420A0E10030A0E1F9
S31580E301500600A0E17040BDE8B2FFFFEAF0412DE979
S31580E301600070A0E10150A0E1E3FEFFEB006050E206
S31580E301701200001A0700A0E10510A0E1BC0000EB25
S31580E30180002050E20F0000BA084097E50700A0E19F
S31580E3019024ECA0E1FFC804E204EC8EE12CE48EE1DA
S31580E301A0FFCC04E20CC48EE105108CE0011087E0FD
S31580E301B0022065E00630A0E1F041BDE8E0FDFFEA1C
S31580E301C00600A0E1F081BDE80200A0E1F081BDE890
S31580E301D0FF4D2DE90070A0E10160A0E10240A0E1BE
S31580E301E0048090E517FAFFEB005050E20500A0117A
S31580E301F08600001A0700A0E17CFBFFEB141097E56D
S31580E30200212CA0E1FF3801E2012C82E1232482E163
S31580E30210FF3C01E2033482E1100053E3010080E214
S31580E3022000A2A0E10800009A241097E5212CA0E122
S31580E30230FF3801E2012C82E1232482E1FF3C01E2E3
S31580E30240033482E10C308DE50A0000EA10B08DE2DA
S31580E3025004502BE50700A0E10C109DE50B20A0E1FF
S31580E302604CFAFFEB090050E3F9FFFF1A0C009DE51A
S31580E30270000050E3650000BA0C309DE50700A0E17D
S31580E302800320A0E10A10A0E104308DE522FDFFEB17
S31580E3029004309DE5000050E31700001A0700A0E153
S31580E302A00610A0E10420A0E1E6FAFFEB003050E27D
S31580E302B05300001A0C009DE51124A0E3001CA0E185
S31580E302C0142086E5201C81E1FF2C00E2021481E103
S31580E302D0FF2800E2222481E1242086E5042CA0E1A4
S31580E302E0242C82E1FF1C04E2012482E1FF4804E23C
S31580E302F0244482E1044086E5410000EA200097E554
S31580E3030028B083E2201CA0E1FF2800E2001C81E103
S31580E30310221481E1FF0C00E2002481E102B08BE04C
S31580E303200AB08BE00B0054E1370000BA085CA0E129
S31580E30330285C85E1FF2808E2222485E1FF5C08E268
S31580E30340055482E1055087E00B2086E0020057E101
S31580E30350050056310400002A0B2085E0041086E070
S31580E30360010052E10100009A270000EA0650A0E16D
S31580E303700700A0E10510A0E10A20A0E197FDFFEBCD
S31580E303800510A0E10B20A0E10600A0E1700800EBD8
S31580E3039080309FE5003086E5043CA0E1FF2C04E253
S31580E303A0243C83E11C1097E5023483E1FF4804E2B1
S31580E303B0244483E11134A0E3212CA0E1143086E5C3
S31580E303C00132A0E3012C82E1183086E5FF3801E2B1
S31580E303D0232482E1FF3C01E2033482E1032CA0E1A2
S31580E303E0232C82E1FF1C03E2012482E1FF3803E24E
S31580E303F0233482E1044086E51C3086E50000A0E3F1
S31580E30400020000EA0300A0E1000000EA0200E0E364
S31580E3041010D08DE2F08DBDE8D00DFEED000050E307
S31580E30420090000CA0A00000A0D0070E30A00009A78
S31580E304302C309FE5000060E2000193E724309FE5DE
S31580E30440000050E30300A0011EFF2FE118009FE5A3
S31580E304501EFF2FE114009FE51EFF2FE104009FE5B9
S31580E304601EFF2FE1087EE380D528E480B428E4806C
S31580E30470CA28E48037402DE90030A0E308408DE2C6
S31580E304800050A0E1043024E504309DE5000051E30B
S31580E30490000053A3040000BA0500A0E10420A0E114
S31580E304A023FAFFEB0010A0E1F6FFFFEA0100A0E1EB
S31580E304B00CD08DE23080BDE8030011E330402DE9B6
S31580E304C00B00000A000052E30900000AB8C09FE56A
S31580E304D00130D1E4012052E2003023E0FF3003E231
S31580E304E003319CE7200423E00100000A030011E3C3
S31580E304F0F6FFFF1A03C002E2041041E22221A0E1E3
S31580E3050084309FE50150A0E10240A0E1000054E37E
S31580E305100F00000A04E0B5E5014044E20E0020E066
S31580E30520FFE000E20EE193E720042EE0FFE000E245
S31580E305300EE193E720042EE0FFE000E20EE193E78D
S31580E3054020042EE0FFE000E20EE193E720042EE0B4
S31580E30550EDFFFFEA00005CE30221A0E13080BD0805
S31580E30560032082E2022081E01C109FE50130F2E560
S31580E3057001C05CE2003023E0FF3003E2033191E720
S31580E30580200423E0F8FFFF1A3080BDE8D879E380C2
S31580E3059008402DE90000E0E1C6FFFFEB0000E0E163
S31580E305A00880BDE8F9FFFFEAFF4D2DE90060A0E191
S31580E305B00170A0E10280A0E100A0A0E33CB0A0E34B
S31580E305C00600A0E10710A0E10B20A0E1CF1700EB26
S31580E305D00040A0E10150A0E1053094E10500000A66
S31580E305E0DC309FE50A30D3E70C308DE5000053E33A
S31580E305F00A00001A020000EA0AB05BE201A08AE27E
S31580E30600EEFFFF1A00808DE50620A0E10730A0E12A
S31580E30610B0009FE5DDBDFFEB10D08DE2F08DBDE848
S31580E3062000A0A0E10010A0E30100A0E30B20A0E17D
S31580E30630BD1700EB010050E20010C1E2060000E0C6
S31580E30640071001E0013090E10060A0030E00000A8C
S31580E306500A30A0E3906387E001204BE2937127E0C1
S31580E306600100A0E30010A0E3AF1700EB0B20A0E1AD
S31580E30670060090E00710A1E0A41700EB090050E321
S31580E306800060A0E101A084820A60408238009FE591
S31580E306900A10A0E1BDBDFFEB000056E30200000AAD
S31580E306A028009FE50610A0E1B8BDFFEB0820A0E196
S31580E306B01C009FE50C109DE510D08DE2F04DBDE862
S31580E306C0B2BDFFEAC0A6E380A529E480B229E4802F
S31580E306D0B629E480BB29E480F04D2DE958D04DE27C
S31580E306E078509DE50340A0E1920503E00080A0E118
S31580E306F0400053E301A0A0E10260A0E10300009A79
S31580E307004000A0E30210A0E10F1700EB0050A0E148
S31580E30710000055E30300001A1000A0E30610A0E1F1
S31580E30720091700EB0050A0E18630A0E104308DE5A7
S31580E30730013083E208308DE5000054E34900000A86
S31580E307402C019FE50810A0E190BDFFEB040055E185
S31580E307500570A0310470A0210AC0A0E100B0A0E337
S31580E3076007005BE11300000A040056E314108DE2F0
S31580E3077000209C050B2181070600000A020056E350
S31580E307800020DC15B020DC018B00A001FF200212E3
S31580E30790B02081010B20C117D8009FE504109DE5A9
S31580E307A00CC08DE579BDFFEB0CC09DE501B08BE216
S31580E307B006C08CE0E9FFFFEA96070BE00BA08AE030
S31580E307C0050057E10B00002A0020A0E308309DE5F1
S31580E307D0030052E10500002A9C009FE50C208DE58D
S31580E307E05EBDFFEB0C209DE5012082E2F6FFFFEA8A
S31580E307F0015045E2F1FFFFEA14108DE27C309FE57C
S31580E308000120A0E12EC0A0E3020061E00B0050E1ED
S31580E308100700002A0100D2E400E0D3E797001EE355
S31580E308200100000A800010E3F6FFFF0A01C042E5FB
S31580E30830F4FFFFEA58308DE20B2083E00000A0E36B
S31580E30840440042E538009FE550BDFFEB71BDFFEB09
S31580E308500B8088E0044067E0000050E3B5FFFF0AC1
S31580E308600000E0E3000000EA0400A0E158D08DE256
S31580E30870F08DBDE84DCDE380C329E4802134E48067
S31580E30880B599E380C929E480F34D2DE9D040C0E1F1
S31580E308900080A0E1010055E10160A0E10070A0E3E2
S31580E308A00020A0330030A0330800003A0500A0E121
S31580E308B004108DE5A41600EB04C09DE50020A0E3BB
S31580E308C0024054E09C0001E00030A0E10150C5E025
S31580E308D001A0A0E300B0A0E3010056E30010D7E255
S31580E308E00110A0A30010A0B3050057E10400560150
S31580E308F00010A02301100132000051E30400000A36
S31580E30900066096E00770A7E00AA09AE00BB0ABE03A
S31580E30910F0FFFFEA070055E1060054010300003AC1
S31580E30920064054E00750C5E00A2092E00B30A3E08E
S31580E30930ABB0B0E16AA0A0E1A770B0E16660A0E1E8
S31580E309400B109AE1F2FFFF1A0400A0E1F020C8E160
S31580E3095008D08DE2F08DBDE837402DE90350A0E164
S31580E3096004308DE218409DE58BFAFFEB000050E3FF
S31580E309700030E0030300000A04309DE5050053E1FF
S31580E309800B30E0B30030A0A3003084E50CD08DE2D9
S31580E309903080BDE813402DE90340A0E104308DE2C9
S31580E309A07DFAFFEB000050E30A00000A04309DE580
S31580E309B0030053E30700009A002090E5223CA0E180
S31580E309C0FF0802E2023C83E1203483E1FF0C02E28A
S31580E309D0000483E1000000EA0400A0E108D08DE290
S31580E309E01080BDE813402DE90340A0E104308DE299
S31580E309F069FAFFEB000050E30C00000A04309DE542
S31580E30A00030053E30900009A230154E10700002A17
S31580E30A10042190E7223CA0E1FF0802E2023C83E165
S31580E30A20203483E1FF0C02E2000483E1000000EA64
S31580E30A3010009DE508D08DE21080BDE808402DE9E1
S31580E30A4028209FE50030A0E353FAFFEB000050E354
S31580E30A500400000A18109FE5020600EB100F6FE111
S31580E30A60A002A0E10880BDE80100A0E30880BDE81C
S31580E30A70A7F3E380A2F3E38004309FE5022193E7C3
S31580E30A8008FBFFEA2479E380F3412DE90070A0E1D6
S31580E30A900180A0E10250A0E10A60A0E30840A0E162
S31580E30AA00410A0E10700A0E10520A0E1A0F8FFEB98
S31580E30AB0003095E5010053E30040A0E1F7FFFFCA6C
S31580E30AC00410A0E13C209FE504308DE20080A0E1A4
S31580E30AD00700A0E130FAFFEB2C109FE5E10500EB80
S31580E30AE0000050E30100000A016056E2EAFFFF1AC4
S31580E30AF0003095E5010053E30400A0010000E01314
S31580E30B0008D08DE2F081BDE8A7F3E380A2F3E3802A
S31580E30B104C2099E508402DE9000052E30300001AD2
S31580E30B2028009FE599BCFFEB0000E0E30880BDE881
S31580E30B304C2099E5030012E3F8FFFF1A4C0099E590
S31580E30B40C0F7FFEB000050E3F4FFFF1A0880BDE82F
S31580E30B50D829E48008402DE9ECFFFFEB0000A0E311
S31580E30B600880BDE830402DE914D04DE220409DE574
S31580E30B7000C0A0E30350A0E110308DE204C023E57A
S31580E30B8000308DE50431A0E172FFFFEB00E0A0E1E8
S31580E30B900C009DE5000050E30030A0010B00001A35
S31580E30BA0040053E1090000AA03C19EE72C1CA0E1DF
S31580E30BB0FF280CE20C1C81E1221481E1FF2C0CE27C
S31580E30BC0022481E1032185E7013083E2F3FFFFEA33
S31580E30BD014D08DE23080BDE807402DE904308DE204
S31580E30BE0EDF9FFEB000090E20100A0130CD08DE25B
S31580E30BF004F09DE470402DE90150A0E12C109FE5BF
S31580E30C000060A0E10240A0E104FAFFEB001050E2AD
S31580E30C10040000BA0600A0E10520A0E10430A0E1CB
S31580E30C207040BDE85AFFFFEA0400A0E17080BDE8AA
S31580E30C305F2AE48037402DE90140A0E128109FE553
S31580E30C400050A0E1F5F9FFEB001050E20000A0B3FD
S31580E30C50030000BA0500A0E10420A0E104308DE2A0
S31580E30C60CDF9FFEB0CD08DE23080BDE85F2AE480DE
S31580E30C7010009FE508402DE938BCFFEB1D00E0E35B
S31580E30C803BCCFFEBFEFFFFEADC2DE480002090E522
S31580E30C90003091E5000092E5001093E5710500EAE6
S31580E30CA070402DE90140A0E10050A0E1000091E50C
S31580E30CB00260A0E18FBDFFEB040094E58DBDFFEB01
S31580E30CC00030A0E3083084E50C3084E51430A0E3FB
S31580E30CD0930602E0001095E50030E0E3023081E719
S31580E30CE0083095E5013043E2083085E57080BDE85C
S31580E30CF0F0412DE90040A0E30080A0E10170A0E18E
S31580E30D00046042E20450A0E1070055E1090000AA2D
S31580E30D100410B6E5000051E30400000A0800A0E1F0
S31580E30D20500500EB000050E30140A0030000860578
S31580E30D30015085E2F3FFFFEA0400A0E1F081BDE81C
S31580E30D4008402DE9073D00E2400053E30700000A2F
S31580E30D50800053E30B00001A0100A0E10210A0E13A
S31580E30D60190600EB000090E20100A0130880BDE8BD
S31580E30D700100A0E10210A0E13A0500EB100F6FE15C
S31580E30D80A002A0E10880BDE80310A0E108009FE58A
S31580E30D90FEBBFFEB0000A0E30880BDE8062EE480FF
S31580E30DA0000051E30400001A9C309FE51620A0E37F
S31580E30DB0002083E50100A0E11EFF2FE1003091E5ED
S31580E30DC0000053E31E00001A70402DE90160A0E1A4
S31580E30DD0014080E30350A0E3950503E0040053E17B
S31580E30DE00600003A0400A0E10510A0E1801500EBBF
S31580E30DF0000051E30800001A024084E2F4FFFFEAB0
S31580E30E000400A0E10510A0E1791500EB000051E3B1
S31580E30E10F3FFFF0A025085E2EEFFFFEA0030A0E32C
S31580E30E20044086E5083086E5010084E21410A0E3F9
S31580E30E3040BFFFEB000086E5000090E20100A013CF
S31580E30E407080BDE80000A0E31EFF2FE11CA1E780D0
S31580E30E50000050E3F8402DE90040A0110150A013B3
S31580E30E601470A0130E00001A54309FE51620A0E3F9
S31580E30E70002083E5F880BDE8970503E0002094E54C
S31580E30E80036082E0033092E7000053E3030000DA75
S31580E30E90040096E517BDFFEB080096E515BDFFEB6D
S31580E30EA0015085E2043094E5030055E1F1FFFF9AB2
S31580E30EB0000094E50FBDFFEB0030A0E3003084E54E
S31580E30EC0F880BDE81CA1E780F8452DE90140A0E163
S31580E30ED00080A0E10260A0E10370A0E1070500EBDA
S31580E30EE0014084E21450A0E3940505E000A0A0E16C
S31580E30EF0043097E5030054E11300002A003097E5B8
S31580E30F00052083E0053093E7000053E30B0000DA26
S31580E30F10041092E50800A0E10A20A0E1DC0400EBDE
S31580E30F20000050E30500001A003097E50400A0E1D5
S31580E30F30055083E0045085E2005086E5F885BDE8F8
S31580E30F40014084E2145085E2E8FFFFEA10309FE532
S31580E30F500320A0E30000A0E3002083E5000086E50C
S31580E30F60F885BDE81CA1E780F04D2DE920D04DE260
S31580E30F7020C08DE20F000CE910309DE504308DE54D
S31580E30F800300A0E144609DE548409DE514709DE53E
S31580E30F90DA0400EB04309DE500B083E004309DE5A0
S31580E30FA003005BE101307B1500028310FAFFFF1A31
S31580E30FB0041094E50E1500EB1480A0E3003094E56D
S31580E30FC0000051E301A0A01101A0A0039A0808E064
S31580E30FD0085093E7082083E0000055E3B100000A58
S31580E30FE0010075E30A30A0010030A0130A0055E141
S31580E30FF008308DE54500001A0B00A0E1041092E568
S31580E31000980400EB00B050E24000001A40309DE5C2
S31580E31010000057E3013043E2133F6FE1A332A0E1DF
S31580E310200030A003000053E33200000A0CC094E5CD
S31580E3103000005CE30C00000A000094E50710A0E1E1
S31580E31040080080E0040080E20220A0E34C309DE5C6
S31580E310503CFF2FE1000050E3E0339F150120A0130E
S31580E310600020831500B08615F000001A003094E561
S31580E31070083083E00CC093E500005CE30A00000AD5
S31580E3108004009DE50710A0E10220A0E34C309DE536
S31580E310903CFF2FE1000050E3A0339F151620A013F9
S31580E310A0002083150030A0131000001A003094E569
S31580E310B0083083E0080093E58EBCFFEB0700A0E1F0
S31580E310C000B094E5A00400EB003094E508B08BE033
S31580E310D0083083E008008BE5083093E5000053E3AE
S31580E310E00400001A54239FE50C10A0E3001082E568
S31580E310F0003086E5CD0000EA003094E5010075E333
S31580E31100088083E0048088E2008086E5C800001AD0
S31580E31110041094E50A00A0E1021041E2B41400EB66
S31580E311200A80A0E1015081E2050058E104309495FC
S31580E311300880658003306590038088900A0058E1D3
S31580E311405A00000A14B0A0E3980B0BE0003094E554
S31580E311500B2083E00B3093E70A0053E14C00001A3F
S31580E3116004009DE5041092E53E0400EB003050E276
S31580E311700C308DE54600001A40309DE5000057E3CC
S31580E31180013043E2133F6FE1A332A0E10030A003D5
S31580E31190000053E33500000A0CC094E500005CE3ED
S31580E311A00C00000A000094E50710A0E10B0080E044
S31580E311B0040080E20220A0E34C309DE53CFF2FE172
S31580E311C0000050E374329F150120A013002083159D
S31580E311D00C309D152200001A003094E50B3083E035
S31580E311E00CC093E500005CE30A00000A04009DE579
S31580E311F00710A0E10220A0E34C309DE53CFF2FE100
S31580E31200000050E334329F151620A0130020831587
S31580E312100030A0131200001A003094E50B3083E00F
S31580E31220080093E533BCFFEB003094E50700A0E1CB
S31580E312300B3083E00C308DE5430400EB0C309DE509
S31580E31240080083E5003094E50B3083E0083093E5CE
S31580E31250000053E30500001AE0219FE50C10A0E3AC
S31580E31260001082E5003086E50030A0E3060000EA60
S31580E31270003094E5010078E30B3083E0043083E2C9
S31580E31280003086E50830A0E10100000A0350A0E1C2
S31580E31290670000EA003094E50B3093E7000053E300
S31580E312A0A0FFFF1A010000EA0A80A0E108508DE55D
S31580E312B040309DE5010053E30320A0135600001A56
S31580E312C0082094E5043094E5030052E10100001A16
S31580E312D00C20A0E3500000EA08309DE51450A0E31B
S31580E312E0000053E30830A001930505E00380A0E105
S31580E312F0003094E504009DE505A083E705B083E02F
S31580E31300110400EB04008BE50700A0E100B094E54F
S31580E313100D0400EB05B08BE008008BE5000094E557
S31580E31320050080E0043090E5000053E3E7FFFF0A21
S31580E31330083090E5000053E3E4FFFF0A083094E5C4
S31580E31340040080E2013083E2083084E56DBFFFEB81
S31580E31350000094E5050080E0040080E242C1FFEBF3
S31580E313600CC094E500005CE31100000A000094E5FC
S31580E313700710A0E1050080E0040080E20020A0E3FE
S31580E313804C309DE53CFF2FE1000050E30800000A66
S31580E31390001094E50820A0E1051081E00400A0E1B7
S31580E313A0041081E23DFEFFEB90309FE540209DE512
S31580E313B01A0000EA003094E5053083E00CC093E53B
S31580E313C000005CE30E00000A04009DE50710A0E13F
S31580E313D00020A0E34C309DE53CFF2FE1000050E385
S31580E313E00700000A001094E50820A0E1051081E0DB
S31580E313F00400A0E1041081E228FEFFEB1620A0E3BF
S31580E31400050000EA001094E5055081E0045085E28A
S31580E31410005086E50150A0E3050000EA1C309FE515
S31580E314200050A0E3002083E5005086E5000000EA53
S31580E314300050A0E30500A0E120D08DE2F08DBDE869
S31580E314401CA1E780F0412DE928D04DE20150A0E1CF
S31580E3145014308DE228008DE90040A0E328308DE248
S31580E3146018008DE500408DE50C408DE50080A0E118
S31580E314700270A0E10F0013E9BAFEFFEB006050E2D1
S31580E314800320A0031800000A0CC095E500005CE386
S31580E314900700000A0120A0E314009DE50410A0E103
S31580E314A00730A0E13CFF2FE1000050E30120A013C9
S31580E314B00D00001A003095E51410A0E3963121E083
S31580E314C00CC091E500005CE30B00000A0800A0E194
S31580E314D00010A0E30120A0E30730A0E13CFF2FE169
S31580E314E0000050E30400000A1620A0E324309FE5C1
S31580E314F00000A0E3002083E5040000EA0500A0E104
S31580E3150014109DE50620A0E1E4FDFFEB0100A0E3D6
S31580E3151028D08DE2F081BDE81CA1E780F04D2DE96E
S31580E315201CB08DE220D04DE20260A0E1042090E57C
S31580E31530000053E30221A0E10A2082E20720C2E30E
S31580E3154002D04DE00080A0E120100BE504409BE54E
S31580E3155028D00BE52C300BE51620A0036F00000A9C
S31580E315600050A0E3103006E201A0A0E324500BE58F
S31580E3157034300BE5043098E503005AE15800008ADD
S31580E315801420A0E39A0202E0001098E5027081E05D
S31580E31590022091E7000052E3203006C201C0A0C3D7
S31580E315A030300BC54C0000DA08309BE503005CE184
S31580E315B01C0000AA34301BE5000053E30300001A45
S31580E315C030301BE5000053E31400000A0A0000EA0A
S31580E315D00C309BE50600A0E10C2193E7041097E528
S31580E315E038C00BE5D5FDFFEB38C01BE5000050E3C3
S31580E315F0F2FFFF0A0120A0E30B0000EA0C309BE533
S31580E316000600A0E10C2193E7081097E538C00BE5C7
S31580E31610CAFDFFEB38C01BE5000050E3F4FFFF1A79
S31580E3162001C08CE2DFFFFFEA0020A0E308309BE500
S31580E31630012022E2000053E30020A0D3012002C26E
S31580E31640000052E32400001A080016E30300000AB0
S31580E31650042097E50020D2E52E0052E31E00000A1F
S31580E31660013085E230300BE528301BE5042087E244
S31580E31670052183E7040097E5200300EB24301BE58F
S31580E31680025083E220301BE5000053E308309715D0
S31580E3169001304312005085E00300001A080097E505
S31580E316A0160300EB005085E0080000EA0120F3E52D
S31580E316B0000052E30500000A20101BE55C0052E3BC
S31580E316C0010052110150851202508502F6FFFFEAAE
S31580E316D0023085E230501BE524300BE501A08AE237
S31580E316E0A3FFFFEA0420A0E330319FE528001BE552
S31580E316F00510A0E1930200EB24301BE5000054E3E0
S31580E31700012083E20900000A020054E10800002A6E
S31580E317100C019FE50410A0E19CB9FFEB0C20A0E34C
S31580E3172000319FE50000E0E3002083E5390000EA2D
S31580E317300240A0E12C301BE5006093E5000056E310
S31580E317400800000A0600A0E10010A0E30420A0E15F
S31580E317504D0300EB28201BE50000A0E33DC0A0E39A
S31580E317605CE0A0E30B0000EA0100A0E30410A0E143
S31580E31770F0BCFFEB2C301BE5000050E30060A0E1FA
S31580E31780000083E5F2FFFF1AE3FFFFEA20105BE543
S31580E31790010080E20010C3E5050050E11A00000A6B
S31580E317A0003092E50280A0E1001093E5011041E26A
S31580E317B001A0F1E5013086E200005AE30360A0115F
S31580E317C001A04315F9FFFF1A00C0C6E5001098E5AE
S31580E317D0042082E2048091E50010D8E5016083E28B
S31580E317E0000051E3E8FFFF0A20701BE55C0051E34C
S31580E317F00700511100E0C3050630A0010110D8E4CB
S31580E318000010C3E5013083E2F2FFFFEA0030A0E394
S31580E318100400A0E10030C6E51CD04BE2F08DBDE8C4
S31580E318208C0CE380322EE4801CA1E780F04D2DE919
S31580E318301CB08DE238D04DE208709BE5000050E3A2
S31580E318400741A0E10AC084E207C0CCE30CD04DE0B7
S31580E3185010C08DE238C00BE58500000A0080A0E168
S31580E318600200A0E13C100BE50360A0E10250A0E199
S31580E318702DBBFFEB3C101BE500A050E2E4329F0555
S31580E318800C20A003002083050A40A001B200000AD1
S31580E318900520A0E1130300EB000057E30300000AF1
S31580E318A038001BE50C109BE50420A0E10D0300EB5B
S31580E318B004309BE5010013E30400001A003098E549
S31580E318C0000053E30100000A0800A0E15FFDFFEB9F
S31580E318D0003098E5000053E30300000A05308AE010
S31580E318E00A40A0E13C300BE5190000EAA501A0E13E
S31580E318F0400080E2020C50E3020CA0230810A0E132
S31580E3190026FDFFEB004050E2F3FFFF1A0A00A0E159
S31580E3191078BAFFEB900000EA230053E30400A011BA
S31580E319201100001A0130D4E4000053E3060053119A
S31580E31930FBFFFF1A0450A0E13C301BE5030055E1B1
S31580E319407000002A0030D5E5000053E36D00000AFD
S31580E319500540A0E10030D4E5200053E309005313AA
S31580E31960ECFFFF1A015084E2F8FFFFEA0030A0E1C2
S31580E319700120D0E4000052E33D0052130110A0138E
S31580E319800010A003060052E10010A003011001122B
S31580E31990000051E3F4FFFF1A000052E30300A0E1E5
S31580E319A00B00000A0110D3E5000051E30400000AAE
S31580E319B0060052E1060051110110A0030010A013A6
S31580E319C01400001A3D0052E30020A0030130830295
S31580E319D00020C0050020A0E3020057E1015083E226
S31580E319E00020C3E50400001A0400A0E10810A0E18A
S31580E319F004209BE592FEFFEBCEFFFFEA0400A0E125
S31580E31A000710A0E138201BE5B8FCFFEB000050E3AC
S31580E31A10C8FFFF0AF3FFFFEA01C083E20010C3E5D4
S31580E31A200C30A0E10C10A0E10350A0E10120D5E445
S31580E31A30000052E3060052110100A0130000A00348
S31580E31A400700000A5C0052E30200001A0120D3E596
S31580E31A50000052E30530A0110120D3E40120C1E464
S31580E31A60F0FFFFEA0000C1E50000D4E5000050E3A3
S31580E31A700400001AEC309FE51620A0E3002083E5FE
S31580E31A800040A0E1340000EA000057E31400001AA6
S31580E31A900130A0E300308DE530304BE208018DE97B
S31580E31AA004309BE50C308DE51C304BE228C00BE51A
S31580E31AB02C400BE50F0013E940C00BE529FDFFEB56
S31580E31AC030301BE540C01BE5000053E399FFFF1A66
S31580E31AD00410A0E10C20A0E18C009FE5ABB8FFEBFE
S31580E31AE094FFFFEA0400A0E10710A0E138201BE59C
S31580E31AF040C00BE57DFCFFEB40C01BE5000050E3F7
S31580E31B008CFFFF0AE1FFFFEA0A00A0E1F9B9FFEBE8
S31580E31B1038301BE50050A0E3044043E2070055E17B
S31580E31B200C0000AA0400B4E5000050E30700000AB5
S31580E31B300810A0E104209BE541FEFFEB001094E54D
S31580E31B40000050E324009F0524009F158FB8FFEB28
S31580E31B50015085E2F0FFFFEA0140A0E30400A0E143
S31580E31B601CD04BE2F08DBDE81CA1E780622EE480B9
S31580E31B70932EE480CA2EE480F8402DE90050A0E15C
S31580E31B800160A0E10140A0E31470A0E3043095E591
S31580E31B90030054E10B00008A970403E0002095E5F7
S31580E31BA0030082E0033092E7000053E3030000DAA8
S31580E31BB0040080E236FF2FE1000050E3F880BD1891
S31580E31BC0014084E2F0FFFFEA0000A0E3F880BDE88D
S31580E31BD01C109FE50030A0E10300A0E10020D0E5E2
S31580E31BE0013083E20220D1E7200012E3F9FFFF1AF6
S31580E31BF01EFF2FE1B599E38010402DE9F3FFFFEB5C
S31580E31C000040A0E1BD0100EB000050E30E00000AB6
S31580E31C10013040E238009FE5033084E0040053E17D
S31580E31C200320A0E10200002A0030A0E30130C2E5F0
S31580E31C30050000EA0010D2E5013043E20110D0E767
S31580E31C40200011E3F4FFFF1AF6FFFFEA0400A0E1A8
S31580E31C501080BDE8B599E380F34D2DE9005090E51A
S31580E31C60010055E30500001A0C3090E5000053E3CC
S31580E31C70081080050C2080050300A0015C00000AA3
S31580E31C800070A0E105C0A0E100E0A0E3026081E08E
S31580E31C9005005EE11000000A084097E50C3097E501
S31580E31CA0020053E1010054013600000A060054E1C4
S31580E31CB03800000A044083E0040051E1087087E2BB
S31580E31CC001408EE284418000023083000430840543
S31580E31CD03600000A04E0A0E1ECFFFFEA0030A0E36F
S31580E31CE0014045E204005EE10E00002A8EE180E0D9
S31580E31CF001808CE208A09EE58CC180E00CB09EE575
S31580E31D0014609CE510709CE504608DE50A608BE0C9
S31580E31D10060057E12800000A04609DE5077086E027
S31580E31D2007005AE12400000A000053E30100A013F0
S31580E31D302F00001A070055E3853180901300008A4F
S31580E31D40010074E30900000A08C013E40C0051E1C2
S31580E31D5010C083350CC0933514C0833501404432BB
S31580E31D60F6FFFF3A844180E0101084E5142084E591
S31580E31D70083090E5015085E2030051E10810803593
S31580E31D800C208035005080E50000A0E3180000EACF
S31580E31D900000E0E3160000EA8E3180E00CC093E5B4
S31580E31DA0066062E002C08CE0086083E50CC083E5F0
S31580E31DB00EC0A0E10130A0E3C8FFFFEA04209DE561
S31580E31DC00B6082E00C608EE5040058E108C08CE28B
S31580E31DD00500002A10209CE508208CE514209CE56C
S31580E31DE0018088E20C208CE5F6FFFFEA004080E57F
S31580E31DF0010083E208D08DE2F08DBDE80030A0E3F8
S31580E31E000120A0E3083080E50C3080E50C0080E813
S31580E31E10583080E55C3080E5502080E5543080E5BD
S31580E31E201EFF2FE18BFFFFEAF0412DE90030A0E3AF
S31580E31E30505090E501E0A0E10070A0E1021081E05E
S31580E31E400340A0E103C0A0E1050053E10360A0E104
S31580E31E500700000A58C097E55C4097E5087087E27B
S31580E31E6004408CE0040051E10E005C9101308382F2
S31580E31E70F4FFFF8A050053E12900000A0CC06EE0F7
S31580E31E80047061E01CCF6FE1177F6FE1ACC2A0E124
S31580E31E90A772A0E10C8017E08331A0E103308010C4
S31580E31EA0012045120B00000A020056E1083083E266
S31580E31EB00500002A581093E5501083E55C1093E5FE
S31580E31EC0016086E2541083E5F6FFFFEA502080E561
S31580E31ED00000A0E3F081BDE800005CE303308010FE
S31580E31EE0581083150200001A000057E30400000A25
S31580E31EF0033080E05C1093E5012062E05C2083E5BB
S31580E31F00F2FFFFEA03C080E058309CE5042061E0FD
S31580E31F100EE063E05CE08CE5500080E2F041BDE8F2
S31580E31F204CFFFFEA0000E0E3F081BDE8500080E289
S31580E31F3048FFFFEA10402DE900E090E50030A0E39A
S31580E31F40022081E00E0053E10D00000A084090E58F
S31580E31F500CC090E50CC084E00C0051E10500002A3A
S31580E31F60020054E10300002A0E0053E10300A0318E
S31580E31F700000E0231080BDE8013083E2080080E2C0
S31580E31F80EFFFFFEA0000E0E31080BDE8FF4D2DE9B7
S31580E31F90005090E50270A0E101B045E2502080E276
S31580E31FA00080A0E10160A0E1855180E000C067E2A6
S31580E31FB004208DE500005BE32E0000BA044095E53E
S31580E31FC000A095E5060054E12C00003A000053E3B7
S31580E31FD004408A000A00000A0A4084E0030054E1D0
S31580E31FE0044066900340668003005AE10500003AA8
S31580E31FF0220000EA0B0080E2804198E7060054E184
S31580E320001E00003A044066E00C4004E004005AE116
S31580E320100020A0830120A093000054E30020A003C6
S31580E32020000052E31500000A04009DE50410A0E1D8
S31580E320300620A0E10CC08DE508308DE5BCFFFFEB03
S31580E3204008309DE50CC09DE5000050E3E8FFFFAA5C
S31580E32050012047E2066082E0002067E204009DE516
S31580E320600410A0E1062002E0FAFEFFEB000050E355
S31580E320700400A0A1040000AA0000A0E3020000EA95
S31580E3208001B04BE2085045E2C9FFFFEA10D08DE28A
S31580E32090F08DBDE870402DE90160A0E10350A0E139
S31580E320A0B9FFFFEB004050E20300001A10009FE502
S31580E320B00610A0E10520A0E134B7FFEB0400A0E120
S31580E320C07080BDE8FB2EE4800030A0E3F0FFFFEAFA
S31580E320D01EFF2FE173402DE9004050E20400A0018A
S31580E320E01600000A0460A0E30050A0E3000054E277
S31580E320F00200000A04108DE20A20A0E3390400EB13
S31580E32100FF0000E2000054E3055480E10300000A87
S31580E3211004409DE50030D4E5000053E3014084129A
S31580E32120016056E2F0FFFF1A053CA0E1FF0C05E2F1
S31580E32130253C83E1003483E1FF0805E2200483E163
S31580E3214008D08DE27080BDE8000052E301005113B0
S31580E321501EFF2F91F34D2DE901A0A0E10060A0E1E0
S31580E32160010041E20310A0E30280A0E10370A0E155
S31580E32170751000EB0040A0E3844084E0014084E2F4
S31580E32180000054E1FBFFFF3A980404E0980A0AE072
S31580E321900430A0E10350A0E1052064E002B086E0CC
S31580E321A0055086E00B00A0E10510A0E104308DE543
S31580E321B000208DE537FF2FE10C009DE8000050E31A
S31580E321C0030000CA083083E00A0053E1F0FFFF3AD8
S31580E321D00B0000EA081082E0011086E000C0D5E536
S31580E321E00000DBE501C0CBE401005BE10100C5E46F
S31580E321F0F9FFFF1A040052E10250A0E1E5FFFF2A4E
S31580E32200EFFFFFEA040068E00310A0E34E1000EB63
S31580E32210004050E2DDFFFF1A08D08DE2F08DBDE885
S31580E32220000090E5001091E50E0000EA012040E20F
S31580E322300130D1E40130E2E5000053E3FBFFFF1A0E
S31580E322401EFF2FE101C040E2022081E0020051E15E
S31580E322501EFF2F010130D1E40130ECE5000053E3AA
S31580E32260F9FFFF1A1EFF2FE1010040E20120F0E5AE
S31580E322700130D1E4023063E0FF3013E20100001A5B
S31580E32280000052E3F8FFFF1A030CA0E1400CA0E143
S31580E322901EFF2FE1010040E2022081E0020051E1CE
S31580E322A00700000A01C0F0E50130D1E40C3063E0B9
S31580E322B0FF3013E20300001A00005CE3F6FFFF1A27
S31580E322C0000000EA0030A0E3030CA0E1400CA0E1AB
S31580E322D01EFF2FE1FF1001E20020A0E10130D0E4F0
S31580E322E0010053E10300000A000053E3F9FFFF1AFC
S31580E322F00300A0E11EFF2FE10200A0E11EFF2FE114
S31580E323000030A0E10320A0E10010D2E5013083E2B2
S31580E32310000051E3FAFFFF1A020060E01EFF2FE19F
S31580E323200020A0E1011080E0010052E10230A0E14B
S31580E323300300000A00C0D3E5012082E200005CE3EB
S31580E32340F8FFFF1A030060E01EFF2FE1001050E262
S31580E323500900000A38402DE90150A0E1E7FFFFEBD1
S31580E32360010080E270B8FFEB004050E20400000A0F
S31580E323700510A0E1ACFFFFEB010000EA0100A0E15C
S31580E323801EFF2FE10400A0E13880BDE80030A0E124
S31580E3239010402DE9034060E001C0D3E400005CE334
S31580E323A00600000A012041E201E0F2E500005EE377
S31580E323B00200000A0E005CE1FAFFFF1AF4FFFFEA6F
S31580E323C00400A0E11080BDE804E02DE500E0A0E193
S31580E323D00130D0E4000053E30700000A012041E224
S31580E323E001C0F2E500005CE3F7FFFF0A0C0053E16E
S31580E323F0FAFFFF1A0E00A0E104F09DE40300A0E1DA
S31580E3240004F09DE4F8402DE9004050E20170A0E13C
S31580E3241070509FE50200001A004095E5000054E302
S31580E324201600000A0400A0E10710A0E1D6FFFFEB47
S31580E324300030D4E7006084E0000053E30200001A32
S31580E32440003085E50300A0E1F880BDE80600A0E161
S31580E324500710A0E1DBFFFFEB000050E30400000A76
S31580E324600020D0E5000052E30020A0130020C01531
S31580E3247001008012000085E50600A0E1F880BDE852
S31580E324800400A0E1F880BDE820A1E780033010E2F4
S31580E3249004E02DE50030A0110D00001A05C0A0E38D
S31580E324A0FFE001E201C05CE203348E11FCFFFF1A18
S31580E324B000E0A0E102C06EE00CC080E003005CE3D4
S31580E324C004308E84FAFFFF8A0330C2E3033080E070
S31580E324D0032002E2022083E0020053E10110C314E9
S31580E324E0FCFFFF1A04F09DE4000051E11EFF2F017B
S31580E324F0013080E1030013E304E02DE501C0A00190
S31580E3250004E040020A00001A02306CE0033081E006
S31580E32510030053E304309C840430AE85F9FFFF8ADD
S31580E3252003C0C2E30C3080E00C1081E0032002E2BA
S31580E32530000000EA0030A0E1013043E2022081E0BE
S31580E32540020051E101C0D11401C0E315FBFFFF1A7C
S31580E3255004F09DE4000051E11EFF2F01010050E1EC
S31580E32560023081E0012040920400008A030051E1B9
S31580E3257001C0D11401C0E215FBFFFF1A1EFF2FE154
S31580E32580021080E0022063E0020073E101C073156C
S31580E3259001C06115FBFFFF1A1EFF2FE101C040E278
S31580E325A0022081E0020051E10500000A0130FCE5EA
S31580E325B00000D1E5000053E01EFF2F11011081E2F8
S31580E325C0F7FFFFEA0000A0E31EFF2FE1F8452DE9C0
S31580E325D00060A0E10100A0E101A0A0E147FFFFEBDD
S31580E325E0007050E20600A0E11100000A43FFFFEB12
S31580E325F00080A0E10050A0E1084065E0070055E1D6
S31580E32600044086E0080000BA0400A0E10A10A0E1D5
S31580E326100720A0E1E0FFFFEB015045E2000050E335
S31580E32620F4FFFF1A0400A0E1F885BDE80000A0E30B
S31580E32630F885BDE8F885BDE8022080E0FF1001E279
S31580E32640020050E10500000A0030A0E101C0D3E4B6
S31580E3265001005CE11EFF2F010300A0E1F7FFFFEA23
S31580E326600000A0E31EFF2FE170402DE920609FE587
S31580E326700040A0E1060054E10450A0310650A021B9
S31580E326800500A0E19437FFEB054054E0F8FFFF1A1D
S31580E326907080BDE88096980010402DE90040A0E167
S31580E326A0000054E30300000AFA0FA0E3EDFFFFEB1B
S31580E326B0014044E2F9FFFFEA1080BDE870402DE96E
S31580E326C02122A0E12154A0E10F2002E20F5005E28E
S31580E326D02146A0E1053082E004E083E006C0A0E382
S31580E326E00F3001E29C3E23E0CDC0A0E39C0306E0ED
S31580E326F00AE0A0E3A665A0E19E0601E0033061E07F
S31580E32700841184E0021081E0052185E0022081E0E6
S31580E32710303083E2062092E00030C0E5013080026B
S31580E327201E00000A9C0203E0A335A0E19E0301E0BC
S31580E32730022061E0851083E0302082E2043091E17B
S31580E327400120C0E5023080021400000A0D20A0E3D8
S31580E32750910202E0A233A0E19E0302E0043193E01A
S31580E32760011062E0301081E20210C0E5033080029E
S31580E327700A00000A930C0CE0ACC5A0E19C0E0EE0C7
S31580E3278000005CE303306EE0303083E20330C0E583
S31580E3279030C08C12043080020530801204C0C0152C
S31580E327A00300A0E17080BDE8F34D2DE90040A0E190
S31580E327B008808DE2F82068E1D0A0CDE128219FE56D
S31580E327C00030A0E303005BE102005A010400008AC3
S31580E327D00400A0E10A10A0E1B7FFFFEB08D08DE289
S31580E327E0F08DBDE80B60A0E10070A0E3073096E1D1
S31580E327F00900001A0A00A0E1F0109FE5FC0E00EB49
S31580E328000A00A0E10150A0E1E0109FE5CE0E00EBC7
S31580E328100010A0E3F000CDE1030000EA0800A0E1A8
S31580E32820C8109FE517F8FFEB0050A0E125A2A0E1D1
S31580E328302504A0E10F0000E20FA00AE225C6A0E18D
S31580E3284000108AE00C3081E00F5005E20610A0E329
S31580E32850935121E0CD30A0E393010EE00A20A0E37B
S31580E32860AEE5A0E1920E05E0054084E2011065E065
S31580E32870301081E2051044E58C118CE00AA081E0FA
S31580E32880001180E001A08AE00EE08AE0930E01E089
S31580E32890A115A0E192010AE0800081E00D10A0E39A
S31580E328A0900101E00EE06AE0A113A0E10CC181E0B2
S31580E328B09C0303E030E08EE2A335A0E104E044E547
S31580E328C092010EE0930202E000006EE00CC062E04B
S31580E328D0300080E230C08CE2030044E502C044E588
S31580E328E0303083E2013044E5B2FFFFEA9F860100A0
S31580E328F0A086010070402DE9000051E380509FE5FA
S31580E329000150A0110040A0E10310A0E10500A0E181
S31580E329100260A0E181FEFFEB10309DE5100013E33A
S31580E329202020A0030400001A016046E2013086E21B
S31580E32930030050E10120C4B4FAFFFFBA012044E268
S31580E329400530A0E1031065E0000051E10110D3B446
S31580E329500110E2B5FAFFFFBA000050E3004084A01D
S31580E329600430A0E12010A0E3062063E0022084E0A7
S31580E32970000052E10110C3C4FAFFFFCA0300A0E1DD
S31580E329807080BDE8362FE480F04D2DE958D04DE2D6
S31580E3299078A09DE584709DE50A105AE20110A013A4
S31580E329A0100017E30050A0E127B301E0200007E21F
S31580E329B00170C713028017E27C409DE504008DE534
S31580E329C00E00000A000052E30000D3E2040000AAEE
S31580E329D0002072E20030E3E2014044E22D80A0E38E
S31580E329E0060000EA040017E3014044122B80A0139B
S31580E329F00200001A088017E2014044122080A013E7
S31580E32A0000005BE30600000A10005AE3014044122B
S31580E32A100300001A031092E1024044E20200000A36
S31580E32A20070000EA030092E10300001A3030A0E3D6
S31580E32A301430CDE50160A0E3200000EA000051E315
S31580E32A401A00000A10005AE30310A0130410A0032F
S31580E32A5001C04AE20060A0E308108DE514108DE220
S31580E32A60016086E2060081E0FF1002E20C1001E0DD
S31580E32A700CC08DE554C19FE50110DCE704C09DE5FC
S31580E32A8001108CE1011040E50200A0E10310A0E112
S31580E32A9008209DE59D0E00EB0CC09DE50020A0E19E
S31580E32AA00130A0E1031092E1EBFFFF1A030000EA95
S31580E32AB014608DE20600A0E13AFFFFEB006066E07A
S31580E32AC080309DE5030056E10630A0A1040063E073
S31580E32AD0110017E30020A0010510A00120C0A00388
S31580E32AE00600001A012052E201C0C154FCFFFF5ADE
S31580E32AF0C02FC0E1010040E2025085E0000062E0C1
S31580E32B00000058E30080C5150150851200005BE3A1
S31580E32B100700000A10005AE33020A0E30020C5E551
S31580E32B2004209D0501508512582082030120C505A6
S31580E32B3002508502100017E30B00001A010017E329
S31580E32B4030C0A01320C0A0030020A0E10510A0E1BF
S31580E32B50012052E201C0C154FCFFFF5AC02FC0E1FD
S31580E32B60010040E2025085E0000062E03020A0E30D
S31580E32B70013043E2030056E10120C5D4FBFFFFDACF
S31580E32B80012045E20630A0E1013053E214108D5274
S31580E32B900110D3570110E255FAFFFF5A000056E3BE
S31580E32BA0065085A00030A0E10520A0E12010A0E337
S31580E32BB0013053E20110C254FCFFFF5A000050E398
S31580E32BC0000085A0000085B258D08DE2F08DBDE887
S31580E32BD08BA6E380F04D2DE90160A0E158D04DE26C
S31580E32BE00050A0E118008DE50030D6E5000053E300
S31580E32BF07501000A250053E30040A0030030C515A4
S31580E32C003601001A0130F6E52B0053E30E00000A85
S31580E32C100500008A200053E30D00000A230053E3F6
S31580E32C200D00001A404084E3F5FFFFEA2D0053E3ED
S31580E32C300300000A300053E30700001A014084E3EF
S31580E32C40EFFFFFEA104084E3EDFFFFEA044084E30D
S31580E32C50EBFFFFEA084084E3E9FFFFEA301043E253
S31580E32C60090051E30610A0910070A0930AC0A093D7
S31580E32C700700008A0160A0E10130D1E4300043E23D
S31580E32C80090050E30C00008A9C3727E0307047E266
S31580E32C90F7FFFFEA2A0053E30070E0130600001A09
S31580E32CA0007092E5043082E2000057E3016086E239
S31580E32CB0007067B2104084B30320A0E10030D6E50C
S31580E32CC02E0053E30610A0110080E0131C00001AC7
S31580E32CD00130D6E5011086E2300043E2090050E395
S31580E32CE00100A0910080A0930AE0A0930900008AE6
S31580E32CF00030D0E50010A0E130C043E209005CE398
S31580E32D00010080E29E38289030804892F7FFFF9A50
S31580E32D100230A0E1060000EA2A0053E30700001A26
S31580E32D20008092E5021086E2000058E3043082E2F6
S31580E32D30010000BA0320A0E1010000EA0320A0E13C
S31580E32D400080A0E30030D1E5680053E374005313B9
S31580E32D50DFC003E20100A0030000A0134C005CE3A4
S31580E32D60010080035A005CE301008003000050E326
S31580E32D700160A0010030E0030600000A6C0053E323
S31580E32D80016081E20300001A0100D1E56C0050E3A3
S31580E32D90026081024C30A0030010D6E56E0051E359
S31580E32DA0C600000A0C00008A630051E31800000A9B
S31580E32DB00400008A250051E3C700000A580051E366
S31580E32DC0C800000ACB0000EA640051E3C700000AAA
S31580E32DD0690051E3C500000AC60000EA730051E3C7
S31580E32DE01C00000A0400008A6F0051E3CC00000A4D
S31580E32DF0700051E31F00000ABE0000EA750051E34C
S31580E32E00C500000A780051E320408403B500000A38
S31580E32E10B80000EA100014E32030A0030300001A90
S31580E32E20017047E2000057E30130C5C4FBFFFFCAE8
S31580E32E30043082E2002092E50020C5E5015085E278
S31580E32E402020A0E3017047E2000057E3A00000DA08
S31580E32E500120C5E4FAFFFFEA04A082E200408DE5A3
S31580E32E600500A0E1001092E50830A0E10720A0E18B
S31580E32E709FFEFFEBD00000EA043082E21C308DE552
S31580E32E80003092E514308DE50130D6E54D0053E30D
S31580E32E900800000A0200008A490053E31F00000A83
S31580E32EA0700000EA690053E31B00000A6D0053E3F8
S31580E32EB06C00001A404084E32413A0E1011021E270
S31580E32EC018C39FE530308DE20020A0E3011001E2D4
S31580E32ED03AE0A0E314009DE50200D0E720A2DCE718
S31580E32EE00F0000E20000DCE70100C3E5050052E3E2
S31580E32EF00000A00301000112000050E3012082E2FA
S31580E32F0000A0C3E502E0C3150230830203308312D7
S31580E32F10060052E3EEFFFF1A230000EA404084E313
S31580E32F200230D6E5360053E32600001A2413A0E1E7
S31580E32F30011021E2A4029FE530308DE20020A0E378
S31580E32F40011001E23AE0A0E314C09DE582C0DCE72C
S31580E32F502CA2D0E70FC00CE20CC0D0E701C0C3E5DA
S31580E32F6014C09DE500A0C3E582C08CE001C0DCE52A
S31580E32F702CA2D0E70FC00CE20CC0D0E703C0C3E5B8
S31580E32F80070052E300C0A00301C0011200005CE326
S31580E32F90012082E202A0C3E504E0C3150430830284
S31580E32FA005308312080052E3E6FFFF1A0020A0E310
S31580E32FB04040C4E30020C3E50500A0E100408DE581
S31580E32FC030108DE2230000EA340053E34040C4131B
S31580E32FD02400001A30A08DE200B0A0E30AC0A0E18D
S31580E32FE02C208DE214309DE50200A0E10B10D3E79F
S31580E32FF024C08DE520208DE5AFFDFFEB20209DE508
S31580E3300024C09DE501104AE2000062E00030A0E1C1
S31580E33010013053E202E0D32701E0E125FBFFFF2AFB
S31580E3302003005BE300A08AE02E30A01301B08BE2BD
S31580E330300030CA1501A08A1204005BE3E8FFFF1A99
S31580E330400030A0E34040C4E30500A0E10C10A0E11A
S31580E330500030CAE500408DE50720A0E10830A0E115
S31580E3306023FEFFEB0A0000EA010077E31030A0E3DA
S31580E3307020408413214084030870A00388018DE8EF
S31580E330800C408DE50500A0E114209DE50030A0E32A
S31580E330903CFEFFEB0050A0E10630A0E10360A0E137
S31580E330A00120D6E538119FE5013083E20220D1E79E
S31580E330B0070012E3F8FFFF1A1C209DE5400000EAB3
S31580E330C018109DE5043082E2002092E5051061E068
S31580E330D0001082E50320A0E1390000EA0010C5E58F
S31580E330E0015085E2360000EA1010A0E30D0000EA05
S31580E330F0024084E3080000EA2530A0E30030C5E51A
S31580E331000030D6E5000053E30130C5150150850252
S31580E331100250851201604602290000EA0A10A0E304
S31580E33120000000EA0810A0E34C0053E30720820284
S31580E331300720C20308A08202D020C2011A00000A37
S31580E331406C0053E304A082E20300001A020014E356
S31580E33150002092E51300001A030000EA2000C3E38F
S31580E331605A0050E3002092E50100001A0030A0E304
S31580E331700D0000EA740053E30A00000A680053E393
S31580E33180023004E20500001A000053E30228A0E1BE
S31580E331902228A0014228A0110200001AF2FFFFEACA
S31580E331A0000053E3F0FFFF0AC23FA0E182018DE80E
S31580E331B00C408DE50500A0E1F2FDFFEB0050A0E1B8
S31580E331C00A20A0E1016086E286FEFFEA0030C5E5DB
S31580E331D018309DE5050063E058D08DE2F08DBDE8BB
S31580E331E0ABA6E380B599E38030402DE90030D0E5A6
S31580E331F0A4409FE5300053E30C00001A01C0D0E5FC
S31580E33200013080E278005CE30500001A02C0D0E575
S31580E332100CC0D4E744001CE3023080121020A013D4
S31580E332201B00001A000052E30820A003180000EAFE
S31580E33230000052E30A20A00300C0A0E10000A0E35F
S31580E332400C50A0E10130DCE403E0D4E744001EE364
S31580E332500200001A000051E30B00001A3080BDE83B
S31580E3326004001EE3303043120300001A02001EE31B
S31580E3327020304312FF300312373043E2020053E13A
S31580E33280F3FFFF2A923020E0ECFFFFEA005081E56E
S31580E332903080BDE80300A0E1E6FFFFEAB599E3806D
S31580E332A00030A0E3F7402DE9003082E50040A0E15D
S31580E332B00170A0E10250A0E110FCFFEB006050E258
S31580E332C00100001A1500E0E3100000EA0400A0E123
S31580E332D004108DE20720A0E1C2FFFFEB04309DE5F9
S31580E332E0040053E1F6FFFF0A0020D3E5000052E332
S31580E332F00400000A033064E0013083E2030056E110
S31580E333000A005203EEFFFF1A000085E50000A0E302
S31580E333100CD08DE2F080BDE808402DE900C0D0E511
S31580E333202D005CE30100000A0840BDE8ADFFFFEA3B
S31580E33330010080E2ABFFFFEB000060E20880BDE8BE
S31580E33340F04D2DE90030D0E501C0A0E1300053E334
S31580E33350C0E09FE50C00001A0110D0E5013080E261
S31580E33360780051E30500001A0210D0E50110DEE78C
S31580E33370440011E3023080121020A0132300001AC8
S31580E33380000052E30820A003200000EA000052E395
S31580E333900A20A0030030A0E10010A0E30000A0E330
S31580E333A00260A0E10070A0E30380A0E10140D3E4E2
S31580E333B00450DEE7440015E30200001A00005CE3F4
S31580E333C01000001AF08DBDE8040015E33040441286
S31580E333D00300001A020015E320404412FF40041262
S31580E333E0374044E2C45FA0E1070055E1060054019B
S31580E333F0F1FFFF2A90A28BE092B12BE00A0094E0E2
S31580E334000B10A5E0E7FFFFEA00808CE5F08DBDE8D1
S31580E334100300A0E1DEFFFFEAB599E380ECFDFFEA76
S31580E334200E002DE903402DE90C109DE510208DE279
S31580E3343004208DE5E6FDFFEB08D08DE204E09DE414
S31580E334400CD08DE21EFF2FE10F002DE907402DE919
S31580E3345010009DE514108DE204108DE55EB2FFEB5E
S31580E334600A00A0E331B2FFEB18009FE57DFCFFEB9A
S31580E334700000A0E30010A0E10020A0E10030A0E17D
S31580E33480C139FFEBFEFFFFEAA086010070402DE91C
S31580E3349044409FE50030A0E31530C4E50050A0E149
S31580E334A0144084E20500A0E10A10A0E3D00B00EB10
S31580E334B00460A0E10500A0E1301081E2011046E45A
S31580E334C00A10A0E3A00B00EB005050E20640A011E7
S31580E334D0F3FFFF1A0400A0E17080BDE824A1E78032
S31580E334E030209FE50030A0E3003082E528209FE589
S31580E334F0003082E524209FE5003082E520209FE5A9
S31580E33500003082E51C309FE51C209FE53F30C3E316
S31580E33510003082E51EFF2FE194A7E7803CA1E78098
S31580E3352044A1E78048A1E78093A1E78050A1E780A3
S31580E33530FF4D2DE9A8809FE504008DE5006098E5C1
S31580E3354001B0A0E102A0A0E10600A0E194109FE50E
S31580E3355094209FE5960400EB013CA0E30670A0E38C
S31580E335600820A0E384109FE5B03086E1004086E042
S31580E335700460A0E3B630C4E10050A0E1B220C4E128
S31580E33580020084E00470C4E50720A0E10560C4E599
S31580E33590D4FBFFEB04C09DE510108DE208C021E566
S31580E335A00620A0E10E0084E2CEFBFFEB0B10A0E148
S31580E335B00720A0E1120084E2CAFBFFEB10108DE244
S31580E335C004A021E50620A0E1180084E2C5FBFFEB19
S31580E335D0000098E51C1085E2250300EB10D08DE210
S31580E335E0F08DBDE850A1E7809459E4800608000099
S31580E335F0B4A7E78070402DE974309FE574609FE55A
S31580E3360074009FE5001096E5002093E5000090E5C1
S31580E33610012022E0000012E10350A0E15C409FE537
S31580E336200B00000A58309FE5003093E5000053E332
S31580E336300400001A4C009FE5D4B1FFEB003096E519
S31580E33640003084E5050000EA003084E538009FE534
S31580E33650010000EA34009FE5001084E5CBB1FFEB7F
S31580E33660000095E5002094E524109FE57040BDE8D1
S31580E33670AEFFFFEA68BFE7803CA1E7805CBFE780F7
S31580E3368044A1E78094BFE780652FE480902FE480B0
S31580E33690BB2FE4803ABFE7806C309FE5003093E54B
S31580E336A0000053E31EFF2F0110402DE90000A0E345
S31580E336B05933FFEB54209FE5003092E5003063E019
S31580E336C07D0F53E31080BD9844409FE5003094E539
S31580E336D0013083E2020053E3003084E5070000DA39
S31580E336E030009FE59DB1FFEB0030A0E3003084E539
S31580E336F024309FE50320A0E3002083E51080BDE826
S31580E337001040BDE8000082E5B9FFFFEA3CA1E7800F
S31580E3371040A1E7804CA1E780E62FE480C4A7E78059
S31580E33720F34D2DE928609DE5EB0056E30020A08369
S31580E337300120A093430053E30230A00101308213BA
S31580E33740440051E30310A00101108313000051E309
S31580E33750BB00001A0030D0E50430C3E3013043E216
S31580E33760010053E3B600008A0130D0E5010053E35C
S31580E33770B300001A0230D0E5060053E3B000001A26
S31580E337800040A0E10420A0E304008DE2041084E27B
S31580E3379054FBFFEBB0329FE504209DE5003093E5D3
S31580E337A0030052E1A600001A145084E204008DE27D
S31580E337B00510A0E10420A0E34AFBFFEB04309DE57E
S31580E337C0000053E30300000A80029FE50510A0E1B1
S31580E337D00420A0E343FBFFEB74329FE50620A0E3DE
S31580E337E0001093E56C029FE5061081E23DFBFFEB5B
S31580E337F06C5084E2101084E20420A0E358029FE533
S31580E3380038FBFFEB0500A0E1BCFAFFEB000050E3D9
S31580E338100300000A44029FE50510A0E18020A0E3AF
S31580E338209C0400EB34129FE50030D1E5000053E3BE
S31580E338300100000A28029FE562A7FFEB0420A0E3CC
S31580E3384004008DE2EC1084E226FBFFEB14329FE565
S31580E3385004209DE5030052E10600000A0000A0E390
S31580E338600010A0E1A10300EB9F00A0E340C1FFEBC2
S31580E33870330300EB720000EAEC819FE5F04084E2DB
S31580E33880066084E008A0A0E1060054E1F2FFFF2A87
S31580E338900030D4E5FF0053E3EFFFFF0A000053E374
S31580E338A0017084026400000A0120D4E5027082E29A
S31580E338B0077084E0060057E15F00008A0030A0E3EA
S31580E338C0B030C8E10030D4E50250A0E10C0053E308
S31580E338D01E00000A0600008A030053E31100000A73
S31580E338E0060053E31100000A010053E35200001A75
S31580E338F0060000EA110053E33100000A280053E38F
S31580E339003C00000A0D0053E34B00001A1C0000EA5A
S31580E3391058319FE5003093E5000053E34C019F0562
S31580E339204500001A050000EA44019FE5000000EA2D
S31580E3393040019FE5003090E5000053E33E00001A26
S31580E33940021084E20420A0E3E6FAFFEB3A0000EA01
S31580E3395024B19FE50030DBE5000053E33600001A2F
S31580E339601F0052E3040000DA10019FE510119FE582
S31580E339702030A0E305B1FFEB1F50A0E3F8009FE5FD
S31580E33980280000EA020052E3B220D4012234A001E7
S31580E33990023483010800000A040052E32600001A79
S31580E339A0021094E5012CA0E1FF3C01E2212C82E1A7
S31580E339B0032482E1FF3801E2233482E1B030CAE1B5
S31580E339C01D0000EABCB09FE50030DBE5000053E371
S31580E339D01900001A3F0052E3040000DA9C009FE5D9
S31580E339E0A4109FE54030A0E3E8B0FFEB3F50A0E3AF
S31580E339F090009FE50B0000EA90B09FE50030DBE5A1
S31580E33A00000053E30C00001A1F0052E3040000DABF
S31580E33A1068009FE578109FE52030A0E3DBB0FFEBFD
S31580E33A201F50A0E364009FE5021084E20520A0E135
S31580E33A30ACFAFFEB0030A0E30530CBE70740A0E12B
S31580E33A4090FFFFEA08D08DE2F08DBDE89CA7E78082
S31580E33A50BCA7E78040BFE78044C0E78068BFE780D4
S31580E33A60C0BFE7802B28E4806382536338BFE78057
S31580E33A705CBFE78094BFE78058BFE7809CBFE78061
S31580E33A802530E4805D30E4808AEE0A816730E48025
S31580E33A906CBFE7807130E480F04D2DE99E00A0E3B2
S31580E33AA020D04DE2B2C0FFEBD8319FE5D8719FE5D8
S31580E33AB0001093E5D4019FE5011081E2001083E5D0
S31580E33AC0B2B0FFEB004097E50010A0E30400A0E16D
S31580E33AD0BC219FE56CFAFFEB022BA0E3B4119FE5D3
S31580E33AE00400A0E1320300EB00B0A0E30130A0E3E1
S31580E33AF00650A0E3A0A19FE50080E0E3004084E0D8
S31580E33B001C30C4E51D30C4E50060A0E11E50C4E569
S31580E33B101FB0C4E50B00A0E13F32FFEBFA1FA0E341
S31580E33B20090A00EB20108DE210B021E50420A0E322
S31580E33B300008A0E1203CA0E1200483E1B402C4E1D3
S31580E33B40280084E267FAFFEB20108DE20CB021E5D2
S31580E33B502C0084E20420A0E362FAFFEB20108DE2DE
S31580E33B6008B021E5300084E20420A0E35DFAFFEBB0
S31580E33B7020108DE204B021E5340084E20420A0E342
S31580E33B8058FAFFEB14C19FE50520A0E10C10A0E1F4
S31580E33B90380084E20CC08DE552FAFFEB880084E2BC
S31580E33BA0FC109FE58020A0E3BA0300EB0CC09DE503
S31580E33BB06330A0E37D20E0E30831C4E50921C4E571
S31580E33BC00B31C4E55320A0E30330DCE50A21C4E5E9
S31580E33BD00220DCE50338A0E1023C83E10520DCE555
S31580E33BE00450A0E1023083E10420DCE5421F84E255
S31580E33BF0023483E10C81E5E50B00A0E1015085E227
S31580E33C00055061E000308AE50332FFEB00309AE548
S31580E33C100A10A0E1033080E0030CA0E1232C80E1CD
S31580E33C20FF0C03E2000482E1FF3803E2233480E100
S31580E33C300420A0E3200084E200308AE529FAFFEB42
S31580E33C40EC3085E24320A0E300308DE50400A0E17B
S31580E33C504430A0E30810A0E1210300EB44109FE584
S31580E33C6044009FE5A10200EB40009FE5970200EB4D
S31580E33C70421F85E2000097E5061081E07C0100EBB8
S31580E33C8020D08DE2F08DBDE898A7E78060BFE7801E
S31580E33C908130E480EE0500009459E4809CA7E780B8
S31580E33CA0B4A7E780C0BFE780B43CE380B80B0000ED
S31580E33CB02037E38008402DE92C309FE5003093E5FB
S31580E33CC0040053E3030000DA20009FE523B0FFEB13
S31580E33CD00840BDE8280200EA14009FE514109FE53A
S31580E33CE0820200EB0840BDE86AFFFFEA98A7E78017
S31580E33CF09530E48088130000B43CE3800000E0E381
S31580E33D001EFF2FE110402DE94C009FE540A7FFEB16
S31580E33D1048309FE5001093E5000051E30900000A6F
S31580E33D20000050E30340A0E10200001A28009FE56B
S31580E33D30001094E5060000EA4AF9FFEB000050E341
S31580E33D401080BD08F8FFFFEA000050E31080BD084D
S31580E33D5004009FE51040BDE81AA6FFEABC30E48084
S31580E33D60A8A7E78073402DE90040A0E1016041E226
S31580E33D70055081E2000054E20300000A04108DE25C
S31580E33D801020A0E317FDFFEBFF0000E2000054E301
S31580E33D900100E6E50300000A04409DE50030D4E532
S31580E33DA0000053E301408412050056E1F0FFFF1A59
S31580E33DB008D08DE27080BDE810402DE90140A0E196
S31580E33DC013A7FFEB0410A0E1E5FFFFEB0020D4E5AA
S31580E33DD0010012E30C00001A0130D4E50210D4E5A9
S31580E33DE0033082E10320D4E5013083E1022083E1DD
S31580E33DF00430D4E5033082E10520D4E5023093E153
S31580E33E000100A0130000A0031080BDE80000A0E33A
S31580E33E101080BDE810402DE918D04DE20120A0E1E5
S31580E33E200040A0E118109FE504008DE27BFDFFEBE7
S31580E33E300400A0E104108DE2E2A5FFEB18D08DE249
S31580E33E401080BDE8C330E48010402DE93CE09FE577
S31580E33E500240A0E138209FE5000051E320D04DE207
S31580E33E6000C0A0E10130A0E10D00A0E10210A001B5
S31580E33E700E10A0110C20A0E168FDFFEB0D00A0E180
S31580E33E800410A0E1CBFFFFEB20D08DE21080BDE8EC
S31580E33E90C730E480D030E48010309FE5003093E58E
S31580E33EA0000053E3380093150000E0031EFF2FE183
S31580E33EB0A8A7E780F0402DE92CD04DE20040A0E1B1
S31580E33EC00170A0E10100A0E10250A0E10210A0E1AF
S31580E33ED00D20A0E1DBFFFFEB0D00A0E178119FE56C
S31580E33EE00620A0E3ACF9FFEB000050E31A00000ADA
S31580E33EF0106084E20600A0E15C119FE50620A0E362
S31580E33F00A5F9FFEB000050E30E00000A0600A0E1EE
S31580E33F100D10A0E10620A0E39FF9FFEB000050E33C
S31580E33F200800000A0410A0E130019FE597AFFFEB9C
S31580E33F300610A0E128019FE594AFFFEB24019FE5FE
S31580E33F400D10A0E191AFFFEB0600A0E10D10A0E11B
S31580E33F500620A0E363F9FFEB0D0000EA10C0D4E589
S31580E33F6001001CE30A00001A1130D4E51220D4E5DF
S31580E33F7003308CE113C0D4E5023083E10CC083E1E6
S31580E33F801430D4E51520D4E503308CE1023093E197
S31580E33F901F00001A303094E5000053E30100001A55
S31580E33FA00000A0E32A0000EABC309FE5000055E369
S31580E33FB0B8109FE50520A0E10310A00108008DE27B
S31580E33FC016FDFFEB08008DE291A6FFEB000050E3C0
S31580E33FD0F2FFFF1A1020D4E5010012E30A00001A6B
S31580E33FE01130D4E51210D4E5033082E11320D4E511
S31580E33FF0013083E1022083E11430D4E5033082E1AA
S31580E340001520D4E5023093E10E00001A0000E0E3C8
S31580E340100F0000EA58309FE5000055E354109FE512
S31580E34020106084E20310A00108008DE20720A0E17E
S31580E340300530A0E1F9FCFFEB08008DE20610A0E174
S31580E3404073FFFFEBD2FFFFEA303094E50400A0E193
S31580E3405033FF2FE12CD08DE2F080BDE89797E380A4
S31580E34060F530E4801E31E4803E31E480EA30E4805A
S31580E34070DD30E480D030E480C730E480F0412DE960
S31580E3408074619FE574519FE50030A0E30040A0E1B1
S31580E340904000A0E3003085E5003086E534BFFFEBE2
S31580E340A05C019FE55AA6FFEB0680A0E1001050E293
S31580E340B00200000A4C019FE58020A0E3750200EB35
S31580E340C044319FE544219FE5020053E10500000A60
S31580E340D00400A0E1790600EB000050E330019FB5D0
S31580E340E00B0000AA090000EA28219FE5030052E1BC
S31580E340F00500000A0400A0E1FFFEFFEB000050E3A9
S31580E3410014019FB5020000AA000000EA0C019FE5B6
S31580E341101EAFFFEB004095E5000054E30500001A6F
S31580E34120FC009FE50DAFFFEB3F00E0E310BFFFEB45
S31580E341300460A0E12E0000EAE8009FE534A6FFEBE9
S31580E341400060A0E30070A0E14100A0E308BFFFEBBD
S31580E34150383094E5000053E30100000AC8009FE588
S31580E34160FEAEFFEBC4009FE50410A0E107AFFFEBD3
S31580E34170000057E30700000A0400A0E10710A0E16E
S31580E3418038F8FFEB000050E30200001AA0009FE539
S31580E34190004088E5F1AEFFEB0400A0E12010A0E348
S31580E341A04BF8FFEB000050E30100000A84009FE533
S31580E341B0EAAEFFEB0400A0E17C109FE5382094E5AE
S31580E341C03BFFFFEB000050E30100000A6C009FE534
S31580E341D0E2AEFFEB344094E5003095E5016086E29C
S31580E341E0030054E1D9FFFF1AC5FEFFEB0A00A0E303
S31580E341F0CEAEFFEB0600A0E1F081BDE8A8A7E7809D
S31580E34200B0A7E7802B28E480C0BFE780C05AE3806D
S31580E34210FC3CE3805E31E480FC3CE3807F31E480F8
S31580E342209E31E480ED32E480BA31E480C331E480C8
S31580E34230D1C6E380C631E480CF31E480F731E480D0
S31580E34240FB31E48010402DE920409FE5000094E5B2
S31580E34250000050E31080BD082C3090E533FF2FE15A
S31580E34260003094E50120A0E31C2083E51080BDE8BF
S31580E34270A8A7E7802C309FE504E02DE500E0A0E1E8
S31580E34280000093E5000050E30400000A0120A0E16A
S31580E3429024C090E50E10A0E104E09DE41CFF2FE12D
S31580E342A00000E0E304F09DE4A8A7E78018309FE5EB
S31580E342B0000093E5000050E30100000A283090E512
S31580E342C013FF2FE10000E0E31EFF2FE1A8A7E780BD
S31580E342D038402DE90050A0E160009FE5CCA5FFEBD7
S31580E342E0000050E31000001A54409FE5003094E547
S31580E342F0000053E33880BD08000055E344509FE552
S31580E3430000308515343093E5003084E57CFEFFEBA1
S31580E34310002095E5003094E5030052E128309F05BF
S31580E343200120A003002083053880BDE81C109FE5AB
S31580E34330CCF7FFEB000050E3EAFFFF1A3880BDE8D5
S31580E343402032E480A8A7E780A0A7E780BCBFE78008
S31580E3435007C2E380F7402DE9C0409FE5003094E54E
S31580E34360000053E30200001AB4009FE57BAEFFEB47
S31580E34370270000EAAC309FE50070A0E1005093E5AA
S31580E343800360A0E1A0009FE5381095E50D20A0E14C
S31580E34390ACFEFFEB000050E30300000A100085E269
S31580E343A00D10A0E10620A0E34EF8FFEB345095E52F
S31580E343B0003096E5030055E1F1FFFF1A005094E5DE
S31580E343C058609FE5001094E560009FE56FAEFFEBD4
S31580E343D0000094E50710A0E1202090E532FF2FE16D
S31580E343E0000050E3050000BA30309FE50220A0E3E9
S31580E343F0003093E50000A0E31C2083E5050000EA96
S31580E344000000A0E3B1FFFFEB003096E5030055E142
S31580E34410EBFFFF1A0000E0E30CD08DE2F080BDE80D
S31580E34420A8A7E780ED32E480B0A7E780F731E480A0
S31580E344302A32E480F8402DE988509FE5003095E5FF
S31580E34440000053E3F880BD085AA4FFEB78409FE56C
S31580E3445078609FE5003094E5000053E30070A0E1C7
S31580E344600200000A003096E5000053E10300000AEB
S31580E344705C009FE566A5FFEB007086E5000084E5BA
S31580E34480003094E5000053E30070951534609F1582
S31580E344900600001AF840BDE819FEFFEA003096E50B
S31580E344A0343093E5003086E5030057E1F8FFFF0AF1
S31580E344B0000095E5001094E56AF7FFEB000050E312
S31580E344C0F5FFFF1AF880BDE8A8A7E780A4A7E780F1
S31580E344D0ACA7E780BC30E48010309FE5000093E52D
S31580E344E00C309FE5000050E30300A0011EFF2FE19F
S31580E344F0A8A7E7803532E48008309FE50120A0E372
S31580E34500002083E51EFF2FE1C4A7E7801EFF2FE18E
S31580E345101C209FE51C309FE5003082E518209FE54F
S31580E34520003082E514309FE50020A0E3002083E598
S31580E345301EFF2FE144BFE7800C45E38098BFE78009
S31580E3454050BFE78008402DE924009FE530B3FFEBB9
S31580E34550000050E30300001A18309FE50220A0E331
S31580E34560002083E50880BDE80300A0E30840BDE8BA
S31580E34570680400EA3D32E480C4A7E78038402DE949
S31580E3458008019FE522A5FFEB04419FE5005050E239
S31580E345901300000AFC109FE532F7FFEB000050E3BF
S31580E345A00F00000A0500A0E1EC109FE52DF7FFEB75
S31580E345B0000050E32B00000A0500A0E1DC109FE534
S31580E345C028F7FFEB000050E30100A0032500000A73
S31580E345D00010A0E30500A0E10120A0E101FBFFEBD1
S31580E345E0200000EA003094E5013083E2003084E580
S31580E345F013FFFFEBA8309FE5000093E5100F6FE113
S31580E34600A002A0E131FFFFEB000099E550FFFFEB4D
S31580E3461090309FE5002093E5000052E31700000AFF
S31580E346200000A0E3000083E57C309FE5003093E55E
S31580E34630000053E10F00000A70309FE570209FE58C
S31580E34640002083E5742FFFEB68309FE568209FE5C4
S31580E34650000083E564309FE5002083E560209FE5E5
S31580E3466060309FE5070000EA003094E5000053E1FF
S31580E34670DBFFFF3AF2FEFFEB0320A0E3000000EA54
S31580E346800120A0E340309FE5002083E53880BDE844
S31580E346904632E48054BFE7803DC2E38007C2E380CD
S31580E346A04F32E480C0A7E780BCBFE78048BFE7809E
S31580E346B050BFE780F844E3804CBFE78010270000D3
S31580E346C040C0E7800C45E38044BFE780C4A7E7802A
S31580E346D0000050E30C309FE50C209F050020830506
S31580E346E0000083151EFF2FE144BFE7800C45E3807E
S31580E346F03C309FE5000050E3000083051EFF2F0159
S31580E3470010402DE90040A0E10000A0E3001083E51E
S31580E34710412FFFEB1C309FE5FA1FA0E3000083E502
S31580E34720910400E0080700EB0C309FE5000083E589
S31580E347301080BDE850BFE7804CBFE78040C0E7808C
S31580E347400030A0E3000051E3B220D0C0011041C2A3
S31580E34750023083C0FAFFFFCA0308A0E12338A0E151
S31580E34760203883E0233883E00308A0E12008A0E132
S31580E347701EFF2FE130309FE5B020D3E12234A0E164
S31580E34780023483E10338A0E120209FE5010873E347
S31580E347902338A0110230A001033AA0E1230A52E1B3
S31580E347A00E00A0031200A0131EFF2FE19259E480AE
S31580E347B0FF0F0000F8402DE990309FE50260A0E10D
S31580E347C0B020D3E188709FE52234A0E1023483E10F
S31580E347D00338A0E1010873E30050A0E10620A0E3DB
S31580E347E02348A0110740A0013EF7FFEB64109FE545
S31580E347F00620A0E3060085E23AF7FFEB043AA0E160
S31580E348002332A0E12318A0E1070051E10628A0E1C5
S31580E348100400001A223CA0E1222483E1BC20C5E106
S31580E348200E00A0E3F880BDE8233CA0E1013483E1F8
S31580E34830BE30C5E1223CA0E18100A0E3222483E1EE
S31580E34840BC00C5E1B021C5E11200A0E3F880BDE874
S31580E348509259E480FF0F0000B4A7E78013402DE967
S31580E3486004108DE508108DE2082021E54530A0E3AC
S31580E3487068209FE50030C0E50040A0E1053BA0E36A
S31580E348800000A0E30100C4E5B230C4E1003092E564
S31580E34890BA00C4E101C083E20338A0E100C082E547
S31580E348A0232CA0E1233482E1B430C4E14030A0E399
S31580E348B0B630C4E10030E0E30830C4E50C0084E2BE
S31580E348C00420A0E307F7FFEB100084E204108DE2F7
S31580E348D00420A0E303F7FFEB08D08DE21080BDE868
S31580E348E08CBFE780F0412DE918509DE50270A0E189
S31580E348F0010015E30020A0130380A0E105308010BA
S31580E349001C20C3157C309FE50558A0E1002093E584
S31580E349102568A0E1075785E20040A0E1CEFFFFEBE3
S31580E34920253CA0E1255483E11130A0E30930C4E5B9
S31580E34930B250C4E10400A0E10A10A0E37FFFFFEBDD
S31580E349400838A0E12324A0E1233C82E10728A0E103
S31580E34950B431C4E12234A0E1222C83E1083086E23B
S31580E349600338A0E1B621C4E1232CA0E1233482E11C
S31580E34970B831C4E10030A0E3BA31C4E10000E0E13C
S31580E34980BA00C4E1F081BDE868BFE780F34D2DE965
S31580E349900050A0E1DC009FE5007090E5000057E35E
S31580E349A00000E0033100000A000051E30160A0E16A
S31580E349B002B0A0E10380A0E100A0A0E10060E003F3
S31580E349C0B4509F050200000AAC209FE5010076E320
S31580E349D00250A0010510A0E1022BA0E30700A0E1AD
S31580E349E073FFFFEB28309DE500308DE50610A0E1EF
S31580E349F00830A0E10B20A0E10040A0E1000087E0C1
S31580E34A00B7FFFFEB74109FE50500A0E10620A0E366
S31580E34A10E1F6FFEB28309DE51C4084E2031084E059
S31580E34A20000050E30E00001A54309FE50140A0E3F6
S31580E34A30006083E54C309FE5005083E548309FE591
S31580E34A40001083E544309FE5004083E5722EFFEB5B
S31580E34A503C309FE5000083E5E5FAFFEB0400A0E147
S31580E34A60020000EA00009AE501FEFFEB0000A0E306
S31580E34A7008D08DE2F08DBDE860BFE7809459E4808D
S31580E34A803ABFE7803CA1E78094A7E78048A1E78027
S31580E34A904CA1E78040A1E7800030D1E5220053E3D3
S31580E34AA00110810201204202011041E2012042E22B
S31580E34AB0000052E3020000CA0030A0E30030C0E504
S31580E34AC01EFF2FE10130F1E5000053E3220053138B
S31580E34AD0F8FFFF0A0130C0E4F3FFFFEA000052E388
S31580E34AE008402DE90100000A020052E30200001AA1
S31580E34AF00C009FE58020A0E3E6FFFFEB0000A0E348
S31580E34B000880BDE8C0BFE780003CA0E107402DE90F
S31580E34B10203C83E1FF2800E2FF0C00E2000483E10E
S31580E34B20222480E12204A0E1FF0000E200008DE57B
S31580E34B302238A0E1FF0002E204008DE5222CA0E109
S31580E34B400100A0E1FF3003E208109FE533FAFFEBB3
S31580E34B500CD08DE204F09DE47132E48008402DE9C7
S31580E34B60003050E20E00000A0030D3E5303043E2F5
S31580E34B70090053E330009F850400008A0010A0E318
S31580E34B800A20A0E397F9FFEB0008A0E12008A0E163
S31580E34B902034A0E1000483E10008A0E12008A0E13D
S31580E34BA00880BDE804009FE50880BDE8FF0F0000AC
S31580E34BB00FFF000008402DE995A3FFEB0840BDE811
S31580E34BC0E5FFFFEA38402DE97AA2FFEBA4409FE5B3
S31580E34BD0003094E5000053E10050A0E11C00000A98
S31580E34BE094009FE58AA3FFEB39F5FFEB8C309FE5D5
S31580E34BF0000083E588009FE585A3FFEB34F5FFEBB3
S31580E34C0080309FE5000083E57C009FE580A3FFEB92
S31580E34C102FF5FFEB74309FE5000083E570009FE599
S31580E34C207BA3FFEB2AF5FFEB68309FE5000083E586
S31580E34C3064009FE5DEFFFFEB60309FE5B000C3E1F4
S31580E34C405C009FE5DAFFFFEB58309FE5005084E593
S31580E34C50B000C3E150309FE5001093E5000051E3D7
S31580E34C603880BD0844009FE5101081E20620A0E36A
S31580E34C703840BDE81BF6FFEA90BFE7800BDCE380B4
S31580E34C8068BFE780E7DBE38094BFE780F1DBE3801F
S31580E34C905CBFE78012DCE380BCA7E7807D32E480FB
S31580E34CA09059E4807E32E4809259E480A8A7E78035
S31580E34CB0B4A7E7805C309FE5002093E5000052E3EC
S31580E34CC01300000A10402DE90340A0E148309FE538
S31580E34CD048209FE53F30C3E344009FE544109FE5CA
S31580E34CE0003082E5063C83E20020A0E3023180E7E0
S31580E34CF0012082E2010052E1063C83E2FAFFFF1AD9
S31580E34D00F6F9FFEB01FEFFEB0030A0E3003084E52C
S31580E34D101040BDE8AAFFFFEA9C59E48089C0E7809A
S31580E34D2060BFE780C8A7E780DC050000F34D2DE987
S31580E34D30AC329FE5AC729FE5AC629FE50120A0E3D0
S31580E34D400050A0E30040A0E19D00A0E3002083E5BE
S31580E34D50008099E5005087E5005086E504BCFFEBCB
S31580E34D60D3FFFFEB36FDFFEBB1FDFFEB0800A0E1E0
S31580E34D7077FDFFEB00708DE504608DE5050050E17E
S31580E34D8068829FA505A0A0A10F0000AA2CFDFFEBDA
S31580E34D90830000EA3FFAFFEB003096E5000053E339
S31580E34DA05900001A44329FE5003093E5020053E34D
S31580E34DB06100000A030053E37800000A010053E32D
S31580E34DC04500001A00209DE5003082E500A088E5D5
S31580E34DD07BFFFFEB0D0054E304F19F97330000EA7A
S31580E34DE0584EE380B04EE380B04EE380304EE380AE
S31580E34DF0584EE380184EE380B04EE380B04EE380B6
S31580E34E00584EE380444EE380B04EE380444EE380E5
S31580E34E10304EE380584EE380D4319FE5003093E50E
S31580E34E20000053E30600001AC8019FE5190000EA73
S31580E34E30C4319FE5003093E5000053E3BC019F0551
S31580E34E401400000AB8319FE5003093E5000053E390
S31580E34E50B0019F050F00000AAC019FE5AC119FE509
S31580E34E600620A0E3CCF5FFEB000050E30F00001A29
S31580E34E7008FCFFEB010070E30010A0E10400000AE8
S31580E34E80000050E30500001A84019FE5B3ABFFEB16
S31580E34E90040000EA7C019FE5B0ABFFEBBAFFFFEAD3
S31580E34EA074019FE5B9ABFFEBB3FDFFEB080000EAC6
S31580E34EB004209DE50130A0E3003082E55C319FE587
S31580E34EC0030054E3005083E53700001A0400A0E1B1
S31580E34ED0100200EB48619FE548B19FE5F2FCFFEBEA
S31580E34EE0CCABFFEB007050E2A9FFFF0A38319FE5B8
S31580E34EF00020A0E3002083E584FDFFEBD0FCFFEBFD
S31580E34F0028019FE595ABFFEB250000EA0700A0E1CA
S31580E34F10412DFFEB00309BE5000063E010319FE518
S31580E34F20003093E5030050E19DFFFF9A003096E55C
S31580E34F30007086E533FF2FE199FFFFEADC509FE5BA
S31580E34F4072FDFFEB001095E5000051E30900000ACE
S31580E34F500120A0E1DC009FE58CABFFEB001095E53B
S31580E34F60D4009FE5B5A1FFEBD0309FE5D0009FE568
S31580E34F70001093E5B1A1FFEB090054E30100000AB9
S31580E34F80AFFCFFEB030000EAB8309FE50120A0E326
S31580E34F90003093E51C2083E5000095E50E0000EAEA
S31580E34FA05AFDFFEB0000E0E30B0000EA050054E363
S31580E34FB00100001A2C0000EBC5FFFFEA000054E372
S31580E34FC0C3FFFF1A80309FE5004083E530309FE5DD
S31580E34FD0004083E5AFFAFFEBBDFFFFEA08D08DE241
S31580E34FE0F08DBDE854BFE780C0A7E78048BFE78080
S31580E34FF0C4A7E780CCEE0A818332E480BCA7E7804E
S31580E35000A632E48068BFE780C532E480B4A7E78050
S31580E350109E97E3800133E480E232E4801F33E480C9
S31580E3502064BFE78050BFE7804CBFE7803CA1E78061
S31580E350303F33E48040C0E7804733E4800AC2E380BD
S31580E350406C4FE4806A33E480A8A7E78098A7E7807B
S31580E3505008402DE97AFCFFEB08309FE50320A0E3C7
S31580E35060002083E50880BDE8C4A7E780F8402DE902
S31580E3507018FDFFEBEC509FE5EC409FE50170A0E364
S31580E350800010A0E1E4009FE540ABFFEBE0009FE585
S31580E35090E0109FE595FDFFEBDC309FE5002095E58D
S31580E350A0002083E5000094E5D0109FE5022BA0E382
S31580E350B0BFFDFFEB004094E5C4309FE5001095E526
S31580E350C0002093E50050A0E3004084E00060A0E187
S31580E350D00400A0E1E0FDFFEB073BA0E3B230C4E1CF
S31580E350E00970C4E50400A0E10A10A0E393FDFFEB99
S31580E350F00830A0E31430C4E588309FE51550C4E555
S31580E35100B020D3E1B651C4E1071082E0B010C3E129
S31580E351102234A0E1023483E1BA31C4E1B851C4E177
S31580E351200410A0E31C6086E20000E0E1BA00C4E17B
S31580E35130140084E281FDFFEB4C309FE5006083E55C
S31580E3514048309FE5007083E50000E0E1B601C4E105
S31580E351500500A0E1B02CFFEB34309FE5000083E54A
S31580E35160F840BDE822F9FFEACCEE0A8160BFE7802A
S31580E351707333E480102700005050E3803CA1E7803E
S31580E351803ABFE78068BFE780D0EE0A8148A1E7802F
S31580E351904CA1E78040A1E78008402DE910009FE518
S31580E351A0FAAAFFEB0C309FE50320A0E3002083E51A
S31580E351B00880BDE88433E480C4A7E78080319FE537
S31580E351C073402DE9006093E569FDFFEB74319FE55C
S31580E351D0003093E5013043E21C0080E2005086E034
S31580E351E0060053E303F19F97490000EA0852E38000
S31580E351F0A452E380CC52E380F052E380A452E3806E
S31580E35200A452E3800852E380013CA0E3024085E2B6
S31580E35210B03086E130119FE50400A0E102F4FFEBB4
S31580E3522024019FE535F4FFEB20119FE5010080E241
S31580E35230004084E00400A0E1FBF3FFEB060084E298
S31580E352400C119FE5F8F3FFEB08319FE5FA1FA0E326
S31580E35250000093E53C0400EB0E4084E2F8109FE502
S31580E352600020A0E10400A0E16CF8FFEB0400A0E1DC
S31580E3527022F4FFEBE4309FE50020A0E3B030D3E1F6
S31580E35280DC109FE500208DE5010080E2004084E0AC
S31580E352900400A0E161F8FFEB000084E0000065E034
S31580E352A01C0000EA013BA0E3B03086E1B4309FE521
S31580E352B00400A0E3003093E50338A0E1232CA0E1CA
S31580E352C0233482E1B230C5E1120000EA053CA0E373
S31580E352D0B03086E1033CA0E3B230C5E1040085E269
S31580E352E084109FE5D0F3FFEB1300A0E3090000EA07
S31580E352F0053CA0E3B03086E1023CA0E3B230C5E1F1
S31580E35300040085E264109FE5C7F3FFEB1700A0E393
S31580E35310000000EA0000A0E354309FE500008DE53D
S31580E35320001093E54C309FE54C009FE5002093E524
S31580E3533048309FE5003093E593FDFFEB08D08DE29F
S31580E353407080BDE860BFE780ECEE0A8101EF0A81F9
S31580E353509E33E4806534E480AC59E480B229E4800A
S31580E35360A859E480A433E480E0EE0A81B233E48092
S31580E35370C133E480E8EE0A81F0EE0A8144C0E78037
S31580E35380E4EE0A8124239FE5F8452DE9002092E5A2
S31580E3539020609DE5020051E1F885BD1810839FE505
S31580E353A0002098E5010052E30500000A04139FE517
S31580E353B0062042E2001091E5010053E10100521319
S31580E353C0F885BD88010056E3F885BD98B010D0E135
S31580E353D00370A0E12134A0E1011483E10118A0E187
S31580E353E02118A0E1050051E30040A0E1025046E226
S31580E353F0022080E29200000A060051E30200000ADE
S31580E35400030051E3F885BD18160000EA0530A0E3F2
S31580E35410003088E59C329FE50260A0E1007083E579
S31580E3542094729FE5064060E2063084E0050053E12E
S31580E354300A00002A84129FE50600A0E189F3FFEBC8
S31580E35440001050E20300001A080086E20A20A0E377
S31580E3545064F7FFEBB000C7E1016086E2F1FFFFEAA4
S31580E35460F845BDE854FFFFEA010055E3F885BD98AA
S31580E35470B250D0E148A29FE52534A0E1055483E10B
S31580E354800558A0E12558A0E1000055E300508AE5E0
S31580E354900C00001A2C229FE5003092E5013083E26E
S31580E354A0003082E520229FE50C329FE5B010D3E100
S31580E354B0003092E5013883E0003082E50C329FE5E7
S31580E354C0005083E50E0000EA010045E20A10A0E3FE
S31580E354D0C70300EB000051E30200001A2300A0E3B8
S31580E354E012AAFFEB060000EA0500A0E1E0119FE5C2
S31580E354F0BF0300EB000051E30100001AD4019FE5EE
S31580E3550016AAFFEB003098E5052043E2010053E35A
S31580E3551001005213C0219FE51000008A90319FE578
S31580E355200210A0E3001083E588319FE594119FE59F
S31580E35530007083E50030A0E3003081E588119FE5C4
S31580E35540003082E5003081E500109AE5010051E301
S31580E355500200000A84019FE50CAAFFEB510000EAF2
S31580E3556000309AE5002092E5020053E1F885BD0814
S31580E3557064219FE568119FE5003082E564319FE50C
S31580E355800A20A0E3002083E55C319FE528519FE56F
S31580E35590000093E555FCFFEB24319FE528119FE559
S31580E355A0003093E5000091E5B020D5E1013043E298
S31580E355B0920323E034219FE5046046E2000092E50E
S31580E355C0041084E228419FE5000083E00620A0E101
S31580E355D0067083E0C3F3FFEB003094E5070053E105
S31580E355E000708435F4FEFFEBB030D5E1030056E17D
S31580E355F0F885BD28FC509FE5000095E5862BFFEBFB
S31580E35600000050E3000085E50900000AE8009FE515
S31580E35610D2A9FFEB001095E5000094E54A0300EB81
S31580E35620FA3FA0E30010A0E3D0209FE5930000E0DB
S31580E35630DCEBFFEBC8009FE5C8A9FFEB0220A0E304
S31580E35640130000EAB220D0E1041084E22234A0E120
S31580E35650022483E10228A0E12228A0E1A4009FE5B9
S31580E35660CAA9FFEBB220D4E12234A0E1023483E17C
S31580E356700338A0E12338A0E1013043E2010053E39C
S31580E356800600008A80009FE5B4A9FFEBECFAFFEB06
S31580E356900320A0E374309FE5002083E5F885BDE829
S31580E356A06C009FE5ADA9FFEBF845BDE8B2FBFFEAE9
S31580E356B0E4EE0A81ECEE0A81F0EE0A81B059E480E9
S31580E356C0D433E480E0EE0A81DCEE0A8184EF0A815A
S31580E356D0D8EE0A818A0200001F34E48088EF0A81CB
S31580E356E0DC33E4809851E380A059E480AC59E480CC
S31580E356F06C4FE48064BFE780D4EE0A811B34E48098
S31580E357001D1BE4802334E4802A34E4804234E4803D
S31580E35710C4A7E7800A34E480F3412DE990029FE54C
S31580E35720BBA0FFEB000050E30400000A0010A0E3F7
S31580E357300A20A0E3F7F6FFEB78329FE5B000C3E1FA
S31580E3574074029FE5B2A0FFEB70629FE5000050E331
S31580E357500300000A0010A0E30A20A0E3EDF6FFEBC6
S31580E35760000086E5001096E5FA0F51E30400002A6F
S31580E357704C029FE585A9FFEB40329FE5FA2FA0E334
S31580E35780002083E53C529FE53C329FE50070D5E5FA
S31580E3579038829FE5003093E5000057E3003088E5E3
S31580E357A02C429FE51500001A28329FE5001093E509
S31580E357B02108A0E1FF2001E22134A0E1FF0000E21D
S31580E357C0211CA0E100008DE504108DE5FF3003E2A6
S31580E357D004129FE504029FE510F7FFEB0400A0E1C6
S31580E357E0F8119FE58020A0E395F2FFEB0410A0E19A
S31580E357F0EC019FE57F70C4E564A9FFEB130000EA43
S31580E358000500A0E13A10A0E3B1F2FFEB007050E2AD
S31580E358100500001A0400A0E10510A0E18020A0E3C2
S31580E3582087F2FFEB7F70C4E5080000EA0500A0E19C
S31580E3583027F2FFEB011087E28020A0E3000088E5F2
S31580E358400400A0E17EF2FFEB0030A0E37F30C4E505
S31580E3585078419FE57C519FE588119FE50530A0E17E
S31580E3586084019FE50420A0E148A9FFEB7C119FE535
S31580E35870003091E5000053E30B00000A70319FE5A9
S31580E3588000C093E500005CE30700000A000095E5AD
S31580E35890003094E50C0000E00C3003E0030050E1B7
S31580E358A00100000A4C019FE538A9FFEB0A00A0E35B
S31580E358B044419FE51DA9FFEB14119FE53C019FE55C
S31580E358C032A9FFEBB010D4E1000051E30700000AF0
S31580E358D08114A0E128019FE52CA9FFEBB000D4E178
S31580E358E020219FE58004A0E1C01FA0E12DEBFFEB23
S31580E358F00A00A0E30DA9FFEB0C319FE50C019FE5C0
S31580E35900001093E521A9FFEB04019FE513A9FFEBC3
S31580E3591000319FE50120A0E30000A0E3002083E5BA
S31580E35920BD2AFFEBF0309FE5F0109FE50040A0E352
S31580E35930000083E5E8309FE5000096E5002093E5E7
S31580E35940E0309FE5002083E568FBFFEBD8009FE529
S31580E359505EFBFFEBD4309FE54520A0E3002083E5A3
S31580E35960CC309FE50400A0E1004083E5AA2AFFEB63
S31580E35970031BA0E39E0200EBB8309FE50620A0E37D
S31580E35980B4009FE5011B81E2001083E5AC309FE51F
S31580E359900410A0E1004083E5BBF2FFEBA0309FE576
S31580E359A0022CA0E3B020C3E108D08DE2F041BDE84C
S31580E359B001FEFFEA5334E480A859E4806134E4804D
S31580E359C0AC59E4806D34E480C0BFE780BCA7E78050
S31580E359D0E8EE0A8101EF0A8168BFE780A334E480B9
S31580E359E0F4EE0A81B834E4801135E480E434E4806B
S31580E359F094BFE7805CBFE7801635E48038BFE780F5
S31580E35A003535E4804535E4807C35E4806C4FE4804D
S31580E35A105C35E4807135E480ECEE0A81D4EE0A816C
S31580E35A209851E380A459E480A059E4808453E380C9
S31580E35A30F0EE0A81D8EE0A81E4EE0A8144C0E7807B
S31580E35A40E0EE0A81B059E48000FEDF800EB0A0E18B
S31580E35A500010A0E314009FE5001080E50010A0E3AA
S31580E35A600C009FE5001080E50BE0A0E10EF0A0E1DD
S31580E35A701C0000082000000808402DE9842BFFEB7A
S31580E35A800000A0E30880BDE8003099E508209FE5A3
S31580E35A90082083E50000A0E31EFF2FE100010080DC
S31580E35AA010402DE90113A0E30201A0E30940A0E140
S31580E35AB02EBDFFEB340084E50000A0E31080BDE853
S31580E35AC00000A0E31EFF2FE110402DE90020A0E3B4
S31580E35AD00140A0E119F6FFEB002094E50030D2E522
S31580E35AE04D0053E30E00000A0400008A470053E3A7
S31580E35AF00800000A4B0053E30C00000A1080BDE85F
S31580E35B006B0053E30900000A6D0053E30400000AC7
S31580E35B10670053E31080BD180115A0E1201B81E1E6
S31580E35B200005A0E10115A0E1201B81E10005A0E1CC
S31580E35B30012082E20115A0E1201B81E1002084E5BA
S31580E35B400005A0E11080BDE80000A0E370402DE9E8
S31580E35B500010A0E1B0209FE50030A0E19CCBFFEBF5
S31580E35B60004050E20500001A0410A0E10420A0E101
S31580E35B7098009FE585A8FFEB0100A0E37080BDE870
S31580E35B800C6094E588509FE50600A0E1181094E543
S31580E35B90006085E5EC0100EB083094E50020A0E3A6
S31580E35BA0083085E502C0A0E10230A0E1B400C5E19A
S31580E35BB00008A0E12008A0E1000053E1080000AA64
S31580E35BC0031185E00C2081E5181094E5012082E03D
S31580E35BD0021983E20C1081E201C0C5E7013083E25A
S31580E35BE0F4FFFFEA2C309FE5542094E5142083E507
S31580E35BF0582094E5182083E5502094E5102083E52A
S31580E35C000C4083E50600A0E17080BDE800B4C404DF
S31580E35C1075E5E380DCEF0A81DC8F0B8108402DE9B3
S31580E35C200A0A80E201E0A0E114C090E50210A0E157
S31580E35C300C0090E50320A0E10E30A0E13CFF2FE1CC
S31580E35C40000050E30880BD0808009FE54FA8FFEBFE
S31580E35C500100A0E30880BDE82A36E480F04D2DE913
S31580E35C600920A0E338D04DE20140A0E1D4139FE5BB
S31580E35C7028008DE586F1FFEB008050E20300000A01
S31580E35C80C4039FE541A8FFEB0180A0E3EA0000EAB5
S31580E35C9028009DE53A10A0E38DF1FFEB000050E389
S31580E35CA00200001AA4039FE538A8FFEBE20000EAAE
S31580E35CB00030A0E30420A0E194739FE5F021CDE1D9
S31580E35CC001B080E208A0A0E10130A0E300005BE33D
S31580E35CD00600001A010053E30A80A011D600001AD9
S31580E35CE028109DE56C039FE528A8FFEBD20000EA28
S31580E35CF00020DBE5000052E33B005213F4FFFF0A8A
S31580E35D0034B08DE50030DBE52D0053E30500001A62
S31580E35D1001C08BE20020E0E30030E0E334C08DE5B0
S31580E35D20F820CDE10F0000EA0B00A0E134108DE20C
S31580E35D3064FFFFEBF800CDE10020A0E10130A0E1B4
S31580E35D4014039FE50010A0E3010053E10000520134
S31580E35D500400008A04039FE500B0A0E30BA8FFEBF1
S31580E35D600B40A0E11E0000EA34009DE50030D0E55B
S31580E35D70400053E30500001A010080E238108DE20B
S31580E35D80040021E54FFFFFEBF801CDE1020000EAD5
S31580E35D900020E0E30030E0E3F821CDE134609DE5E7
S31580E35DA00030D6E5280053E31650A0130060A01315
S31580E35DB01800001A016086E20600A0E12910A0E33C
S31580E35DC034608DE542F1FFEB000050E30040A0E153
S31580E35DD034008DE50400001A84029FE5EBA7FFEB10
S31580E35DE004B0A0E10150A0E35B0000EA005066E066
S31580E35DF0015085E2010055E30140801234408D1560
S31580E35E000400001A5C029FE50040A0E3DFA7FFEBF6
S31580E35E1004B0A0E1500000EA4C129FE534009DE512
S31580E35E200220A0E31AF1FFEB000050E334309D0536
S31580E35E300030A0130230830234308D0534B09DE503
S31580E35E400130A0030010DBE524308DE52C0051E31F
S31580E35E500B00001AD820CDE10010E0E3010053E106
S31580E35E600000E0E30000520101B08B1234B08D15DF
S31580E35E701300001AF4019FE5C4A7FFEB0040A0E3FB
S31580E35E80D6FFFFEA3B0051E3000051130140A00334
S31580E35E900040A0130700001AD820CDE10010E0E30C
S31580E35EA00000E0E3010053E100005201D021CD017F
S31580E35EB0F820CD01020000EAB4019FE5B3A7FFEB2A
S31580E35EC0C6FFFFEA202085E20200A0E12C208DE5D3
S31580E35ED095A9FFEB2C209DE5004050E20200001AD5
S31580E35EE090019FE5A9A7FFEBBDFFFFEA0010A0E3C2
S31580E35EF065F1FFEBD820CDE1200084E2F820C4E110
S31580E35F00D821CDE1000056E3F021C4E124309DE5BC
S31580E35F10183084E5000084E50400000A0610A0E159
S31580E35F20012045E2C6F0FFEB0030A0E3050000EA7E
S31580E35F30D821CDE140119FE5F020CDE1D820CDE118
S31580E35F4036F5FFEB0130A0E30430C4E5003094E599
S31580E35F50053083E00050A0E3015043E5000054E3BD
S31580E35F6001508503010015E35CFFFF1AD021C4E1EC
S31580E35F700010E0E30000E0E3010053E1000052019A
S31580E35F800750A0E1004087E50900001A00005AE3C4
S31580E35F900020A0030030A0030400000A043017E5C4
S31580E35FA0D800C3E1D021C3E1002092E00130A3E031
S31580E35FB0F021C4E1000094E5C0109FE50620A0E34C
S31580E35FC0B3F0FFEB000050E30500001A101094E5F0
S31580E35FD0AC009FE5999DFFEBA8009FE5081094E54B
S31580E35FE0969DFFEB000094E59C109FE50320A0E3DC
S31580E35FF0A7F0FFEB000050E30500001A101094E5CC
S31580E3600088009FE58D9DFFEB84009FE5081094E56E
S31580E360108A9DFFEB003095E5D001CDE1D820C3E141
S31580E36020047087E2020050E00310C1E0F001CDE1A5
S31580E3603001A08AE20030A0E323FFFFEA0800A0E1A3
S31580E3604038D08DE2F08DBDE87437E48096D8E3806E
S31580E3605022D8E3808CEF0A817E36E480FF0F00004E
S31580E36060DED5E380FFD5E38025D6E3803BD6E380A8
S31580E360703ED6E3806FD6E380A2D6E380B1D6E380D3
S31580E36080C3D6E380CAD6E380D8D6E380E4D6E3807A
S31580E36090E8D6E380F3D6E380F8452DE968A09FE56B
S31580E360A00050A0E10160A0E10270A0E10380A0E1DD
S31580E360B00040A0E3060054E10E00000A04319AE7AB
S31580E360C00510A0E1000093E566F0FFEB000050E3E6
S31580E360D00600001A30309FE5041193E7103091E50E
S31580E360E0003087E5083091E5003088E5F885BDE83E
S31580E360F0014084E2EEFFFFEA0510A0E10C009FE594
S31580E3610022A7FFEB0000E0E3F885BDE88CEF0A8188
S31580E361109C36E480F34D2DE90380A0E180309FE552
S31580E3612000E0A0E10250A0E10040A0E30060A0E12E
S31580E361300070A0E3010054E11300000A04C193E771
S31580E36140D0A1CCE107005BE106005A010C00001AFE
S31580E36150D820CCE14C009FE5F060CDE100109CE5D2
S31580E361600AA7FFEB38309FE50000A0E3043193E70D
S31580E36170102093E5083093E5002085E5003088E537
S31580E36180050000EA014084E2E9FFFFEA18009FE5A3
S31580E361900E10A0E1FDA6FFEB0000E0E308D08DE260
S31580E361A0F08DBDE88CEF0A81B336E480D736E480A0
S31580E361B09C309FE573402DE90050A0E3001093E502
S31580E361C00060A0E10D20A0E188009FE504308DE228
S31580E361D000508DE504508DE5AEFFFFEB010070E3E3
S31580E361E00040A0E10200001A6C009FE5E7A6FFEB02
S31580E361F0140000EA0500A0E10510A0E10530A0E166
S31580E3620058209FE5F2C9FFEB005050E250009F050E
S31580E362100600000A50C095E506009DE80630A0E139
S31580E362203CFF2FE1004050E20400000A34009FE582
S31580E3623034109FE5D5A6FFEB0040E0E3010000EADA
S31580E362400500A0E165CBFFEB0400A0E108D08DE279
S31580E362507080BDE8A860E480EF36E480F436E480BD
S31580E3626000B4C4041737E4803337E480C598E38009
S31580E362709C309FE573402DE90050A0E3001093E541
S31580E362800060A0E10D20A0E188009FE504308DE267
S31580E3629000508DE504508DE57EFFFFEB010070E352
S31580E362A00040A0E10200001A6C009FE5B7A6FFEB71
S31580E362B0140000EA0500A0E10510A0E10530A0E1A5
S31580E362C058209FE5C2C9FFEB005050E250009F057E
S31580E362D00600000A50C095E506009DE80630A0E179
S31580E362E03CFF2FE1004050E20400000A34009FE5C2
S31580E362F034109FE5A5A6FFEB0040E0E3010000EA4A
S31580E363000500A0E135CBFFEB0400A0E108D08DE2E8
S31580E363107080BDE8A860E480E4D6E380F436E48068
S31580E3632000B4C4041737E4803337E4804E99E380BE
S31580E363300010A0E108402DE908009FE593A6FFEB56
S31580E363400000A0E30880BDE8C537E480012051E280
S31580E363501EFF2F012300003A010050E11A00009A44
S31580E36360020011E11B00000A113F6FE1102F6FE17C
S31580E36370022043E00130A0E31112A0E11332A0E151
S31580E363800020A0E3010050E10100402003208221A8
S31580E36390A10050E1A1004020A3208221210150E108
S31580E363A02101402023218221A10150E1A101402046
S31580E363B0A3218221000050E32332B0112112A011E0
S31580E363C0EFFFFF1A0200A0E11EFF2FE10100A00309
S31580E363D00000A0131EFF2FE1112F6FE11F2062E261
S31580E363E03002A0E11EFF2FE1000050E30000E0133E
S31580E363F0130400EA000051E3FAFFFF0A03402DE9A4
S31580E36400D1FFFFEB0640BDE8920003E0031041E0D5
S31580E364101EFF2FE1000051E33000000A01C020E0B7
S31580E3642000106142012051E21F00000A0030B0E112
S31580E3643000306042010053E11E00009A020011E140
S31580E364402000000A112F6FE1130F6FE1000042E095
S31580E364500120A0E31110A0E11220A0E10000A0E357
S31580E36460010053E10130432002008021A10053E182
S31580E36470A1304320A2008021210153E12131432031
S31580E3648022018021A10153E1A1314320A201802190
S31580E36490000053E32222B0112112A011EFFFFF1A6D
S31580E364A000005CE3000060421EFF2FE100003CE158
S31580E364B0000060421EFF2FE10000A033CC0FA00155
S31580E364C0010080031EFF2FE1112F6FE11F2062E29F
S31580E364D000005CE33302A0E1000060421EFF2FE18F
S31580E364E0000050E30201E0C30201A0B3D40300EA53
S31580E364F0000051E3F9FFFF0A03402DE9C6FFFFEBF6
S31580E365000640BDE8920003E0031041E01EFF2FE161
S31580E36510203052E220C062E23002A0413103A05132
S31580E36520110C80413112A0E11EFF2FE1203052E2AF
S31580E3653020C062E21112A0411013A051301C8141A8
S31580E365401002A0E11EFF2FE1021121E2000000EA22
S31580E36550023123E230402DE98140A0E18350A0E17E
S31580E36560050034E10200300100C0941102C09511A8
S31580E36570C4CAF011C5CAF0117900000AA44AA0E1A1
S31580E36580A55A74E0005065B2060000DA054084E05F
S31580E36590022020E0033021E0000022E0011023E026
S31580E365A0022020E0033021E0360055E33080BD88C9
S31580E365B0020111E30116A0E101C6A0E321168CE1F5
S31580E365C00100000A000070E20010E1E2020113E339
S31580E365D00336A0E123368CE10100000A002072E253
S31580E365E00030E3E2050034E15700000A014044E26B
S31580E365F020E075E2050000BA12CEA0E1320590E014
S31580E366000010A1E2130E90E05315B1E0060000EA14
S31580E36610205045E220E08EE2010052E313CEA0E172
S31580E3662002C08C23530590E0C31FB1E0025101E21F
S31580E366300200005A00C07CE20000F0E20010E1E2D2
S31580E36640010651E30E00003A020651E30600003AE2
S31580E36650A110B0E16000B0E16CC0A0E1014084E24A
S31580E36660842AA0E1010572E35500002A02015CE376
S31580E36670A0C0B0010000B0E2041AA1E0051081E1F8
S31580E366803080BDE88CC0B0E10000B0E00110A1E04D
S31580E36690010611E3014044E2F3FFFF1A000031E310
S31580E366A00010A0010000A003113F6FE120308302B8
S31580E366B00B3043E2202053E2070000AA0C2092E24B
S31580E366C0040000DA14C082E20C2062E2110CA0E13D
S31580E366D03112A0E1040000EA142082E220C062D2F3
S31580E366E01112A0E1301C81D11002A0D1034054E005
S31580E366F0041A81A0051081A13080BDA80440E0E1A1
S31580E367001F4054E20D0000AA0C4094E2050000CA43
S31580E36710144084E2202064E23004A0E1110280E1A7
S31580E36720311485E13080BDE80C4064E2202064E2E8
S31580E367303002A0E1110480E10510A0E13080BDE8DC
S31580E367403104A0E10510A0E13080BDE8000034E328
S31580E36750013623E2011621020140840201504512EB
S31580E36760A1FFFFEAC4CAF0E1C5CAF0111800000A26
S31580E36770050034E1020030010300000A00C094E121
S31580E367800310A0010200A0013080BDE8030031E1DF
S31580E367900010A0130000A0133080BD18A4CAB0E196
S31580E367A00300001A8000B0E10110B1E002118123F9
S31580E367B03080BDE8014594E2011681323080BD38F0
S31580E367C0025101E27F1485E30F1681E30000A0E323
S31580E367D03080BDE8C4CAF0E10310A0110200A01125
S31580E367E0C5CAF0010130A0110020A011014690E155
S31580E367F00356920103003101021781133080BDE80D
S31580E36800000030E30010A0031EFF2F0130402DE986
S31580E36810014BA0E3324084E20050A0E30010A0E302
S31580E368209DFFFFEA000030E30010A0031EFF2F0167
S31580E3683030402DE9014BA0E3324084E2025110E27D
S31580E36840000060420010A0E393FFFFEA8020B0E1FE
S31580E36850C211A0E16110A0E1020EA0E1FF341212A1
S31580E36860FF0433130E1321121EFF2F11000032E3B0
S31580E36870FF0433131EFF2F0130402DE90E4DA0E3B5
S31580E36880025101E20211C1E383FFFFEA012090E1B5
S31580E368901EFF2F0130402DE90050A0E3060000EAF9
S31580E368A0012090E11EFF2F0130402DE9025111E2D4
S31580E368B00100005A000070E20010E1E2014BA0E320
S31580E368C0324084E221CBB0E15CFFFF0A0320A0E300
S31580E368D0ACC1B0E103208212ACC1B0E103208212E5
S31580E368E0AC2182E0203062E210C3A0E13002A0E175
S31580E368F0110380E13112A0E1024084E04FFFFFEA19
S31580E3690070402DE9FFC0A0E307CC8CE3214A1CE06D
S31580E36910235A1C100C0034110C0035116F00000B48
S31580E36920054084E0036021E08C1AC1E18C3AC3E13F
S31580E36930015690E103569211011681E3013683E312
S31580E369401C00000A90C28EE00050A0E391E2A5E02D
S31580E36950022106E290E3A5E00060A0E39153A6E07E
S31580E3696000003CE301E08E13FF4044E2020C56E371
S31580E36970034CC4E20200002A8EE0B0E10550B5E0A4
S31580E369800660A6E0861582E1A51A81E18505A0E188
S31580E36990AE0A80E18EE5A0E1FDC054E2070C5C839C
S31580E369A00F00008A02015EE3A0E0B0010000B0E2DE
S31580E369B0041AA1E07080BDE8026106E2011086E177
S31580E369C0020080E1031021E0AC4054E00C5074C037
S31580E369D0041A81C17080BDC8011681E300E0A0E39B
S31580E369E0014054E2580000CA360074E30000A0D3A5
S31580E369F0021101D27080BDD8004064E2204054E2A7
S31580E36A00180000AA0C4094E20B0000CA144084E20A
S31580E36A10205064E21035A0E13004A0E1110580E165
S31580E36A20022101E20211C1E3A30F90E03114A2E057
S31580E36A3083E09EE1A30FC0017080BDE80C4064E271
S31580E36A40205064E21034A0E13005A0E1110480E136
S31580E36A50021101E2A30F90E00010A1E283E09EE140
S31580E36A60A30FC0017080BDE8205064E210E58EE19B
S31580E36A703034A0E1113583E13104A0E1021101E272
S31580E36A803104C0E1A30F80E083E09EE1A30FC00160
S31580E36A907080BDE8000034E30800001A026101E279
S31580E36AA08000B0E10110A1E0010611E30140440258
S31580E36AB0FAFFFF0A061081E1000035E31EFF2F117E
S31580E36AC0026103E28220B0E10330A3E0010613E32F
S31580E36AD001504502FAFFFF0A063083E11EFF2FE1EC
S31580E36AE00C0034E1235A0CE00C0035110600000A51
S31580E36AF0816090E183609211E5FFFF1A031021E044
S31580E36B00021101E20000A0E37080BDE8816090E1BC
S31580E36B100200A0010310A001836092110F00000A16
S31580E36B200C0034E10100001A016690E10B00001AC3
S31580E36B300C0035E10300001A036692E10200A0111E
S31580E36B400310A0110500001A031021E0021101E2EF
S31580E36B507F1481E30F1681E30000A0E37080BDE834
S31580E36B607F1481E33E1781E37080BDE870402DE9B1
S31580E36B70FFC0A0E307CC8CE3214A1CE0235A1C1018
S31580E36B800C0034110C0035115C00000B054044E029
S31580E36B9003E021E0035692E10116A0E14B00000AEF
S31580E36BA00336A0E10152A0E3233285E1223C83E16F
S31580E36BB00224A0E1215285E1205C85E10064A0E125
S31580E36BC002110EE2030055E102005601FD40A4E204
S31580E36BD0034C84E20100002AA330B0E16220A0E105
S31580E36BE0026056E00350C5E0A330B0E16220A0E145
S31580E36BF00106A0E302C7A0E302E056E003E0D5E0A6
S31580E36C00026046200E50A0210C008021A330B0E123
S31580E36C106220A0E102E056E003E0D5E00260462090
S31580E36C200E50A021AC008021A330B0E16220A0E128
S31580E36C3002E056E003E0D5E0026046200E50A02154
S31580E36C402C018021A330B0E16220A0E102E056E08E
S31580E36C5003E0D5E0026046200E50A021AC018021FE
S31580E36C6006E095E10D00000A0552A0E1265E85E186
S31580E36C700662A0E18331A0E1A23E83E18221A0E125
S31580E36C802CC2B0E1DBFFFF1A010611E30600001A0E
S31580E36C90001081E10000A0E302C1A0E3D5FFFFEA93
S31580E36CA0010611E3001081010000A003FDC054E258
S31580E36CB0070C5C834AFFFF8A03C055E002C0560097
S31580E36CC0A0C0B0010000B0E2041AA1E07080BDE884
S31580E36CD002E10EE221168EE1AC4094E00C5074C0E2
S31580E36CE0041A81C17080BDC8011681E300E0A0E388
S31580E36CF0014054E23AFFFFEA06E085E138FFFFEA26
S31580E36D00235A0CE00C0034E10C00350193FFFF0AB3
S31580E36D100C0034E10600001A014690E18FFFFF1A6A
S31580E36D200C0035E187FFFF1A0200A0E10310A0E122
S31580E36D308AFFFFEA0C0035E10400001A035692E16C
S31580E36D406DFFFF0A0200A0E10310A0E183FFFFEAE3
S31580E36D50816090E1836092114DFFFF1A814090E15B
S31580E36D6078FFFF1A835092E163FFFF1A7BFFFFEA06
S31580E36D708120B0E10A00002A022692E20A00002A74
S31580E36D800700005A3E3EE0E3C22A53E00800004A89
S31580E36D908135A0E1023183E3A03A83E13302A0E1C6
S31580E36DA01EFF2FE10000A0E31EFF2FE1010690E125
S31580E36DB00100001A0000E0E31EFF2FE10000A0E3DC
S31580E36DC01EFF2FE18120A0E1073252E202C6532261
S31580E36DD07FC57C220600009A02C101E28021A0E100
S31580E36DE0A00E8CE1020152E30301A0E00100C0039F
S31580E36DF01EFF2FE1010111E30F00001A2E2693E215
S31580E36E00020101B21EFF2FB1011681E3A22AA0E19E
S31580E36E10182062E220C062E2103CB0E13002A0E1D9
S31580E36E20010080138135A0E1A335A0E1130C80E155
S31580E36E303332A0E18330A0E1E6FFFFEAC23AF0E134
S31580E36E400300001A013690E17F04A0130305801343
S31580E36E501EFF2F11020101E27F0480E3020580E336
S31580E36E601EFF2FE1020120E2000000EA021121E287
S31580E36E708020B0E18130B0110300321142CCF011B1
S31580E36E8043CCF0113C00000A222CA0E1233C72E0C3
S31580E36E90032082C0011020C0000021C0011020C061
S31580E36EA0003063B2190053E31EFF2F81020110E322
S31580E36EB0020580E3FF04C0E300006012020111E3F0
S31580E36EC0021581E3FF14C1E300106112030032E18E
S31580E36ED02300000A012042E2510390E0203063E27E
S31580E36EE01113A0E1023100E20100005A001071E2C1
S31580E36EF00000E0E2020550E30B00003A010450E3B0
S31580E36F000400003AA000B0E16110A0E1012082E232
S31580E36F10FE0052E32D00002A020151E3820BA0E03A
S31580E36F200100C003030080E11EFF2FE18110B0E181
S31580E36F300000A0E0020510E3012042E2F5FFFF1A1C
S31580E36F4010CF6FE108C04CE20C2052E0100CA0E1B8
S31580E36F50820B80A0002062B2030080A1300283B15D
S31580E36F601EFF2FE1000032E3021521E20205200233
S31580E36F700120820201304312D5FFFFEA8130A0E18E
S31580E36F8042CCF0E143CCF0111300000A030032E176
S31580E36F900200000A000032E30100A0011EFF2FE198
S31580E36FA0010030E10000A0131EFF2F11FF0412E35E
S31580E36FB00200001A8000B0E1020180231EFF2FE168
S31580E36FC0022492E2020580321EFF2F31023100E273
S31580E36FD07F0483E3020580E31EFF2FE1422CF0E189
S31580E36FE00100A011433CF0010010A0118024B0E120
S31580E36FF08134B00101003001010580131EFF2FE1CA
S31580E370000030A0E3010000EA023110E200006042B2
S31580E3701000C0B0E11EFF2F014B3483E30010A0E1F3
S31580E370200000A0E30F0000EA012090E11EFF2F019C
S31580E370300030A0E3050000EA012090E11EFF2F0166
S31580E37040023111E20100005A000070E20010E1E231
S31580E3705001C0B0E100C0A0010010A0010000A003C0
S31580E370605B3483E301324302023543E21C2F6FE153
S31580E37070082052E2823B43E0060000BA113283E005
S31580E3708010C2A0E1202062E202015CE33002A3E0C9
S31580E370900100C0031EFF2FE1202082E211C2A0E19E
S31580E370A0202062E28C0090E13102A3E0AC0FC001C4
S31580E370B01EFF2FE1FFC0A0E3A02B1CE0A13B1C1029
S31580E370C00C0032110C0033113E00000A032082E0EB
S31580E370D001C020E08004B0E18114B0111000000A01
S31580E370E00233A0E3A00283E1A11283E1903181E040
S31580E370F002010CE2020551E38110A031A31F813125
S31580E371008330A031010080E17F20C2E2FD0052E3BB
S31580E371100F00008A020153E3820BA0E00100C00363
S31580E371201EFF2FE1000030E302C10CE28114A001CF
S31580E37130A0048CE1A10480E17F2052E2FF3072C299
S31580E37140820B80C11EFF2FC1020580E30030A0E3DE
S31580E37150012052E2350000CA190072E3020100D22F
S31580E371601EFF2FD1002062E28010B0E13112A0E150
S31580E37170202062E210C2A0E16100B0E10000A0E25B
S31580E371808C3093E1AC0FC0011EFF2FE1000032E3A8
S31580E3719002C100E28000A001020510030120420241
S31580E371A0FBFFFF0A0C0080E1000033E302C101E24A
S31580E371B08110A0010205110301304302FBFFFF0AA0
S31580E371C00C1081E1C0FFFFEAA13B0CE00C0032E149
S31580E371D00C0033110500000A02C1D0E302C1D113CA
S31580E371E0E9FFFF1A010020E0020100E21EFF2FE122
S31580E371F0000030E3020130130100A00100003113E7
S31580E37200020131130D00000A0C0032E10100001A7D
S31580E372108024B0E10900001A0C0033E10200001A71
S31580E372208134B0E10100A0110400001A010020E0DE
S31580E37230020100E27F0480E3020580E31EFF2FE183
S31580E372407F0480E3030580E31EFF2FE1FFC0A0E315
S31580E37250A02B1CE0A13B1C100C0032110C00331157
S31580E372603A00000A032042E001C020E08114B0E145
S31580E372708004A0E11C00000A0132A0E3211283E12D
S31580E37280203283E102010CE2010053E18330A03135
S31580E372907D20A2E202C5A0E3010053E10130432051
S31580E372A00C008021A10053E1A1304320AC00802172
S31580E372B0210153E1213143202C018021A10153E1B6
S31580E372C0A1314320AC0180210332B0E12CC2B0115D
S31580E372D0F0FFFF1AFD0052E39DFFFF8A010053E1B1
S31580E372E0820BA0E00100C0031EFF2FE102C10CE286
S31580E372F0A0048CE17F2092E2FF3072C2820B80C1D0
S31580E373001EFF2FC1020580E30030A0E3012052E295
S31580E373108FFFFFEA000032E302C100E28000A001B2
S31580E373200205100301204202FBFFFF0A0C0080E105
S31580E37330000033E302C101E28110A00102051103DB
S31580E3734001304302FBFFFF0A0C1081E1C4FFFFEA31
S31580E37350A13B0CE00C0032E10500001A8024B0E189
S31580E37360B6FFFF1A0C0033E1AFFFFF1A0100A0E17D
S31580E37370B2FFFFEA0C0033E10300001A8134B0E187
S31580E3738097FFFF0A0100A0E1ACFFFFEA02C1D0E369
S31580E3739002C1D113DEFFFF1A0221D0E3A2FFFF1A57
S31580E373A00231D1E38EFFFF1AA4FFFFEA8020A0E13A
S31580E373B07F0452E30800003A9E30A0E3222C53E098
S31580E373C00700009A0034A0E1023183E3020110E36F
S31580E373D03302A0E1000060121EFF2FE10000A0E36C
S31580E373E01EFF2FE1610072E30100001A8024B0E101
S31580E373F00200001A020110E20201E0031EFF2FE100
S31580E374000000A0E31EFF2FE1000053E300005203D8
S31580E374100400001A000051E3000050030010E0135B
S31580E374200000E013060000EA08D04DE200602DE993
S31580E37430160000EB04E09DE508D08DE20C00BDE884
S31580E374401EFF2FE102402DE90800A0E3B7FBFFEB27
S31580E374500280BDE8F0412DE90280A0E10360A0E16E
S31580E374600040A0E10150A0E1170000EB980103E0A2
S31580E37470903623E0986087E0077083E018309DE5D7
S31580E37480064054E00750C5E0F040C3E1F081BDE833
S31580E37490F8432DE90250A0E10340A0E10060A0E1BA
S31580E374A00170A0E15F0000EB20309DE5900404E0ED
S31580E374B0908589E0954124E0086056E0099084E070
S31580E374C00970C7E0F060C3E1F883BDE8000051E3EB
S31580E374D0F84F2DE903C0A0E102E0A0E10070A0A18E
S31580E374E00160A0A100A0A0A3040000AA000070E2AE
S31580E374F00010E1E20070A0E10160A0E100A0E0E31A
S31580E37500000053E3040000AA002072E20030E3E2C5
S31580E375100AA0E0E102E0A0E103C0A0E106005CE1AD
S31580E3752007005E010E00A0E10C10A0E10740A0E198
S31580E375300650A0E10000A0830010A0833400008AF7
S31580E37540000051E3107F6F01117F6F112070870276
S31580E37550000056E3143F6F0120308302163F6F111C
S31580E37560077063E00720A0E1EFFBFFEB07B0A0E144
S31580E37570010056E1000054010080A0E10190A0E102
S31580E375800000A0330010A0330500003A084054E021
S31580E375900100A0E30010A0E30720A0E10950C6E0C4
S31580E375A0E1FBFFEB000057E31900000AA990B0E185
S31580E375B06880A0E1090055E1080054010600003A1D
S31580E375C0084054E00950C5E0044094E00550A5E046
S31580E375D0014094E20050A5E2010000EA044094E011
S31580E375E00550A5E0017057E2F1FFFF1A006094E0D1
S31580E375F00170A5E00B20A0E10400A0E10510A0E165
S31580E37600C2FBFFEB0B20A0E1C7FBFFEB000056E0DC
S31580E376100110C7E000005AE3F88FBD08000070E26E
S31580E376200010E1E2F88FBDE8010053E1000052016A
S31580E37630F8432DE90040A0E10150A0E13700008A3C
S31580E37640000053E3126F6F01136F6F1120608602A0
S31580E37650000051E3101F6F0120108102111F6F118B
S31580E37660066061E00200A0E10310A0E10620A0E14C
S31580E37670ADFBFFEB0670A0E1010055E1000054018C
S31580E376800080A0E10190A0E10000A0330010A033C8
S31580E376900500003A084054E00100A0E30010A0E3AF
S31580E376A00620A0E10950C5E09FFBFFEB000056E30F
S31580E376B0F883BD08A990B0E16880A0E1090055E1AF
S31580E376C0080054010600003A084054E00950C5E03A
S31580E376D0044094E00550A5E0014094E20050A5E221
S31580E376E0010000EA044094E00550A5E0016056E21B
S31580E376F0F1FFFF1A008094E00190A5E00720A0E166
S31580E377000400A0E10510A0E180FBFFEB0720A0E1E8
S31580E3771085FBFFEB000058E00110C9E0F883BDE884
S31180E377200000A0E30010A0E3F883BDE8BE
S31580E37730000000000000F03FEF6148B15031F63FB2
S31580E37740CA6F4D91AEE7F43FAA116CEF62D0F23F78
S31580E37750000000000000F03F3BBFA7C06924E93F7B
S31580E37760BB20C77B7A51E13F5DAB72DE55A8D13F43
S31580E377700FAAE38017AAE3801EAAE38025AAE38003
S31580E377802CAAE38033AAE3803AAAE38041AAE38082
S31580E3779048AAE3804FAAE38056AAE3805EAAE38001
S31580E377A066AAE3806EAAE38076AAE3807EAAE38074
S31580E377B086AAE3808EAAE38095AAE3809CAAE380E7
S31580E377C0A3AAE380AAAAE380B1AAE380B8AAE38066
S31580E377D0BFAAE380C6AAE380CDAAE380D5AAE380E5
S31580E377E0DCAAE380E4AAE380ECAAE380F4AAE3805C
S31580E377F06481E3802480E3802480E3802480E380C3
S31580E378002480E380B481E3802480E3802480E38062
S31580E378102480E3802480E3802480E3802480E380E3
S31580E378201882E3802480E3802480E3802480E380DD
S31580E378302480E3802480E3802480E3802480E380C3
S31580E378402480E3809882E3802480E3802480E3803D
S31580E378502480E3802480E3802480E3802480E380A3
S31580E378602480E3802480E3802480E3802480E38093
S31580E378703C83E3802480E3802480E3802480E38068
S31580E378802480E3802480E3802480E3802480E38073
S31580E378902480E3802480E3802480E3802480E38063
S31580E378A02480E3800C84E380010000000000000074
S31580E378B0020000004D2DE480E478E280392CE480F8
S31580E378C0B8F0E18000000000000000000000000046
S31580E378D00100000003000000070000000F00000025
S31580E378E01F0000003F0000007F000000FF00000053
S31580E378F0FF010000FF030000FF070000FF0F000009
S31580E37900FF1F0000FF3F0000FF7F00000000000034
S31580E3791000000000000000000000000000000000FE
S31580E37920B818E080672AE4806E2AE480832AE480BC
S31580E37930942AE480A52AE480B62AE480CB2AE480EC
S31580E37940E12AE480F52AE480092BE4801E2BE48097
S31580E37950322BE480452BE4805C2BE4806F2BE48040
S31580E37960882BE4809B2BE480AF2BE480C22BE480DE
S31580E37970D42BE480E92BE480FE2BE480142CE48092
S31580E37980292CE4803D2CE4804A2CE4805F2CE4803F
S31580E37990732CE480882CE4809D2CE480B02CE480F6
S31580E379A0BF2CE480D32CE480E72CE480FE2CE480B7
S31580E379B0112DE480252DE480382DE480512DE4805B
S31580E379C0692DE4807D2DE480872DE4809C2DE48001
S31580E379D0B12DE480C62DE480000000009630077761
S31580E379E02C610EEEBA51099919C46D078FF46A704A
S31580E379F035A563E9A395649E3288DB0EA4B8DC796A
S31580E37A001EE9D5E088D9D2972B4CB609BD7CB17EE9
S31580E37A10072DB8E7911DBF906410B71DF220B06AB9
S31580E37A204871B9F3DE41BE847DD4DA1AEBE4DD6DC9
S31580E37A3051B5D4F4C785D38356986C13C0A86B64C9
S31580E37A407AF962FDECC9658A4F5C0114D96C0663E9
S31580E37A50633D0FFAF50D088DC8206E3B5E10694CC9
S31580E37A60E44160D5727167A2D1E4033C47D4044B09
S31580E37A70FD850DD26BB50AA5FAA8B5356C98B242E9
S31580E37A80D6C9BBDB40F9BCACE36CD832755CDF4569
S31580E37A90CF0DD6DC593DD1ABAC30D9263A00DE5199
S31580E37AA08051D7C81661D0BFB5F4B42123C4B35689
S31580E37AB09995BACF0FA5BDB89EB802280888055F09
S31580E37AC0B2D90CC624E90BB1877C6F2F114C685869
S31580E37AD0AB1D61C13D2D66B69041DC760671DB0157
S31580E37AE0BC20D2982A10D5EF8985B1711FB5B60629
S31580E37AF0A5E4BF9F33D4B8E8A2C9077834F9000F69
S31580E37B008EA8099618980EE1BB0D6A7F2D3D6D0808
S31580E37B10976C6491015C63E6F4516B6B62616C1CF8
S31580E37B20D83065854E0062F2ED95066C7BA5011B28
S31580E37B30C1F4088257C40FF5C6D9B06550E9B712C8
S31580E37B40EAB8BE8B7C88B9FCDF1DDD62492DDA1588
S31580E37B50F37CD38C654CD4FB5861B24DCE51B53AA8
S31580E37B607400BCA3E230BBD441A5DF4AD795D83DA8
S31580E37B706DC4D1A4FBF4D6D36AE96943FCD96E34E8
S31580E37B80468867ADD0B860DA732D0444E51D0333C8
S31580E37B905F4C0AAAC97C0DDD3C710550AA410227D8
S31580E37BA010100BBE86200CC925B56857B3856F20A8
S31580E37BB009D466B99FE461CE0EF9DE5E98C9D92908
S31580E37BC02298D0B0B4A8D7C7173DB359810DB42E48
S31580E37BD03B5CBDB7AD6CBAC02083B8EDB6B3BF9A94
S31580E37BE00CE2B6039AD2B1743947D5EAAF77D29D20
S31580E37BF01526DB048316DC73120B63E3843B649400
S31580E37C003E6A6D0DA85A6A7A0BCF0EE49DFF0993FF
S31580E37C1027AE000AB19E077D44930FF0D2A308876F
S31580E37C2068F2011EFEC206695D5762F7CB6765801F
S31580E37C3071366C19E7066B6E761BD4FEE02BD3891F
S31580E37C405A7ADA10CC4ADD676FDFB9F9F9EFBE8E7F
S31580E37C5043BEB717D58EB060E8A3D6D67E93D1A1BF
S31580E37C60C4C2D83852F2DF4FF167BBD16757BCA69F
S31580E37C70DD06B53F4B36B248DA2B0DD84C1B0AAF3F
S31580E37C80F64A0336607A0441C3EF60DF55DF67A8BF
S31580E37C90EF8E6E3179BE69468CB361CB1A8366BC4F
S31580E37CA0A0D26F2536E2685295770CCC03470BBB9F
S31580E37CB0B91602222F260555BE3BBAC5280BBDB29F
S31580E37CC0925AB42B046AB35CA7FFD7C231CFD0B53F
S31580E37CD08B9ED92C1DAEDE5BB0C2649B26F263EC31
S31580E37CE09CA36A750A936D02A906099C3F360EEB3F
S31580E37CF08567077213570005824ABF95147AB8E2FF
S31580E37D00AE2BB17B381BB60C9B8ED2920DBED5E5DE
S31580E37D10B7EFDC7C21DFDB0BD4D2D38642E2D4F12E
S31580E37D20F8B3DD686E83DA1FCD16BE815B26B9F6BE
S31580E37D30E177B06F7747B718E65A0888706A0FFF1E
S31580E37D40CA3B06665C0B0111FF9E658F69AE62F8DE
S31580E37D50D3FF6B6145CF6C1678E20AA0EED20DD7DE
S31580E37D605483044EC2B30339612667A7F71660D0FE
S31580E37D704D476949DB776E3E4A6AD1AEDC5AD6D93E
S31580E37D80660BDF40F03BD83753AEBCA9C59EBBDE5E
S31580E37D907FCFB247E9FFB5301CF2BDBD8AC2BACA0E
S31580E37DA03093B353A6A3B4240536D0BA9306D7CD7E
S31580E37DB02957DE54BF67D9232E7A66B3B84A61C49E
S31580E37DC0021B685D942B6F2A37BE0BB4A18E0CC35E
S31580E37DD01BDF055A8DEF022D0000000038000000FE
S31580E37DE028000000480000000200000001000000B7
S31580E37DF00000000000000000000100000002000017
S31580E37E00000000008813000000000000E528E480FD
S31580E37E10F628E4800529E4801529E4802729E4808F
S31580E37E20000000003729E4804829E4805A29E48069
S31580E37E306B29E4807E29E4809329E4804006000070
S31580E37E40803E00000000172004001720080017205A
S31580E37E5014001720180017201C00172081011D5AD3
S31580E37E600E0286251003141112040B081405D80399
S31580E37E701706DA011907E5001C086F001E093600AC
S31580E37E80210A1A00230B0D00090C06000A0D0300D4
S31580E37E900C0D01008F0F7F5A2410253F2611F22CFB
S31580E37EA027127C202813B9172A1482112B15EF0C7D
S31580E37EB02D16A1092E172F0730185C0531190604F4
S31580E37EC0331A0303341B4002361CB101381D4401C7
S31580E37ED0391EF5003B1FB7003C208A003E2168002F
S31580E37EE03F224E0020233B0021092C00A525E15AA1
S31580E37EF040264C4841270D3A4328F12E44291F2634
S31580E37F00452A331F462BA819482C1815492D771176
S31580E37F104A2E740E4B2FFB0B4D30F8094E31610818
S31580E37F204F3206073033CD053234DE0432350F0463
S31580E37F30333663033437D40235385C023639F80195
S31580E37F40373AA401383B6001393C25013A3DF600D6
S31580E37F503B3ECB003D3FAB003D208F00C141125BF2
S31580E37F605042044D51432C415244D8375345E82F70
S31580E37F7054463C29564779235748DF1E5749A91A61
S31580E37F80484A4E17484B24144A4C9C114A4D6B0F72
S31580E37F904B4E510D4D4FB60B4D30400AD0513258B2
S31580E37FA058521C4D59538E435A54DD3B5B55EE3440
S31580E37FB05C56AE2E5D579A2956471625D859705585
S31580E37FC05F5AA94C605BD944615C223E635D243889
S31580E37FD0635EB4325D56172EDF60A8566561464F01
S31580E37FE06662E5476763CF4168643D3C635D5E37C0
S31580E37FF0696631526A670F4C6B68394667635E41DF
S31580E38000E96A27566C6BE7506D67854B6E6D9755BE
S31580E380106F6B4F50EE6F105A706D2255F06FEB59C0
S31580E3802071711D5A00000000010000000800000085
S31580E3803010000000090000000200000003000000B9
S31580E380400A00000011000000180000002000000074
S31580E3805019000000120000000B000000040000007D
S31580E38060050000000C000000130000001A00000069
S31580E3807021000000280000003000000029000000F5
S31580E38080220000001B000000140000000D00000029
S31580E3809006000000070000000E0000001500000047
S31580E380A01C000000230000002A00000031000000CD
S31580E380B03800000039000000320000002B00000089
S31580E380C0240000001D000000160000000F000000E1
S31580E380D0170000001E000000250000002C000000B1
S31580E380E0330000003A0000003B000000340000004B
S31580E380F02D000000260000001F000000270000007E
S31580E381002E000000350000003C0000003D0000002A
S31580E38110360000002F000000370000003E0000001C
S31580E381203F0000003F0000003F0000003F000000EA
S31580E381303F0000003F0000003F0000003F000000DA
S31580E381403F0000003F0000003F0000003F000000CA
S31580E381503F0000003F0000003F0000003F000000BA
S31580E381603F0000000000000001000000080000005E
S31580E38170090000003F0000003F0000003F000000D0
S31580E381803F0000003F0000003F0000003F0000008A
S31580E381903F0000003F0000003F0000003F0000007A
S31580E381A03F0000003F0000003F0000003F0000006A
S31580E381B03F0000000000000001000000080000000E
S31580E381C01000000009000000020000000A00000021
S31580E381D011000000120000003F0000003F00000095
S31580E381E03F0000003F0000003F0000003F0000002A
S31580E381F03F0000003F0000003F0000003F0000001A
S31580E382003F0000003F0000003F0000003F00000009
S31580E382103F0000003F000000000000000100000076
S31580E3822008000000100000000900000002000000C2
S31580E38230030000000A00000011000000180000009F
S31580E3824019000000120000000B000000130000007C
S31580E382501A0000001B0000003F0000003F00000002
S31580E382603F0000003F0000003F0000003F000000A9
S31580E382703F0000003F0000003F0000003F00000099
S31580E382803F0000003F0000003F0000003F00000089
S31580E382903F0000003F0000000000000001000000F6
S31580E382A00800000010000000090000000200000042
S31580E382B0030000000A00000011000000180000001F
S31580E382C02000000019000000120000000B000000EF
S31580E382D0040000000C000000130000001A000000F8
S31580E382E021000000220000001B00000014000000B3
S31580E382F01C00000023000000240000003F00000073
S31580E383003F0000003F0000003F0000003F00000008
S31580E383103F0000003F0000003F0000003F000000F8
S31580E383203F0000003F0000003F0000003F000000E8
S31580E383303F0000003F0000003F0000000000000017
S31580E3834001000000080000001000000009000000A2
S31580E3835002000000030000000A0000001100000094
S31580E383601800000020000000190000001200000041
S31580E383700B00000004000000050000000C00000074
S31580E38380130000001A00000021000000280000000E
S31580E3839029000000220000001B00000014000000FA
S31580E383A00D000000150000001C0000002300000003
S31580E383B02A0000002B000000240000001D000000BE
S31580E383C0250000002C0000002D0000003F00000087
S31580E383D03F0000003F0000003F0000003F00000038
S31580E383E03F0000003F0000003F0000003F00000028
S31580E383F03F0000003F0000003F0000003F00000018
S31580E384003F0000003F0000003F0000000000000046
S31580E3841001000000080000001000000009000000D1
S31580E3842002000000030000000A00000011000000C3
S31580E384301800000020000000190000001200000070
S31580E384400B00000004000000050000000C000000A3
S31580E38450130000001A00000021000000280000003D
S31580E384603000000029000000220000001B0000000D
S31580E38470140000000D000000060000000E0000005E
S31580E38480150000001C000000230000002A00000005
S31580E3849031000000320000002B00000024000000C1
S31580E384A01D000000160000001E00000025000000ED
S31580E384B02C00000033000000340000002D00000093
S31580E384C0260000002E000000350000003600000084
S31580E384D03F0000003F0000003F0000003F00000037
S31580E384E03F0000003F0000003F0000003F00000027
S31580E384F03F0000003F0000003F0000003F00000017
S31580E385003F0000003F0000003F0000003F00000006
S31580E3851078ABE3808EABE380AEABE380D3ABE38033
S31580E38520EDABE3800CACE38021ACE3803EACE3804F
S31580E3853068ACE380A8ACE380C7ACE380DEACE380E1
S31580E38540F4ACE38008ADE38045ADE38075ADE380CD
S31580E3855091ADE380B4ADE380EBADE38022AEE3801F
S31580E3856039AEE38059AEE38083AEE380D0AEE38079
S31580E38570EBAEE38016AFE38032AFE38057AFE380C1
S31580E385807DAFE380A2AFE380B5AFE380CAAFE3809C
S31580E38590DDAFE380F0AFE38015B0E3802AB0E3801C
S31580E385A03EB0E3805FB0E38075B0E380A4B0E38060
S31580E385B0CCB0E380EDB0E3800EB1E3803DB1E38000
S31580E385C04EB1E3806AB1E380A8B1E380CFB1E380C3
S31580E385D0F6B1E3800AB2E38038B2E38060B2E38047
S31580E385E07CB2E380A1B2E380C3B2E380EDB2E38001
S31580E385F018B3E38036B3E38064B3E3808CB3E3807C
S31580E38600B3B3E380DEB3E3800BB4E3803BB4E380D0
S31580E3861065B4E38092B4E380B5B4E380D3B4E38016
S31580E38620F1B4E38027B5E38051B5E38070B5E380A9
S31580E3863093B5E380BAB5E380CFB5E380E3B5E38072
S31580E3864018B6E38028B6E38066B6E380A8B6E3800F
S31580E38650D2B6E380FEB6E38025B7E38041B7E38015
S31580E386606CB7E38087B7E3809BB7E380B2B7E380F9
S31580E38670BFB7E380E7B7E3801CB8E38058B8E3800D
S31580E3868086B8E380A7B8E380CEB8E380E7B8E38033
S31580E386900FB9E38032B9E3804AB9E3806EB9E38008
S31580E386A06ABDE38093B9E380CCB9E38006BAE3801D
S31580E386B025BAE38034BAE38051BAE3806FBAE380C4
S31580E386C08CBAE380A5BAE380BEBAE38000BBE380DD
S31580E386D03ABBE38070BBE380A4BBE380B8BBE380B3
S31580E386E0CFBBE380F5BBE3801CBCE3805EBCE38069
S31580E386F09ABCE380CBBCE380EFBCE3801DBDE38023
S31580E3870038BDE38070BDE3809BBDE380000000005D
S31580E3871000000000010000000500000006000000E4
S31580E387200E0000000F0000001B0000001C0000008C
S31580E387300200000004000000070000000D000000B6
S31580E38740100000001A0000001D0000002A0000004F
S31580E3875003000000080000000C0000001100000088
S31580E38760190000001E000000290000002B00000015
S31580E38770090000000B000000120000001800000052
S31580E387801F000000280000002C00000035000000D8
S31580E387900A0000001300000017000000200000001C
S31580E387A0270000002D0000003400000036000000A2
S31580E387B014000000160000002100000026000000DF
S31580E387C02E00000033000000370000003C0000006C
S31580E387D01500000022000000250000002F000000A5
S31580E387E032000000380000003B0000003D0000003E
S31580E387F02300000024000000300000003100000068
S31580E38800390000003A0000003E0000003F0000000F
S31580E3881000000000010000000200000003000000E9
S31580E3882000000000010000000500000002000000D7
S31580E3883004000000060000000300000007000000BB
S31580E3884008000000000000000100000005000000B1
S31580E38850060000000200000004000000070000009C
S31580E388600C00000003000000080000000B0000007D
S31580E388700D000000090000000A0000000E00000061
S31580E388800F0000000000000001000000050000006A
S31580E38890060000000E000000020000000400000055
S31580E388A0070000000D0000000F0000000300000039
S31580E388B0080000000C000000100000001500000016
S31580E388C0090000000B000000110000001400000006
S31580E388D0160000000A0000001200000013000000EA
S31580E388E017000000180000000000000001000000EF
S31580E388F005000000060000000E0000000F000000E7
S31580E389000200000004000000070000000D000000E4
S31580E3891010000000190000000300000008000000BA
S31580E389200C00000011000000180000001A0000008F
S31580E38930090000000B000000120000001700000091
S31580E389401B000000200000000A0000001300000066
S31580E38950160000001C0000001F000000210000003C
S31580E3896014000000150000001D0000001E0000003A
S31580E389702200000023000000000000000100000048
S31580E3898005000000060000000E0000000F00000056
S31580E389901B00000002000000040000000700000046
S31580E389A00D000000100000001A0000001C0000000B
S31580E389B003000000080000000C0000001100000026
S31580E389C0190000001D0000002600000009000000D9
S31580E389D00B00000012000000180000001E000000DB
S31580E389E025000000270000000A00000013000000B5
S31580E389F0170000001F00000024000000280000008C
S31580E38A002D00000014000000160000002000000086
S31580E38A1023000000290000002C0000002E00000047
S31580E38A201500000021000000220000002A0000005B
S31580E38A302B0000002F00000030000000CCE4E38030
S31580E38A40D7E4E380EBE4E38002E5E3800EE5E380CD
S31580E38A5015E5E38024E5E3802FE5E3803CE5E380E9
S31580E38A6046E5E38050E5E3805BE5E38066E5E38026
S31580E38A700000122000801220BF10E48001661F00F0
S31580E38A8000000000008000000400000002000000F7
S31580E38A9000000000C910E48004661F0000000000A7
S31580E38AA00000010008000000020000000000000052
S31580E38AB0D310E48001441F000000000000000100A1
S31580E38AC0080000000200000000000000DE10E480E1
S31580E38AD000481F0000000000000001008000000045
S31580E38AE00200000000000000E810E48000041F009C
S31580E38AF00000000000000100080000000200000002
S31580E38B0000000000F110E48001451F000000000032
S31580E38B1000000100100000000200000000000000D9
S31580E38B20FC10E48001461F00000000000000010005
S31580E38B302000000002000000000000000711E4802E
S31580E38B4001471F0000000000000001004000000014
S31580E38B5002000000000000001111E4801620C2002C
S31580E38B600000000000000100400000002200000039
S31580E38B70000000001C11E4801720C2000000000002
S31580E38B800000010080000000A20800000000000051
S31580E38B902411E4801820C2000000000000000100D8
S31580E38BA000010000A2080000000000002D11E4800F
S31580E38BB01826C2000000000000000100000100004A
S31580E38BC022000000000000003911E4801920C20071
S31580E38BD00000000000000100000200000200000027
S31580E38BE0000000004511E48012020100000000004D
S31580E38BF00000010008000000020000000000000001
S31580E38C004F11E48013020100000000000000010020
S31580E38C101000000002000000000000005911E4800B
S31580E38C2014020100000000000000010020000000A3
S31580E38C3002000000000000006311E48015020100D9
S31580E38C400000000000000100400000000200000078
S31580E38C50000000006D11E4801602010000000000B0
S31580E38C600000010080000000020000000000000018
S31580E38C707711E4801820010000030000000004005F
S31580E38C804000000002000000000000008211E48042
S31580E38C90182001000103000000000100000100002C
S31580E38CA002000000000000008D11E480182001001E
S31580E38CB0004D0000000004004000000002000000B8
S31580E38CC0000000009811E48018200100014D0000A7
S31580E38CD00000010000010000020000000000000027
S31580E38CE0A311E4808D25BF00000000000000010091
S31580E38CF0080000000200000000000000AF11E480DD
S31580E38D008E25BF0000000000000001001000000077
S31580E38D100200000000000000BB11E4804125BF0093
S31580E38D2000000000000001002000000002000000B7
S31580E38D3000000000C711E4804A25BF000000000060
S31580E38D400000010040000000020000000000000077
S31580E38D50D311E4800125BF0000000000000001007C
S31580E38D60010000000200000000000000DE11E48044
S31580E38D700225BF00000000000000010002000000A1
S31580E38D800200000000000000E911E4800325BF0033
S31580E38D900000000000000100040000000200000063
S31580E38DA000000000F411E4800425BF000000000009
S31580E38DB0000001000800000002000000000000003F
S31580E38DC0FF11E480102020000000000000800000F6
S31580E38DD00200000002000000000000000612E480AA
S31580E38DE01120200000000000008000000400000045
S31580E38DF002000000000000000D12E4801220200033
S31580E38E0000000000000001000400000002000000F2
S31580E38E10000000001412E48013202000000000000C
S31580E38E2000000100080000000200000000000000CE
S31580E38E301B12E48000000000000000000000010037
S31580E38E401000000002000000000000002212E4800F
S31580E38E501520200000000000000001002000000033
S31580E38E6002000000000000002912E48016202000A2
S31580E38E700000000000000100400000000200000046
S31580E38E80000000003012E48017202000000000007C
S31580E38E9000000100800000000200000000000000E6
S31580E38EA03712E48018202000000000000000040050
S31580E38EB04000000002000000000000003F12E48052
S31580E38EC011402000000000000000010002000000C5
S31580E38ED002000000000000004712E48014402000F6
S31580E38EE00000000000000100100000000200000006
S31580E38EF0000000004F12E4801540200000000000CF
S31580E38F0000000100200000000200000000000000D5
S31580E38F105712E48014802000000000000000010066
S31580E38F201000000002000000000000005F12E480F1
S31580E38F3015802000000000000000010020000000F2
S31580E38F4002000000000000006712E4801130EF00A9
S31580E38F5000000000000001000200000002000000A3
S31580E38F60000000006E12E4801230EF000000000083
S31580E38F700000010004000000020000000000000081
S31580E38F807512E4801330EF0000000000000001005A
S31580E38F900800000002000000000000007C12E4806C
S31580E38FA01430EF0000000000000001001000000014
S31580E38FB002000000000000008312E4801530EF0019
S31580E38FC00000000000000100200000000200000015
S31580E38FD0000000008A12E4801630EF0000000000F3
S31580E38FE000000100400000000200000000000000D5
S31580E38FF09112E4801730EF000000000000000100CA
S31580E390008000000002000000000000009812E48067
S31580E390101740EF0000000000000001008000000020
S31580E39020A238000000000000A112E4801640EF00A1
S31580E39030000000000000010080000000A23800006C
S31580E3904000000000AA12E4801840EF000000000050
S31580E390500000010000010000A238000000000000CB
S31580E39060B212E4801940EF00000000000000010026
S31580E39070000200000230010000000000BA12E48022
S31580E390801740C800000000000000010080000000D7
S31580E390908218000000000000C312E4801740C80075
S31580E390A0000000000000010080000000823800001C
S31580E390B053000000CC12E4801840C8000000000092
S31580E390C0000001000001000082180000000000009B
S31580E390D0D512E4801940C8000000000000000100BA
S31580E390E0000200008238010000000000DE12E48006
S31580E390F017702000000000000000010080000000DF
S31580E39100F218020000000000E812E48018702000E4
S31580E39110000000000000010000010000F2180200D8
S31580E3912000000000F312E48017701C0000000000CA
S31580E391300000010080000000F21802000000000039
S31580E39140FC12E480174020000000000000000100CC
S31580E3915080000000A2180200000000000613E480ED
S31580E39160184020000000000000000100000100001C
S31580E39170A2180000000000001113E48019402000CB
S31580E3918000000000000001000002000082180100D8
S31580E39190000000001C13E480174068000000000014
S31580E391A00000010080000000F218000000000000CB
S31580E391B02913E480184068000000000000000100E5
S31580E391C000010000F2180000000000003713E4807D
S31580E391D01740A100000000000000010080000000AD
S31580E391E0F2180000000000003F13E4801840A1005D
S31580E391F0000000000000010000010000F2180000FA
S31580E39200000000004813E4801732F80000000000F5
S31580E392100000010080000000F2180000000000005A
S31580E392205413E48016405E00000000000000010055
S31580E3923040000000F2180000000000005D13E480A7
S31580E3924017405E000000000000000100800000007F
S31580E39250F2180000000000006613E48018405E0008
S31580E39260000000000000010000010000F218000089
S31580E39270000000007013E48017400B00000000003C
S31580E392800000010080000000F218000000000000EA
S31580E392907913E48018400B00000000000000010011
S31580E392A000010000F2180000000000008313E48050
S31580E392B01722520000000000000001008000000039
S31580E392C082380000000000008E13E48018215200EB
S31580E392D00000000000000100000100008238000069
S31580E392E0000000009A13E48016701C000000000062
S31580E392F000000100400000000200000000000000C2
S31580E393009F13E48017401C0000000000000001006A
S31580E39310800000008238000000000000A813E4808B
S31580E3932018401C000000000000000100000100005E
S31580E393308238000000000000B213E4801740D800B2
S31580E39340000000000000010080000000F218000029
S31580E3935000000000BB13E4801840D8000000000042
S31580E393600000010000010000F21800000000000088
S31580E39370C513E4801720850000000000000001008B
S31580E3938080000000F218000000000000CF13E480A4
S31580E3939018208500000000000000010000010000A5
S31580E393A0F218000000000000DFD0E3805BEBE3808F
S31580E393B0D9D0E380D4D0E380000000000000000031
S31580E393C07BFDE3800100000088FDE3808EFDE38082
S31580E393D00200000094FDE38098FDE3800300000033
S31580E393E0A2FDE3809CFDE38004000000A6FDE3800C
S31580E393F0ABFDE3800C000000B0FDE380B5FDE380C8
S31580E394000E000000BAFDE380C5FDE38005000000A1
S31580E39410D0FDE380D5FDE38006000000DAFDE3803E
S31580E39420E1FDE3800F000000EDFDE380F3FDE380E3
S31580E3943007000000FBFDE38003FEE38007000000F6
S31580E394400BFEE38003FEE380080000000FFEE3806B
S31580E3945014FEE3800900000030F1E3801DFEE38023
S31580E394600A00000024FEE3802AFEE3800B0000006E
S31580E3947030FEE38038FEE3801000000045FEE380A3
S31580E394804EFEE3801100000057FEE3805DFEE3803D
S31580E394901400000063FEE38069FEE38015000000AC
S31580E394A06FFEE38074FEE3801300000082FEE380B8
S31580E394B08AFEE380FFFFFFFF7C35E4807C35E48032
S31580E394C00000000005FBE3800AFBE3800200000066
S31580E394D017FBE3801DFBE380010000002EFBE380A6
S31580E394E033FBE3800300000043FBE38048FBE38038
S31580E394F00400000058FBE3805CFBE380FFFFFFFF93
S31580E395007C35E4807C35E4800000000000000000C8
S31580E3951022FDE380050000002DFDE38033FDE3803B
S31580E395200200000039FDE38040FDE3801600000081
S31580E3953047FDE3804BFDE3801700000054FDE380A5
S31580E395405AFDE3801200000061FDE38067FDE3805E
S31580E39550110000006DFDE38074FDE380FFFFFFFFF4
S31580E395607C35E4807C35E4800D0000006BFBE38092
S31580E3957074FBE38007000000A7E4E38086FBE380D7
S31580E395800500000097FBE380A0FBE3800800000072
S31580E39590A9FBE380B1FBE38002000000C2FBE3802A
S31580E395A0C9FBE3800E000000D6FBE380E4FBE380A7
S31580E395B00900000003FCE3800CFCE3800A00000062
S31580E395C020FCE38029FCE38000000000000000002B
S31580E395D043FCE3800400000051FCE38057FCE38016
S31580E395E00C00000068FCE38072FCE3800F0000005F
S31580E395F089FCE38092FCE380030000009EC2E38063
S31580E39600ABFCE38006000000B9FCE380C0FCE380AA
S31580E3961001000000C7FCE380D2FCE3800B0000007E
S31580E39620E5FCE380EEFCE3801000000000FDE380D0
S31580E3963009FDE380FFFFFFFF7C35E4807C35E48032
S31580E396400800000004000000010000000040C55847
S31580E396509F53424B00404932A322A811C558217B30
S31580E39660FC736268C558BF450B307E189F53FC7305
S31580E39670416D54629F53B341412D1217424B626849
S31580E3968054627E58424B213BBA28C3140040C558E6
S31580E396909F53424B00404932A322A8114932BF452A
S31580E396A0B341213B49328227371BE00DA3220B309E
S31580E396B0412DBA28A322371BBF128E09A8117E1823
S31580E396C01217C314A811E00D8E09DF046D7464705C
S31580E396D0617274733D6D746470617274733D73709B
S31580E396E069302E303A3232304B403078302855422A
S31580E396F04F4F54292C344B40307833373030302831
S31580E39700454E56292C344B40307833383030302828
S31580E39710454E56424B292C36344B403078333930DC
S31580E39720303028445442292C313630304B4030781F
S31580E397303439303030284B45524E454C292C333022
S31580E39740304B403078314439303030284C4F474FB6
S31580E39750292C313936304B40307832323430303020
S31580E3976028524F4F544653292C3330304B40307870
S31580E3977034304530303028434F4E464947292C33E1
S31580E397803734304B403078343539303030284150B7
S31580E3979050290000000000000000000000000000E7
S31580E397A0000000000001FFFFFFFFFFFFFFFFFF0454
S31580E397B0FFFFFFFFFFFFFEFFFFFF02616B33395FB2
S31580E397C0736F66745F7265736574006664745F66EF
S31580E397D0697875705F6D656D6F72795F62616E6B67
S31580E397E073006E6574626F6F745F636F6D6D6F6EBA
S31580E397F000646F5F6D656D5F6D7700736176656538
S31580E398006E76007365745F64656661756C745F65B7
S31580E398106E7600656E765F696D706F7274006D6FDC
S31580E39820645F6D656D00646F5F6D6D636F7073000C
S31580E398307370695F6765745F64657600646F5F659F
S31580E398406E765F6578706F727400646F5F656E764F
S31580E398505F696D706F727400616B5F7370695F7758
S31580E39860726974655F696E7465726E616C00616B53
S31580E398705F7370695F726561645F696E7465726EEA
S31580E39880616C00616B5F7370695F777269746500A1
S31580E398906A7065675F6465636F6465006D6D635F5A
S31580E398A073746172745F696E69740073645F7570F3
S31580E398B067726164655F66696C655F7061727474B3
S31580E398C0696F6E7300726561645F6C6F676F5F6407
S31580E398D061746100696D6167655F73657475705FF7
S31580E398E06C696266647400706172746974696F6EC0
S31580E398F05F737472696E675F7061727365007061BE
S31580E3990072746974696F6E735F6D74647061727417
S31580E39910735F706172736500757067726164655FAA
S31580E39920706172746974696F6E735F757064617404
S31580E399306500646F5F73645F757067726164650009
S31580E399406D746470617274735F696E697400726555
S31580E3995061645F6474625F6461746100616B5F6DAF
S31580E399606D635F73645F73797374656D5F636C6BEB
S31580E3997000616B5F6D6D635F626F6172645F696E79
S31580E39980697400616B5F6D6D635F726561645F646B
S31580E3999061746100616B5F6D6D635F777269746536
S31580E399A05F6461746100616B5F6D6D635F73657442
S31580E399B05F696F73000808080808080808082828FC
S31580E399C0282828080808080808080808080808084E
S31580E399D00808080808A010101010101010101010B6
S31580E399E01010101010040404040404040404041086
S31580E399F01010101010104141414141410101010114
S31580E39A0001010101010101010101010101010101DD
S31580E39A1010101010101042424242424202020202E9
S31580E39A2002020202020202020202020202020202AD
S31580E39A301010101008000000000000000000000075
S31580E39A4000000000000000000000000000000000AD
S31580E39A500000000000A0101010101010101010105D
S31580E39A60101010101010101010101010101010108D
S31580E39A701010101010010101010101010101010122
S31580E39A80010101010101010101010101100101014E
S31580E39A900101010102020202020202020202020241
S31580E39AA0020202020202020202020202100202021F
S31580E39AB0020202020200C030F00CCC3CFC03C3334A
S31580E39AC0F30FCF3FFF8040B0708C4CBC7C8343B3B5
S31580E39AD0738F4FBF7F20E010D02CEC1CDC23E31385
S31580E39AE0D32FEF1FDFA0609050AC6C9C5CA3639395
S31580E39AF053AF6F9F5F08C838F804C434F40BCB3B8D
S31580E39B00FB07C737F78848B8788444B4748B4BBB74
S31580E39B107B8747B77728E818D824E414D42BEB1B44
S31580E39B20DB27E717D7A8689858A4649454AB6B9B54
S31580E39B305BA767975702C232F20ECE3EFE01C13172
S31580E39B40F10DCD3DFD8242B2728E4EBE7E8141B134
S31580E39B50718D4DBD7D22E212D22EEE1EDE21E11104
S31580E39B60D12DED1DDDA2629252AE6E9E5EA1619114
S31580E39B7051AD6D9D5D0ACA3AFA06C636F609C9390C
S31580E39B80F905C535F58A4ABA7A8646B6768949B9F4
S31580E39B90798545B5752AEA1ADA26E616D629E919C4
S31580E39BA0D925E515D5AA6A9A5AA6669656A96999D4
S31580E39BB059A56595550000000000000000000000EF
S31580E39BC000000000000000000808080808080800F4
S31580E39BD0000808000000482424120000000000006A
S31580E39BE000000000000000004848487E2424247ECC
S31580E39BF024242400000000103C5252121C305050A2
S31580E39C0052523C1010000000222515150D2A585497
S31580E39C1054522200000000000C1212120A76252903
S31580E39C2019916E00000006040402000000000000A3
S31580E39C30000000000000402010100808080808080B
S31580E39C4010102040000002040808101010101010B5
S31580E39C5008080402000000000008086B1C1C6B085F
S31580E39C6008000000000000000000101010FE101035
S31580E39C70100000000000000000000000000000006B
S31580E39C80000604040200000000000000007E0000DD
S31580E39C90000000000000000000000000000000005B
S31580E39CA00006060000000040202020101008080867
S31580E39CB00404020200000000182442424242424267
S31580E39CC04224180000000000101C10101010101021
S31580E39CD010107C00000000003C4242424020100805
S31580E39CE004427E00000000003C42424020182040AF
S31580E39CF042423C000000000020303028242422FE2B
S31580E39D002020F800000000007E0202021E2240406E
S31580E39D1042221C0000000000182402023A46424216
S31580E39D2042443800000000007E42202010100808DC
S31580E39D3008080800000000003C42424224182442FE
S31580E39D4042423C00000000001C22424242625C40E8
S31580E39D5040241800000000000000001818000000EE
S31580E39D600018180000000000000000000800000052
S31580E39D7000000808080000004020100804020408D8
S31580E39D8010204000000000000000007E00007E00FE
S31580E39D9000000000000000000204081020402010AC
S31580E39DA008040200000000003C42424620101010E6
S31580E39DB000181800000000001C225A5555555555C9
S31580E39DC03A423C00000000000808181414243C22A0
S31580E39DD04242E700000000001F2222221E22424266
S31580E39DE042221F00000000007C4242010101010182
S31580E39DF042221C00000000001F22424242424242AD
S31580E39E0042221F00000000003F4212121E1212027D
S31580E39E1042423F00000000003F4212121E1212022D
S31580E39E2002020700000000003C22220101017121A9
S31580E39E3022221C0000000000E7424242427E424268
S31580E39E404242E700000000003E08080808080808C8
S31580E39E5008083E00000000007C101010101010105F
S31580E39E60101010110F0000007722120A0E0A121248
S31580E39E7022227700000000000702020202020202A9
S31580E39E8002427F00000000007736363636362A2ACD
S31580E39E902A2A6B0000000000E346464A4A525252A1
S31580E39EA062624700000000001C224141414141417A
S31580E39EB041221C00000000003F424242423E020231
S31580E39EC002020700000000001C224141414141415A
S31580E39ED04D321C60000000003F4242423E12122295
S31580E39EE02242C700000000007C4242020418204060
S31580E39EF042423E00000000007F490808080808083F
S31580E39F0008081C0000000000E74242424242424207
S31580E39F1042423C0000000000E7424222242414141B
S31580E39F2018080800000000006B2A2A2A2A2A361419
S31580E39F301414140000000000E7422424181818249F
S31580E39F402442E70000000000772222141408080860
S31580E39F5008081C00000000007E212010100804047D
S31580E39F6042423F0000007808080808080808080805
S31580E39F7008080878000000020404040808081010A2
S31580E39F802020204040001E101010101010101010DA
S31580E39F901010101E000018240000000000000000CE
S31580E39FA00000000000000000000000000000000048
S31580E39FB000000000FF00060800000000000000002B
S31580E39FC00000000000000000000000001C22302C8E
S31580E39FD022326C0000000000000302021A2642428D
S31580E39FE042261A0000000000000000003844020206
S31580E39FF00244380000000000006040407C42424258
S31580E3A0004262DC0000000000000000003C42427E29
S31580E3A01002423C0000000000003048083E08080881
S31580E3A02008083E0000000000000000007C22221C9D
S31580E3A030023C42423C000000000302023A464242AE
S31580E3A0404242E700000000000C0C00000E080808FE
S31580E3A05008083E0000000000303000003820202051
S31580E3A060202020221E0000000003020272120A0E44
S31580E3A0701222770000000000080E08080808080886
S31580E3A08008083E0000000000000000007F929292E4
S31580E3A0909292B70000000000000000003B46424277
S31580E3A0A04242E70000000000000000003C424242DA
S31580E3A0B042423C0000000000000000001B264242B2
S31580E3A0C042261A020700000000000000586442425C
S31580E3A0D042645840E000000000000000774C04042E
S31580E3A0E004041F0000000000000000007C42023CE4
S31580E3A0F040423E0000000000000008083E080808D1
S31580E3A100084830000000000000000000634242423D
S31580E3A1104262DC0000000000000000007722221487
S31580E3A120140808000000000000000000DB91525A8A
S31580E3A1302A24240000000000000000006E24181882
S31580E3A140182476000000000000000000E742242483
S31580E3A1501818080806000000000000007E22100898
S31580E3A16008447E000000C0202020202020102020EC
S31580E3A170202020C0001010101010101010101010A6
S31580E3A18010101010100003040404040404080404EB
S31580E3A1900404040300045A200000000000000000C9
S31580E3A1A00000000000626F6F74617267733D636FD6
S31580E3A1B06E736F6C653D74747953414B302C3131DA
S31580E3A1C0353230306E3820726F6F743D2F6465762A
S31580E3A1D02F6D7464626C6F636B3420726F6F746619
S31580E3A1E073747970653D7961666666733220696EEC
S31580E3A1F069743D2F7362696E2F696E6974206D652C
S31580E3A2006D3D36344D206D656D73697A653D3634C3
S31580E3A2104D00626F6F7464656C61793D3100626194
S31580E3A2207564726174653D31313532303000697001
S31580E3A230616464723D3139322E3136382E312E39AE
S31580E3A240390073657276657269703D3139322E31C4
S31580E3A25036382E312E31006E65746D61736B3D3207
S31580E3A26035352E3235352E3235352E30006D656DEA
S31580E3A2703D6D656D3D36344D006D656D73697A650B
S31580E3A2803D6D656D73697A653D36344D006D7464F5
S31580E3A2905F726F6F743D2F6465762F6D7464626C45
S31580E3A2A06F636B3600726F6F746673747970653D36
S31580E3A2B073717561736866730073665F687A3D3838
S31580E3A2C03030303030303000666474636F6E747271
S31580E3A2D06F6C616464723D3078383133303030305E
S31580E3A2E030006D746470617274733D6D7464706113
S31580E3A2F07274733D737069302E303A3232304B402C
S31580E3A3003078302855424F4F54292C344B4030789F
S31580E3A310333730303028454E56292C344B4030780D
S31580E3A320333830303028454E56424B292C36344B21
S31580E3A330403078333930303028445442292C313612
S31580E3A34030304B4030783439303030284B45524EBC
S31580E3A350454C292C3330304B4030783144393030DA
S31580E3A36030284C4F474F292C313936304B403078A3
S31580E3A37032323430303028524F4F544653292C33BF
S31580E3A38030304B40307834304530303028434F4E90
S31580E3A390464947292C333734304B40307834353986
S31580E3A3A0303030284150502900615F75626F6F7499
S31580E3A3B05F666C6167733D307830006B65726E659E
S31580E3A3C06C5F6F66667365743D3078306B65726E0D
S31580E3A3D0656C5F616464723D307830006B65726E84
S31580E3A3E0656C5F73697A653D307830006474625F6B
S31580E3A3F06F66667365743D307830006474625F734C
S31580E3A400697A653D307830006474625F6164647252
S31580E3A4103D307830006C6F6164616464723D30789E
S31580E3A4203830303038303030006664745F6869675E
S31580E3A430683D3078464646464646464600636F6EF6
S31580E3A440736F6C653D74747953414B302C31313580
S31580E3A4503230306E3800657468616464723D3030E2
S31580E3A4603A35353A37623A62353A37643A6637008F
S31580E3A470696E69743D2F7362696E2F696E697400C4
S31580E3A480626F6F74617267733D636F6E736F6C65D2
S31580E3A4903D74747953414B302C3131353230306EE3
S31580E3A4A03820726F6F743D247B6D74645F726F6F57
S31580E3A4B0747D20726F6F746673747970653D247BE7
S31580E3A4C0726F6F746673747970657D20696E697473
S31580E3A4D03D247B696E69747D2000726561645F6B80
S31580E3A4E065726E656C3D73662070726F626520304F
S31580E3A4F03A3020247B73665F687A7D20303B207315
S31580E3A50066207265616420247B6C6F616461646438
S31580E3A510727D20247B6B65726E656C5F6F66667396
S31580E3A52065747D20247B6B65726E656C5F73697A77
S31580E3A530657D00726561645F6474623D73662070F5
S31580E3A540726F626520303A3020247B73665F687A67
S31580E3A5507D20303B207366207265616420247B66B0
S31580E3A5606474636F6E74726F6C616464727D20244D
S31580E3A5707B6474625F616464727D20247B6474624D
S31580E3A5805F73697A657D3B66647420616464722077
S31580E3A590247B666474636F6E74726F6C61646472D9
S31580E3A5A07D00626F6F745F6E6F726D616C3D656E19
S31580E3A5B0762073657420626F6F746172677320634C
S31580E3A5C06F6E736F6C653D74747953414B302C3188
S31580E3A5D031353230306E3820726F6F743D247B6D47
S31580E3A5E074645F726F6F747D20726F6F7466737459
S31580E3A5F07970653D247B726F6F7466737479706569
S31580E3A6007D20696E69743D247B696E69747D20243F
S31580E3A6107B6D746470617274737D20247B6D656D6C
S31580E3A6207D20247B6D656D73697A657D3B207275CC
S31580E3A6306E20726561645F6B65726E656C3B2062EA
S31580E3A6406F6F746D20247B6C6F6164616464727D6B
S31580E3A650202D20247B666474636F6E74726F6C61E5
S31580E3A6606464727D00626F6F74636D643D72756E50
S31580E3A67020626F6F745F6E6F726D616C007672616C
S31580E3A6806D3D31324D0000002C20003031323334C1
S31580E3A690353637383941424344454661726F630004
S31580E3A6A073647862696D0008200800303132333490
S31580E3A6B0353637383961626364656600FFD90000F1
S31580E3A6C0455054474D4B4255473A206661696C7510
S31580E3A6D072652061742025733A25642F25732829B2
S31580E3A6E0210A00616B5F6D6F64756C655F7265737C
S31580E3A6F065742E6300425547210064656661756C17
S31580E3A700745F69737228293A202063616C6C65648F
S31580E3A71020666F72204952512025642C20496E743D
S31580E3A72065727275707420537461747573205052B8
S31580E3A7300A000A0A25730A0A006261756472617403
S31580E3A74065004452414D3A2020006C6F61642D656B
S31580E3A7506E7669726F6E6D656E74002A2A2A20663C
S31580E3A76061696C6564202A2A2A0A006C6F61642019
S31580E3A7707365745F64656661756C745F656E760A2E
S31580E3A780006D7464706172747300666474636F6E73
S31580E3A79074726F6C6164647200726561645F647421
S31580E3A7A0625F64617461206572726F722E67642D75
S31580E3A7B03E6664745F626C6F623A307825780A002D
S31580E3A7C04E65743A202020002866616B6520727599
S31580E3A7D06E20666F722074726163696E6729006D9D
S31580E3A7E06163686964005573696E67206D61636848
S31580E3A7F06964203078256C782066726F6D20656E8B
S31580E3A8007669726F6E6D656E740A000A537461724F
S31580E3A81074696E67206B65726E656C202E2E2E25AD
S31580E3A820730A0A00626F6F74617267730075736986
S31580E3A8306E673A204644540A004644542063726560
S31580E3A8406174696F6E206661696C656421206861F5
S31580E3A8506E67696E672E2E2E005265736574746912
S31580E3A8606E6720435055202E2E2E0A006F666600B3
S31580E3A8707063203A205B3C2530386C783E5D092056
S31580E3A88020206C72203A205B3C2530386C783E5D24
S31580E3A8900A7370203A202530386C7820206970203E
S31580E3A8A03A202530386C7809206670203A202530A6
S31580E3A8B0386C780A007231303A202530386C78204B
S31580E3A8C0207239203A202530386C78092072382076
S31580E3A8D03A202530386C780A007237203A202530C2
S31580E3A8E0386C7820207236203A202530386C780907
S31580E3A8F0207235203A202530386C78202072342037
S31580E3A9003A202530386C780A007233203A20253095
S31580E3A910386C7820207232203A202530386C7809DA
S31580E3A920207231203A202530386C7820207230200E
S31580E3A9303A202530386C780A00466C6167733A2092
S31580E3A94025632563256325630020204952517320BF
S31580E3A950257320204649517320257320204D6F644B
S31580E3A9606520257325730A00756E646566696E6571
S31580E3A9706420696E737472756374696F6E0A0073AB
S31580E3A9806F66747761726520696E746572727570CD
S31580E3A990740A0070726566657463682061626F72BB
S31580E3A9A0740A00646174612061626F72740A0A20BA
S31580E3A9B02020204D4159424520796F752073686F79
S31580E3A9C0756C64207265616420646F632F524541C0
S31580E3A9D0444D452E61726D2D756E616C69676E654A
S31580E3A9E0642D61636365737365730A0A006E6F74BE
S31580E3A9F020757365640A006661737420696E746595
S31580E3AA00727275707420726571756573740A005518
S31580E3AA105345525F3236004649515F3236004952DA
S31580E3AA20515F3236005356435F323600554B345FBF
S31580E3AA30323600554B355F323600554B365F32360C
S31580E3AA4000554B375F323600554B385F323600550B
S31580E3AA504B395F323600554B31305F323600554BDA
S31580E3AA6031315F323600554B31325F323600554BEA
S31580E3AA7031335F323600554B31345F323600554BD6
S31580E3AA8031355F323600555345525F33320046499E
S31580E3AA90515F3332004952515F3332005356435F3D
S31580E3AAA0333200554B345F333200554B355F3332A7
S31580E3AAB000554B365F3332004142545F33320055A3
S31580E3AAC04B385F333200554B395F333200554B3168
S31580E3AAD0305F333200554E445F333200554B31326B
S31580E3AAE05F333200554B31335F333200554B31346C
S31580E3AAF05F3332005359535F333200726573657443
S31580E3AB0074696E67202E2E2E0A005B25733A2564C0
S31580E3AB105D20726561642068656164206661696C45
S31580E3AB2065640A004C5345002D2D2D2D2D2D2D2D9D
S31580E3AB302D2D2D2D2D2D2D2D2D2D2D2D2D20212101
S31580E3AB40212125732025642C20436865636B204887
S31580E3AB506572652021212121202D2D2D2D2D2D2D51
S31580E3AB602D2D2D2D2D2D2D2D2D2D2D2D2D2D2D2DAC
S31580E3AB702D2D2D2D2D2D0A00426F677573206D6562
S31580E3AB80737361676520636F646520256400414C58
S31580E3AB9049474E5F545950452069732077726F6EEB
S31580E3ABA0672C20706C6561736520666978004D411A
S31580E3ABB0585F414C4C4F435F4348554E4B20697336
S31580E3ABC02077726F6E672C20706C65617365206683
S31580E3ABD0697800426F677573206275666665722071
S31580E3ABE0636F6E74726F6C206D6F646500496E7609
S31580E3ABF0616C696420636F6D706F6E656E742049F6
S31580E3AC004420256420696E20534F5300496E766154
S31580E3AC106C69642063726F70207265717565737495
S31580E3AC200044435420636F656666696369656E7441
S31580E3AC30206F7574206F662072616E67650044438A
S31580E3AC4054207363616C656420626C6F636B2073FD
S31580E3AC50697A65202564782564206E6F7420737520
S31580E3AC6070706F7274656400436F6D706F6E656E3E
S31580E3AC707420696E6465782025643A206D69736D06
S31580E3AC8061746368696E672073616D706C696E6702
S31580E3AC9020726174696F2025643A25642C202564CB
S31580E3ACA03A25642C20256300426F677573204875C7
S31580E3ACB066666D616E207461626C65206465666943
S31580E3ACC06E6974696F6E00426F67757320696E7023
S31580E3ACD0757420636F6C6F72737061636500426F26
S31580E3ACE0677573204A50454720636F6C6F72737044
S31580E3ACF061636500426F677573206D61726B657220
S31580E3AD00206C656E6774680057726F6E67204A5071
S31580E3AD104547206C696272617279207665727369E0
S31580E3AD206F6E3A206C69627261727920697320254D
S31580E3AD30642C2063616C6C657220657870656374DE
S31580E3AD40732025640053616D706C696E672066615C
S31580E3AD5063746F727320746F6F206C6172676520A2
S31580E3AD60666F7220696E7465726C65617665642060
S31580E3AD707363616E00496E76616C6964206D656D9F
S31580E3AD806F727920706F6F6C20636F6465202564C2
S31580E3AD9000556E737570706F72746564204A5045A2
S31580E3ADA047206461746120707265636973696F6E4D
S31580E3ADB020256400496E76616C69642070726F67E2
S31580E3ADC07265737369766520706172616D657465AA
S31580E3ADD072732053733D25642053653D256420417A
S31580E3ADE0683D256420416C3D256400496E76616C3F
S31580E3ADF069642070726F67726573736976652070B4
S31580E3AE006172616D657465727320617420736361C9
S31580E3AE106E2073637269707420656E74727920250F
S31580E3AE206400426F6775732073616D706C696E67DA
S31580E3AE3020666163746F727300496E76616C6964D0
S31580E3AE40207363616E20736372697074206174200A
S31580E3AE50656E74727920256400496D70726F7065D2
S31580E3AE60722063616C6C20746F204A504547206C76
S31580E3AE7069627261727920696E2073746174652088
S31580E3AE802564004A50454720706172616D6574653B
S31580E3AE907220737472756374206D69736D61746304
S31580E3AEA0683A206C696272617279207468696E6B44
S31580E3AEB0732073697A652069732025752C20636115
S31580E3AEC06C6C657220657870656374732025750094
S31580E3AED0426F677573207669727475616C206172EF
S31580E3AEE07261792061636365737300427566666533
S31580E3AEF0722070617373656420746F204A5045478E
S31580E3AF00206C69627261727920697320746F6F2035
S31580E3AF10736D616C6C0053757370656E73696F6E78
S31580E3AF20206E6F7420616C6C6F77656420686572E0
S31580E3AF306500434349523630312073616D706C69E5
S31580E3AF406E67206E6F7420696D706C656D656E7467
S31580E3AF5065642079657400546F6F206D616E792026
S31580E3AF60636F6C6F7220636F6D706F6E656E7473F3
S31580E3AF703A2025642C206D617820256400556E7314
S31580E3AF807570706F7274656420636F6C6F72206323
S31580E3AF906F6E76657273696F6E20726571756573B0
S31580E3AFA07400426F6775732044414320696E64651C
S31580E3AFB07820256400426F67757320444143207689
S31580E3AFC0616C7565203078257800426F67757320EC
S31580E3AFD044485420696E64657820256400426F672F
S31580E3AFE075732044515420696E6465782025640026
S31580E3AFF0456D707479204A50454720696D61676570
S31580E3B0002028444E4C206E6F7420737570706F7277
S31580E3B0107465642900526561642066726F6D2045AC
S31580E3B0204D53206661696C65640057726974652067
S31580E3B030746F20454D53206661696C65640044698D
S31580E3B040646E277420657870656374206D6F7265AE
S31580E3B050207468616E206F6E65207363616E00494C
S31580E3B0606E7075742066696C6520726561642065AF
S31580E3B07072726F72004F75747075742066696C6551
S31580E3B080207772697465206572726F72202D2D2D1B
S31580E3B090206F7574206F66206469736B20737061AB
S31580E3B0A063653F004672616374696F6E616C20739A
S31580E3B0B0616D706C696E67206E6F7420696D706CFC
S31580E3B0C0656D656E7465642079657400487566663A
S31580E3B0D06D616E20636F64652073697A6520746140
S31580E3B0E0626C65206F766572666C6F77004D697307
S31580E3B0F073696E6720487566666D616E20636F64FB
S31580E3B10065207461626C6520656E747279004D6149
S31580E3B11078696D756D20737570706F727465642070
S31580E3B120696D6167652064696D656E73696F6E20AD
S31580E3B130697320257520706978656C7300456D7039
S31580E3B140747920696E7075742066696C65005072D7
S31580E3B150656D617475726520656E64206F662069BE
S31580E3B1606E7075742066696C650043616E6E6F748C
S31580E3B170207472616E73636F646520647565207491
S31580E3B1806F206D756C7469706C6520757365206F5F
S31580E3B19066207175616E74697A6174696F6E207405
S31580E3B1A061626C65202564005363616E207363720C
S31580E3B1B069707420646F6573206E6F742074726136
S31580E3B1C06E736D697420616C6C206461746100498F
S31580E3B1D06E76616C696420636F6C6F7220717561E2
S31580E3B1E06E74697A6174696F6E206D6F64652063CE
S31580E3B1F068616E6765004E6F7420696D706C656D0E
S31580E3B200656E7465642079657400526571756573DE
S31580E3B21074656420666561747572652077617320F1
S31580E3B2206F6D697474656420617420636F6D706992
S31580E3B2306C652074696D650041726974686D6574C7
S31580E3B2406963207461626C652030782530327820BA
S31580E3B250776173206E6F7420646566696E656400DA
S31580E3B2604261636B696E672073746F7265206E6F7C
S31580E3B2707420737570706F72746564004875666662
S31580E3B2806D616E207461626C65203078253032782A
S31580E3B29020776173206E6F7420646566696E65647A
S31580E3B2A0004A504547206461746173747265616DC9
S31580E3B2B020636F6E7461696E73206E6F20696D6152
S31580E3B2C06765005175616E74697A6174696F6E2022
S31580E3B2D07461626C652030782530327820776173CB
S31580E3B2E0206E6F7420646566696E6564004E6F7464
S31580E3B2F02061204A5045472066696C653A2073741D
S31580E3B3006172747320776974682030782530327877
S31580E3B3102030782530327800496E737566666963C6
S31580E3B32069656E74206D656D6F72792028636173CC
S31580E3B33065202564290043616E6E6F7420717561A3
S31580E3B3406E74697A65206D6F7265207468616E20AC
S31580E3B350256420636F6C6F7220636F6D706F6E65AB
S31580E3B3606E74730043616E6E6F74207175616E7473
S31580E3B370697A6520746F2066657765722074686183
S31580E3B3806E20256420636F6C6F72730043616E6E0B
S31580E3B3906F74207175616E74697A6520746F206D40
S31580E3B3A06F7265207468616E20256420636F6C6FAD
S31580E3B3B0727300496E76616C6964204A5045472012
S31580E3B3C066696C65207374727563747572653A2009
S31580E3B3D02573206265666F726520534F4600496E1A
S31580E3B3E076616C6964204A5045472066696C6520BE
S31580E3B3F07374727563747572653A2074776F2053CC
S31580E3B4004F46206D61726B65727300496E76616C2F
S31580E3B4106964204A5045472066696C652073747277
S31580E3B4207563747572653A206D697373696E6720A7
S31580E3B430534F53206D61726B657200556E737570F1
S31580E3B440706F72746564204A5045472070726F63EB
S31580E3B4506573733A20534F4620747970652030784C
S31580E3B4602530327800496E76616C6964204A5045AE
S31580E3B470472066696C65207374727563747572654B
S31580E3B4803A2074776F20534F49206D61726B6572F2
S31580E3B49073004661696C656420746F2063726561CD
S31580E3B4A074652074656D706F726172792066696CFC
S31580E3B4B0652025730052656164206661696C656405
S31580E3B4C0206F6E2074656D706F7261727920666924
S31580E3B4D06C65005365656B206661696C6564206F96
S31580E3B4E06E2074656D706F726172792066696C65C2
S31580E3B4F0005772697465206661696C6564206F6E56
S31580E3B5002074656D706F726172792066696C6520EF
S31580E3B5102D2D2D206F7574206F66206469736B20E3
S31580E3B52073706163653F004170706C6963617469D0
S31580E3B5306F6E207472616E73666572726564207471
S31580E3B5406F6F20666577207363616E6C696E657372
S31580E3B55000556E737570706F72746564206D617279
S31580E3B5606B65722074797065203078253032780087
S31580E3B5705669727475616C20617272617920636F4A
S31580E3B5806E74726F6C6C6572206D6573736564201F
S31580E3B590757000496D61676520746F6F20776964A4
S31580E3B5A06520666F72207468697320696D706C6557
S31580E3B5B06D656E746174696F6E0052656164206651
S31580E3B5C0726F6D20584D53206661696C65640057D0
S31580E3B5D07269746520746F20584D53206661696C77
S31580E3B5E0656400436F7079726967687420284329BC
S31580E3B5F020323031382C2054686F6D617320472EAA
S31580E3B600204C616E652C20477569646F20566F6C9C
S31580E3B6106C626564696E67003963202031342D4A34
S31580E3B620616E2D323031380043617574696F6E3ADD
S31580E3B630207175616E74697A6174696F6E20746165
S31580E3B640626C65732061726520746F6F20636F61CE
S31580E3B65072736520666F7220626173656C696E656D
S31580E3B660204A5045470041646F626520415050311E
S31580E3B67034206D61726B65723A2076657273696F99
S31580E3B6806E2025642C20666C6167732030782530C4
S31580E3B6903478203078253034782C207472616E7358
S31580E3B6A0666F726D20256400556E6B6E6F776E20C4
S31580E3B6B041505030206D61726B657220286E6F74D5
S31580E3B6C0204A464946292C206C656E677468202596
S31580E3B6D07500556E6B6E6F776E2041505031342016
S31580E3B6E06D61726B657220286E6F742041646F6240
S31580E3B6F065292C206C656E67746820257500446522
S31580E3B70066696E652041726974686D6574696320E4
S31580E3B7105461626C65203078253032783A2030780F
S31580E3B7202530327800446566696E652048756666BD
S31580E3B7306D616E205461626C652030782530327895
S31580E3B74000446566696E65205175616E74697A61D8
S31580E3B75074696F6E205461626C6520256420207065
S31580E3B7607265636973696F6E2025640044656669F3
S31580E3B7706E65205265737461727420496E74657266
S31580E3B78076616C20257500467265656420454D5368
S31580E3B7902068616E646C65202575004F627461690B
S31580E3B7A06E656420454D532068616E646C65202523
S31580E3B7B07500456E64204F6620496D61676500209C
S31580E3B7C02020202020202025336420253364202553
S31580E3B7D03364202533642025336420253364202590
S31580E3B7E0336420253364004A46494620415050302D
S31580E3B7F0206D61726B65723A2076657273696F6EDE
S31580E3B8002025642E253032642C2064656E7369743A
S31580E3B8107920256478256420202564005761726E3B
S31580E3B820696E673A207468756D626E61696C2069CA
S31580E3B8306D6167652073697A6520646F6573206ED1
S31580E3B8406F74206D617463682064617461206C65D4
S31580E3B8506E677468202575004A4649462065787484
S31580E3B860656E73696F6E206D61726B65723A207473
S31580E3B870797065203078253032782C206C656E6758
S31580E3B8807468202575002020202077697468202538
S31580E3B890642078202564207468756D626E61696CB6
S31580E3B8A020696D616765004D697363656C6C616E74
S31580E3B8B0656F7573206D61726B65722030782530A4
S31580E3B8C032782C206C656E67746820257500556E1A
S31580E3B8D06578706563746564206D61726B657220EB
S31580E3B8E03078253032780020202020202020202523
S31580E3B8F03475202534752025347520253475202527
S31580E3B900347520253475202534752025347500510A
S31580E3B91075616E74697A696E6720746F2025642019
S31580E3B9203D2025642A25642A256420636F6C6F7223
S31580E3B93073005175616E74697A696E6720746F20DE
S31580E3B940256420636F6C6F72730053656C656374F3
S31580E3B950656420256420636F6C6F727320666F72F3
S31580E3B960207175616E74697A6174696F6E00417472
S31580E3B970206D61726B6572203078253032782C20A9
S31580E3B9807265636F7665727920616374696F6E2021
S31580E3B990256400536D6F6F7468696E67206E6F748C
S31580E3B9A020737570706F727465642077697468202C
S31580E3B9B06E6F6E7374616E646172642073616D70B1
S31580E3B9C06C696E6720726174696F73005374617218
S31580E3B9D074204F66204672616D652030782530325B
S31580E3B9E0783A2077696474683D25752C20686569A3
S31580E3B9F06768743D25752C20636F6D706F6E656E19
S31580E3BA0074733D25640020202020436F6D706F6E34
S31580E3BA10656E742025643A202564687825647620EB
S31580E3BA20713D2564005374617274206F6620496D9D
S31580E3BA30616765005374617274204F662053636156
S31580E3BA406E3A20256420636F6D706F6E656E7473D6
S31580E3BA500020202020436F6D706F6E656E74202505
S31580E3BA60643A2064633D25642061633D2564002058
S31580E3BA702053733D25642C2053653D25642C20415A
S31580E3BA80683D25642C20416C3D256400436C6F73CF
S31580E3BA9065642074656D706F726172792066696C16
S31580E3BAA065202573004F70656E65642074656D70DF
S31580E3BAB06F726172792066696C65202573004A46E8
S31580E3BAC0494620657874656E73696F6E206D617221
S31580E3BAD06B65723A204A5045472D636F6D70726588
S31580E3BAE073736564207468756D626E61696C2069D1
S31580E3BAF06D6167652C206C656E67746820257500BB
S31580E3BB004A46494620657874656E73696F6E206D23
S31580E3BB1061726B65723A2070616C657474652074CA
S31580E3BB2068756D626E61696C20696D6167652C20ED
S31580E3BB306C656E677468202575004A4649462065BC
S31580E3BB407874656E73696F6E206D61726B65723A38
S31580E3BB5020524742207468756D626E61696C206914
S31580E3BB606D6167652C206C656E677468202575004A
S31580E3BB70556E7265636F676E697A656420636F6D10
S31580E3BB80706F6E656E742049447320256420256446
S31580E3BB902025642C20617373756D696E6720594324
S31580E3BBA062437200467265656420584D532068612E
S31580E3BBB06E646C65202575004F627461696E656499
S31580E3BBC020584D532068616E646C65202575005559
S31580E3BBD06E6B6E6F776E2041646F626520636F6C08
S31580E3BBE06F72207472616E73666F726D20636F64B9
S31580E3BBF06520256400436F7272757074204A5045E0
S31580E3BC004720646174613A20626164206172697479
S31580E3BC10686D6574696320636F646500496E636FFD
S31580E3BC206E73697374656E742070726F6772657311
S31580E3BC3073696F6E2073657175656E636520666F74
S31580E3BC407220636F6D706F6E656E742025642063FA
S31580E3BC506F656666696369656E7420256400436F04
S31580E3BC607272757074204A50454720646174613AF4
S31580E3BC702025752065787472616E656F75732062B1
S31580E3BC8079746573206265666F7265206D61726B28
S31580E3BC9065722030782530327800436F7272757022
S31580E3BCA074204A50454720646174613A2070726516
S31580E3BCB06D617475726520656E64206F662064615C
S31580E3BCC07461207365676D656E7400436F72727518
S31580E3BCD07074204A50454720646174613A206261FA
S31580E3BCE06420487566666D616E20636F6465005790
S31580E3BCF061726E696E673A20756E6B6E6F776E20D2
S31580E3BD004A464946207265766973696F6E206E7519
S31580E3BD106D6265722025642E25303264005072652B
S31580E3BD206D617475726520656E64206F66204A5016
S31580E3BD3045472066696C6500436F7272757074203F
S31580E3BD404A50454720646174613A20666F756E6434
S31580E3BD50206D61726B657220307825303278206988
S31580E3BD606E7374656164206F662052535425640054
S31580E3BD70496E76616C696420534F532070617261BA
S31580E3BD806D657465727320666F7220736571756510
S31580E3BD906E7469616C204A504547004170706C69E6
S31580E3BDA0636174696F6E207472616E7366657272B5
S31580E3BDB0656420746F6F206D616E79207363616E45
S31580E3BDC06C696E6573002323205374617274696EA4
S31580E3BDD067206170706C69636174696F6E206174EA
S31580E3BDE02030782530386C58202E2E2E0A002323D7
S31580E3BDF0204170706C69636174696F6E20746572DB
S31580E3BE006D696E617465642C207263203D203078A1
S31580E3BE10256C580A00726573657400506572666FA7
S31580E3BE20726D205245534554206F662074686520B1
S31580E3BE3043505500676F007374617274206170704C
S31580E3BE406C69636174696F6E206174206164647286
S31580E3BE50657373202761646472270061646472206A
S31580E3BE605B617267202E2E2E5D0A202020202D20F6
S31580E3BE707374617274206170706C69636174696FE5
S31580E3BE806E206174206164647265737320276164D4
S31580E3BE906472270A20202020202070617373696EE4
S31580E3BEA06720276172672720617320617267756DEA
S31580E3BEB0656E747300766572696679002323204222
S31580E3BEC06F6F74696E67206B65726E656C206672E0
S31580E3BED06F6D204C656761637920496D6167652085
S31580E3BEE06174202530386C78202E2E2E0A0042612C
S31580E3BEF064204D61676963204E756D6265720A00E1
S31580E3BF004261642048656164657220436865636B5A
S31580E3BF1073756D0A00202020566572696679696EAD
S31580E3BF206720436865636B73756D202E2E2E200024
S31580E3BF304261642044617461204352430A00556E32
S31580E3BF40737570706F727465642041726368697427
S31580E3BF5065637475726520307825780A0057726F49
S31580E3BF606E6720496D616765205479706520666FD9
S31580E3BF707220257320636F6D6D616E640A0057725C
S31580E3BF806F6E6720496D61676520466F726D617478
S31580E3BF9020666F7220257320636F6D6D616E640A10
S31580E3BFA0004552524F523A2063616E27742067658B
S31580E3BFB074206B65726E656C20696D616765210AB5
S31580E3BFC0004552524F523A20756E6B6E6F776E20F4
S31580E3BFD0696D61676520666F726D617420747970CF
S31580E3BFE065210A00436F756C64206E6F7420666901
S31580E3BFF06E64206B65726E656C20656E74727920F3
S31580E3C000706F696E74210A0052616D6469736B2087
S31580E3C010696D61676520697320636F727275707489
S31580E3C020206F7220696E76616C69640A00436F756E
S31580E3C0306C64206E6F742066696E6420612076611D
S31580E3C0406C69642064657669636520747265650AE4
S31580E3C05000202020584950202573202E2E2E2000A4
S31580E3C0602020204C6F6164696E67202573202E2E15
S31580E3C0702E20002020206B65726E656C206C6F61CC
S31580E3C0806465642061742030782530386C782C20A0
S31580E3C090656E64203D2030782530386C780A00550B
S31580E3C0A06E696D706C656D656E74656420636F6DC6
S31580E3C0B07072657373696F6E207479706520256419
S31580E3C0C00A00696D616765732E6F732E737461728F
S31580E3C0D074203D203078256C582C20696D61676526
S31580E3C0E0732E6F732E656E64203D203078256C78D1
S31580E3C0F00A00696D616765732E6F732E6C6F616479
S31580E3C100203D203078256C782C206C6F61645F65E8
S31580E3C1106E64203D203078256C780A005741524E74
S31580E3C120494E473A206C656761637920666F726D25
S31580E3C1306174206D756C746920636F6D706F6E6565
S31580E3C1406E7420696D616765206F76657277726953
S31580E3C1507474656E0A004552524F523A206E657783
S31580E3C16020666F726D617420696D616765206F7695
S31580E3C17065727772697474656E202D206D7573743C
S31580E3C1802052455345542074686520626F6172641A
S31580E3C19020746F207265636F7665720A00696E69D3
S31580E3C1A07472645F737461727400696E69747264C5
S31580E3C1B05F656E64004552524F523A20626F6F74E8
S31580E3C1C0696E67206F7320272573272028256429C6
S31580E3C1D0206973206E6F7420737570706F727465E7
S31580E3C1E0640A00737562636F6D6D616E64206E6F52
S31580E3C1F07420737570706F727465640A0061757408
S31580E3C2006F7374617274006E6F0066696C657369CF
S31580E3C2107A6500547279696E6720746F20657865F4
S31580E3C22063757465206120636F6D6D616E64206FE5
S31580E3C2307574206F66206F726465720A0079657320
S31580E3C240004175746F6D6174696320626F6F7420EA
S31580E3C2506F6620696D6167652061742061646472CD
S31580E3C2602030782530386C58202E2E2E0A00626FC7
S31580E3C2706F746D00626F6F74206170706C69636157
S31580E3C28074696F6E20696D6167652066726F6D2074
S31580E3C2906D656D6F7279006C6F61646F7300726147
S31580E3C2A06D6469736B00636D646C696E650062646B
S31580E3C2B07400707265700066616B650075736167A3
S31580E3C2C0653A20666174696E666F203C696E746553
S31580E3C2D072666163653E205B3C6465765B3A70615A
S31580E3C2E072745D3E5D0A000A2A2A20556E61626C8D
S31580E3C2F06520746F207573652025732025643A2540
S31580E3C3006420666F7220666174696E666F202A2A7E
S31580E3C3100A00666174696E666F007072696E742076
S31580E3C320696E666F726D6174696F6E2061626F7537
S31580E3C330742066696C6573797374656D003C696EA8
S31580E3C340746572666163653E205B3C6465765B3AE1
S31580E3C350706172745D3E5D0A202020202D2070720C
S31580E3C360696E7420696E666F726D6174696F6E2033
S31580E3C37061626F75742066696C6573797374656DD4
S31580E3C3802066726F6D202764657627206F6E20277F
S31580E3C390696E7465726661636527006661746C7342
S31580E3C3A0006C6973742066696C657320696E2061BD
S31580E3C3B0206469726563746F727920286465666147
S31580E3C3C0756C74202F29003C696E746572666163AF
S31580E3C3D0653E205B3C6465765B3A706172745D3E74
S31580E3C3E05D205B6469726563746F72795D0A202090
S31580E3C3F020202D206C6973742066696C65732066D2
S31580E3C400726F6D202764657627206F6E2027696EAD
S31580E3C410746572666163652720696E20612027648F
S31580E3C42069726563746F727927006661746C6F6194
S31580E3C43064006C6F61642062696E617279206669FB
S31580E3C4406C652066726F6D206120646F7320666908
S31580E3C4506C6573797374656D003C696E7465726639
S31580E3C4606163653E205B3C6465765B3A70617274BA
S31580E3C4705D3E5D20203C616464723E203C66696C6F
S31580E3C480656E616D653E205B6279746573205B7072
S31580E3C4906F735D5D0A202020202D204C6F61642020
S31580E3C4A062696E6172792066696C65202766696C5C
S31580E3C4B0656E616D65272066726F6D20276465768C
S31580E3C4C027206F6E2027696E7465726661636527C0
S31580E3C4D00A202020202020746F20616464726573B3
S31580E3C4E073202761646472272066726F6D20646FA0
S31580E3C4F0732066696C6573797374656D2E0A202083
S31580E3C5002020202027706F73272067697665732044
S31580E3C5107468652066696C6520706F736974696F8A
S31580E3C5206E20746F207374617274206C6F616469BA
S31580E3C5306E672066726F6D2E0A20202020202049A8
S31580E3C540662027706F7327206973206F6D69747413
S31580E3C55065642C203020697320757365642E2027EB
S31580E3C560706F7327207265717569726573202762B0
S31580E3C57079746573272E0A2020202020202762796C
S31580E3C580746573272067697665732074686520739D
S31580E3C590697A6520746F206C6F61642E204966200A
S31580E3C5A0276279746573272069732030206F722040
S31580E3C5B06F6D69747465642C0A20202020202074B2
S31580E3C5C06865206C6F61642073746F7073206F6E1F
S31580E3C5D020656E64206F662066696C652E0A20206E
S31580E3C5E0202020204966206569746865722027705B
S31580E3C5F06F7327206F7220276279746573272061B2
S31580E3C6007265206E6F7420616C69676E65642074F1
S31580E3C6106F0A202020202020415243485F444D4129
S31580E3C6205F4D494E414C49474E207468656E2061A3
S31580E3C630206D6973616C69676E6564206275666691
S31580E3C6406572207761726E696E672077696C6C0AB2
S31580E3C6502020202020206265207072696E746564D4
S31580E3C66020616E6420706572666F726D616E63655C
S31580E3C6702077696C6C2073756666657220666F7267
S31580E3C68020746865206C6F61642E00546865206150
S31580E3C690646472657373206F66207468652066646C
S31580E3C6A07420697320696E76616C696420284E55BF
S31580E3C6B04C4C292E0A006C69626664742066647445
S31580E3C6C05F636865636B5F68656164657228293A51
S31580E3C6D020257300202D20746F6F206F6C642C20CF
S31580E3C6E0666474202564203C20256400202D207414
S31580E3C6F06F6F206E65772C20666474202564203EF8
S31580E3C70020256400222C2022002A203078257020E0
S31580E3C7105B3078253038785D003C003078253038DA
S31580E3C720782573005B002530327825730066647460
S31580E3C73061646472002F2A204E554C4C20706F69D9
S31580E3C7406E746572206572726F72202A2F002D6374
S31580E3C750005468652061646472657373206F662034
S31580E3C7607468652066647420697320252330386C89
S31580E3C770780A004E6577206C656E67746820256459
S31580E3C780203C206578697374696E67206C656E6793
S31580E3C79074682025642C2069676E6F72696E672ED4
S31580E3C7A00A006C6962666474206664745F6F7065A0
S31580E3C7B06E5F696E746F28293A2025730A004E6F7F
S31580E3C7C020464454206D656D6F727920616464728E
S31580E3C7D065737320636F6E666967757265642E2011
S31580E3C7E0506C6561736520636F6E666967757265A4
S31580E3C7F00A74686520464454206164647265737381
S31580E3C8002076696120226664742061646472203CC8
S31580E3C810616464726573733E2220636F6D6D616ECE
S31580E3C820642E0A41626F7274696E67210A006D6FC6
S31580E3C830004E6577206C656E67746820307825587E
S31580E3C840203C206578697374696E67206C656E67D2
S31580E3C850746820307825582C2061626F7274696E13
S31580E3C860672E0A006D6B006C696266647420666489
S31580E3C870745F706174685F6F666673657428292078
S31580E3C88072657475726E65642025730A006C6962DD
S31580E3C890666474206664745F6164645F7375626EF4
S31580E3C8A06F646528293A2025730A00536F7272797B
S31580E3C8B02C204920636F756C64206E6F7420636FE0
S31580E3C8C06E7665727420222573220A00556E65782A
S31580E3C8D070656374656420636861726163746572AD
S31580E3C8E020272563270A006C696266647420666480
S31580E3C8F0745F73657470726F7028293A2025730AA2
S31580E3C900006C6962666474206E6F6465206E6F7412
S31580E3C91020666F756E640A00307825303858006576
S31580E3C92072726F723A20756E7072696E7461626C40
S31580E3C930652076616C75650A0030782570006C69D0
S31580E3C94062666474206664745F67657470726F7020
S31580E3C95028293A2025730A0025732025730A0025A2
S31580E3C960732573207B0A004E657374656420746F48
S31580E3C9706F20646565702C2061626F7274696E677F
S31580E3C9802E0A0025737D3B0A00257325733B0A0037
S31580E3C99025732573203D200025732F2A204E4F5083
S31580E3C9A0202A2F0A00556E6B6E6F776E207461674F
S31580E3C9B0203078253038580A006C696266647420C2
S31580E3C9C06664745F64656C70726F7028293A2020A0
S31580E3C9D025730A006C6962666474206664745F64B6
S31580E3C9E0656C5F6E6F646528293A202025730A009B
S31580E3C9F06D616769633A090909307825780A0074B5
S31580E3CA006F74616C73697A653A09093078257820A1
S31580E3CA10282564290A006F66665F64745F7374729F
S31580E3CA207563743A0909307825780A006F66665F1C
S31580E3CA3064745F737472696E67733A090930782533
S31580E3CA40780A006F66665F6D656D5F7273766D619A
S31580E3CA50703A0909307825780A0076657273696FCA
S31580E3CA606E3A090925640A006C6173745F636F6DBE
S31580E3CA70705F76657273696F6E3A0925640A006240
S31580E3CA806F6F745F63707569645F706879733A0911
S31580E3CA90307825780A0073697A655F64745F7374A6
S31580E3CAA072696E67733A09307825780A0073697A12
S31580E3CAB0655F64745F7374727563743A0909307879
S31580E3CAC025780A006E756D626572206D656D5F729D
S31580E3CAD073763A0909307825780A00626F6F0069C0
S31580E3CAE06E6465780909202020737461727409097C
S31580E3CAF02020202073697A650A002D2D2D2D2D2D7A
S31580E3CB002D2D2D2D2D2D2D2D2D2D2D2D2D2D2D2DEC
S31580E3CB102D2D2D2D2D2D2D2D2D2D2D2D2D2D2D2DDC
S31580E3CB202D2D2D2D2D2D2D2D2D2D0A006C69626633
S31580E3CB306474206664745F6765745F6D656D5F7248
S31580E3CB40737628293A202025730A00202020202581
S31580E3CB5078092530387825303878092530387825AE
S31580E3CB603038780A006C6962666474206664745F40
S31580E3CB706164645F6D656D5F72737628293A202000
S31580E3CB8025730A006C6962666474206664745F6404
S31580E3CB90656C5F6D656D5F72737628293A20202513
S31580E3CBA0730A00666C617474656E65642064657689
S31580E3CBB06963652074726565207574696C697479D7
S31580E3CBC020636F6D6D616E647300616C6961732060
S31580E3CBD0666F72202768656C70270068656C7000E5
S31580E3CBE07072696E7420636F6D6D616E64206465C7
S31580E3CBF0736372697074696F6E2F757361676500AD
S31580E3CC000A092D207072696E7420627269656620E6
S31580E3CC106465736372697074696F6E206F66206191
S31580E3CC206C6C20636F6D6D616E64730A68656C709E
S31580E3CC3020636F6D6D616E64202E2E2E0A092D2082
S31580E3CC407072696E742064657461696C656420755D
S31580E3CC5073616765206F662027636F6D6D616E64B0
S31580E3CC6027004261736520416464726573733A2079
S31580E3CC7030782530386C780A002A2A20457272206B
S31580E3CC8025732C2061646472657373206265796FA2
S31580E3CC906E642075626F6F742072616E6765202A99
S31580E3CCA02A0A00627974650068616C66776F7264DC
S31580E3CCB00025732061742030782530386C782028FD
S31580E3CCC02523302A6C782920213D20257320617421
S31580E3CCD02030782530386C7820282523302A6C78E4
S31580E3CCE0290A00546F74616C206F6620256C64207A
S31580E3CCF025732873292077657265207468652073A8
S31580E3CD00616D650A005A65726F206C656E6774683B
S31580E3CD10203F3F3F0A00436F707920746F20466C53
S31580E3CD206173682E2E2E2000435243333220666F82
S31580E3CD3072202530386C78202E2E2E202530386CC4
S31580E3CD4078203D3D3E202530386C780A0025303802
S31580E3CD506C783A0020253038780020253034780006
S31580E3CD60202530327800203F20006C6F6F70006999
S31580E3CD706E66696E697465206C6F6F70206F6E2066
S31580E3CD80616464726573732072616E6765005B2E9E
S31580E3CD90622C202E772C202E6C5D20616464726574
S31580E3CDA07373206E756D6265725F6F665F6F626ABD
S31580E3CDB0656374730062617365007072696E742073
S31580E3CDC06F72207365742061646472657373206F18
S31580E3CDD06666736574000A202020202D20707269B0
S31580E3CDE06E742061646472657373206F66667365BF
S31580E3CDF07420666F72206D656D6F727920636F6DD7
S31580E3CE006D616E64730A62617365206F66660A207C
S31580E3CE102020202D207365742061646472657373AA
S31580E3CE20206F666673657420666F72206D656D6FBD
S31580E3CE30727920636F6D6D616E647320746F2027E2
S31580E3CE406F66662700637263333200636865636B7C
S31580E3CE5073756D2063616C63756C6174696F6E0065
S31580E3CE606164647265737320636F756E74205B614E
S31580E3CE706464725D0A202020202D20636F6D7075B7
S31580E3CE80746520435243333220636865636B7375FD
S31580E3CE906D205B7361766520617420616464725D85
S31580E3CEA000636D70006D656D6F727920636F6D7071
S31580E3CEB0617265005B2E622C202E772C202E6C5DB2
S31580E3CEC020616464723120616464723220636F75B9
S31580E3CED06E74006370006D656D6F727920636F7039
S31580E3CEE079005B2E622C202E772C202E6C5D2073AE
S31580E3CEF06F757263652074617267657420636F759D
S31580E3CF006E74006D77006D656D6F727920777269E7
S31580E3CF107465202866696C6C29005B2E622C202E52
S31580E3CF20772C202E6C5D2061646472657373207642
S31580E3CF30616C7565205B636F756E745D006E6D0005
S31580E3CF406D656D6F7279206D6F646966792028638C
S31580E3CF506F6E7374616E7420616464726573732932
S31580E3CF60005B2E622C202E772C202E6C5D20616454
S31580E3CF706472657373006D6D006D656D6F72792094
S31580E3CF806D6F6469667920286175746F2D696E6348
S31580E3CF9072656D656E74696E6720616464726573CC
S31580E3CFA07329006D656D6F727920646973706C6146
S31580E3CFB079005B2E622C202E772C202E6C5D2061EF
S31580E3CFC0646472657373205B23206F66206F626A85
S31580E3CFD0656374735D004F4B004552524F52004E6A
S31580E3CFE06F204D4D43206465766963652061766184
S31580E3CFF0696C61626C650A0072657363616E006E6B
S31580E3D0006F206D6D63206465766963652061742046
S31580E3D010736C6F742025780A00676574206D6D6381
S31580E3D0202074797065206572726F72210A00646577
S31580E3D030760023706172745F6E756D2073686F75A9
S31580E3D0406C646E2774206265206C617267657220FA
S31580E3D0507468616E2025640A004361726420646F9C
S31580E3D06065736E277420737570706F727420706148
S31580E3D07072745F7377697463680A0073776974633C
S31580E3D0806820746F20706172746974696F6E73203F
S31580E3D0902325642C2025730A006D6D63256420693E
S31580E3D0A0732063757272656E7420646576696365F1
S31580E3D0B00A006D6D63256428706172742025642986
S31580E3D0C02069732063757272656E74206465766910
S31580E3D0D063650A00726561640077726974650065E9
S31580E3D0E072617365000A4D4D432025733A2064656A
S31580E3D0F07620232025642C20626C6F636B202320AB
S31580E3D10025642C20636F756E74202564202E2E2E65
S31580E3D11020004572726F723A20636172642069738C
S31580E3D1202077726974652070726F74656374656461
S31580E3D130210A00256420626C6F636B732025733A42
S31580E3D1402025730A004D4D4300596573004E6F00E9
S31580E3D1506364683A4D4D432064657669636520610F
S31580E3D1607661696C61626C653A637572725F6465F8
S31580E3D170766963653D25640A0066696E64204D4D74
S31580E3D180432064657669636520617661696C616273
S31580E3D1906C650A004465766963653A2025730A00FF
S31580E3D1A04D616E7566616374757265722049443A42
S31580E3D1B02025780A004F454D3A2025780A004E61AE
S31580E3D1C06D653A2025632563256325632563200AF8
S31580E3D1D0005472616E2053706565643A2025640A53
S31580E3D1E000526420426C6F636B204C656E3A202557
S31580E3D1F0640A0025732076657273696F6E202564F1
S31580E3D2002E25640A00486967682043617061636913
S31580E3D21074793A2025730A0043617061636974798E
S31580E3D2203A20004275732057696474683A2025640E
S31580E3D2302D6269740A004D4D4320737562207379BC
S31580E3D2407374656D007265616420616464722062E3
S31580E3D2506C6B2320636E740A6D6D632077726974D9
S31580E3D26065206164647220626C6B2320636E740A4A
S31580E3D2706D6D6320657261736520626C6B232063D9
S31580E3D2806E740A6D6D632072657363616E0A6D6D8C
S31580E3D290632070617274202D206C697374732061CE
S31580E3D2A07661696C61626C652070617274697469B8
S31580E3D2B06F6E206F6E2063757272656E74206D6D0E
S31580E3D2C063206465766963650A6D6D63206465765C
S31580E3D2D0205B6465765D205B706172745D202D20D2
S31580E3D2E073686F77206F72207365742063757272CB
S31580E3D2F0656E74206D6D6320646576696365205B16
S31580E3D300706172746974696F6E5D0A6D6D63206CAA
S31580E3D310697374202D206C697374732061766169F7
S31580E3D3206C61626C6520646576696365730A006D1A
S31580E3D3306D63696E666F00646973706C6179204DA5
S31580E3D3404D4320696E666F002D20646973706C614E
S31580E3D3507920696E666F206F6620746865206375D1
S31580E3D3607272656E74204D4D43206465766963659C
S31580E3D37000256C6C756700256C6C756D00256C6C8F
S31580E3D380756B00256C6C75006E6F72006F6E656EE3
S31580E3D390616E640025732564004465766963652060
S31580E3D3A02573206E6F7420666F756E64210A00257F
S31580E3D3B0733A206F6666736574202530386C6C78B3
S31580E3D3C0206265796F6E6420666C61736820736929
S31580E3D3D07A65202530386C6C780A00257325643AA3
S31580E3D3E020706172746974696F6E202825732920B1
S31580E3D3F073697A6520746F6F206269670A002573A3
S31580E3D4003A20706172746974696F6E696E672065BC
S31580E3D41078636565647320666C6173682073697A83
S31580E3D420650A00257325643A2070617274697469AC
S31580E3D4306F6E2028257329207374617274206F665A
S31580E3D44066736574616C69676E6D656E7420696E0B
S31580E3D450636F72726563740A00257325643A20707C
S31580E3D4606172746974696F6E2028257329207369E4
S31580E3D4707A6520616C69676E6D656E7420696E632B
S31580E3D4806F72726563740A00257325643A2070614E
S31580E3D49072746974696F6E202825732920737461A9
S31580E3D4A07274206F666673657420616C69676E6DEE
S31580E3D4B0656E7420696E636F72726563740A006960
S31580E3D4C06E636F72726563742064657669636520E3
S31580E3D4D07479706520696E2025730A00696E636FBF
S31580E3D4E0727265637420646576696365206E756DB3
S31580E3D4F062657220696E2025730A00696E76616CB7
S31580E3D500696420706172746974696F6E206E756D7B
S31580E3D51062657220256420666F722064657669632E
S31580E3D52065202573256420282573290A006E6F20DC
S31580E3D530706172746974696F6E206E756D626572FF
S31580E3D540207370656369666965640A00756E6578DC
S31580E3D55070656374656420747261696C696E672053
S31580E3D56063686172616374657220272563270A00A5
S31580E3D5706E6F2073756368206465766963652025BD
S31580E3D5807325640A006E6F20737563682070617219
S31580E3D590746974696F6E0A006D74646465766E751A
S31580E3D5A06D006D74646465766E616D6500257325C3
S31580E3D5B0642C25640063616E6E6F742061646420FD
S31580E3D5C07365636F6E6420706172746974696F6E7C
S31580E3D5D0206174206F666673657420300A0070611B
S31580E3D5E072746974696F6E2073697A6520746F6F7C
S31580E3D5F020736D616C6C2028256C6C78290A006E2B
S31580E3D6006F20636C6F73696E67202920666F756E12
S31580E3D6106420696E20706172746974696F6E206EBE
S31580E3D620616D650A00656D707479207061727469E5
S31580E3D63074696F6E206E616D650A00726F006E6F3E
S31580E3D64020706172746974696F6E7320616C6C6F3C
S31580E3D65077656420616674657220612066696C6CA7
S31580E3D6602D757020706172746974696F6E0A0075C6
S31580E3D6706E657870656374656420636861726163FF
S31580E3D680746572202725632720617420746865207A
S31580E3D690656E64206F6620706172746974696F6EFB
S31580E3D6A00A006F7574206F66206D656D6F72790AF7
S31580E3D6B00030782530386C6C784030782530386C9B
S31580E3D6C06C78004B45524E454C006B65726E656CCB
S31580E3D6D05F6F6666736574006B65726E656C5F73A8
S31580E3D6E0697A6500445442006474625F6F66667368
S31580E3D6F06574006474625F73697A65006E6F207027
S31580E3D7006172746974696F6E7320666F7220646583
S31580E3D71076696365202573256420282573290A00A5
S31580E3D720756E65787065637465642063686172613C
S31580E3D7306374657220272563272061742074686586
S31580E3D74020656E64206F66206465766963650A008A
S31580E3D750696E76616C6964206D746420646576694C
S31580E3D76063652027252E2A73270A006E6F72303D64
S31580E3D770737069302E30006D74646964730063641A
S31580E3D780683A25732C2063757272656E745F706177
S31580E3D79072746974696F6E20210A006D74646964BA
S31580E3D7A07320746F6F206C6F6E6720283E2025642C
S31580E3D7B0290A006D7464706172747320766172698C
S31580E3D7C061626C65206E6F74207365742C2073655B
S31580E3D7D065202768656C70206D74647061727473FC
S31580E3D7E0270A006D7464706172747320746F6F209E
S31580E3D7F06C6F6E6720283E202564290A006D746469
S31580E3D8006964733A20696E636F7272656374203CF0
S31580E3D8106465762D6E756D3E0A006D746469647316
S31580E3D8203A206E6F203C6D74642D69643E20696492
S31580E3D830656E7469666965720A00646576696365AF
S31580E3D8402069642025732564207265646566696E44
S31580E3D85065642C20706C6561736520636F72726595
S31580E3D8606374206D7464696473207661726961623E
S31580E3D8706C650A00636F756C64206E6F7420696EE5
S31580E3D880697469616C69736520646576696365202B
S31580E3D8906C6973740A006D74647061727473207654
S31580E3D8A061726961626C6520646F65736E2774204B
S31580E3D8B07374617274207769746820276D746470F9
S31580E3D8C0617274733D270A00646576696365202512
S31580E3D8D0732564207265646566696E65642C207061
S31580E3D8E06C6561736520636F7272656374206D74B2
S31580E3D8F0647061727473207661726961626C650AC1
S31580E3D900006D746470617274735F696E69743A20D2
S31580E3D9106E6F2076616C6964207061727469746974
S31580E3D9206F6E730A006E6F20706172746974696FCB
S31580E3D9306E206964207370656369666965640A004D
S31580E3D940706172746974696F6E206368616E67650E
S31580E3D9506420746F20257325642C25640A0064652E
S31580E3D9606661756C740064656C616C6C000A6465F1
S31580E3D970766963652025732564203C25733E2C20D8
S31580E3D98023207061727473203D2025640A0020236E
S31580E3D9903A206E616D65090973697A6509096F666F
S31580E3D9A06673657409096D61736B5F666C61677332
S31580E3D9B00A002532643A20252D32307330782530BB
S31580E3D9C0386C6C780930782530386C6C7809256446
S31580E3D9D00A006E6F20706172746974696F6E73206A
S31580E3D9E0646566696E65640A000A6163746976656F
S31580E3D9F020706172746974696F6E3A202573256449
S31580E3DA002C2564202D20282573292030782530384D
S31580E3DA106C6C7820402030782530386C6C780A003E
S31580E3DA20636F756C64206E6F7420676574206375AD
S31580E3DA307272656E7420706172746974696F6E2038
S31580E3DA40696E666F0A0A0061646400746F6F206CA6
S31580E3DA506F6E6720706172746974696F6E20646536
S31580E3DA60736372697074696F6E0A0025733A2573FE
S31580E3DA702825732925730067656E6572617465640D
S31580E3DA80206D7464706172747320746F6F206C6F31
S31580E3DA906E672C20726573657474696E6720746F24
S31580E3DAA0206E756C6C0A0064656C0064656C6574E5
S31580E3DAB0655F706172746974696F6E3A20646576C6
S31580E3DAC0696365203D20257325642C20706172741B
S31580E3DAD06974696F6E202564203D2028257329208B
S31580E3DAE030782530386C6C784030782530386C6CFB
S31580E3DAF0780A0063757272656E74207061727469F8
S31580E3DB0074696F6E2064656C657465642C207265D8
S31580E3DB1073657474696E672063757272656E74205B
S31580E3DB20746F20300A00706172746974696F6E2055
S31580E3DB302573206E6F7420666F756E640A006E6F50
S31580E3DB402073756368206465766963652025732031
S31580E3DB50646566696E656420696E206D7464696464
S31580E3DB6073207661726961626C650A0064656669D1
S31580E3DB706E6520666C6173682F6E616E642070617A
S31580E3DB8072746974696F6E7300636870617274002E
S31580E3DB906368616E67652061637469766520706129
S31580E3DBA072746974696F6E00706172742D69640A48
S31580E3DBB0202020202D206368616E67652061637471
S31580E3DBC069766520706172746974696F6E20286501
S31580E3DBD02E672E20706172742D6964203D206E61FC
S31580E3DBE06E64302C31290067617465776179697079
S31580E3DBF0006E65746D61736B00686F73746E616DCF
S31580E3DC006500726F6F7470617468006970616464D3
S31580E3DC107200736572766572697000646E7369709B
S31580E3DC2000646F6D61696E0070696E672066616915
S31580E3DC306C65643B20686F73742025732069732059
S31580E3DC406E6F7420616C6976650A00686F73742001
S31580E3DC50257320697320616C6976650A0070696E45
S31580E3DC60670073656E642049434D50204543484FB2
S31580E3DC705F5245515545535420746F206E657477D2
S31580E3DC806F726B20686F73740070696E674164644A
S31580E3DC90726573730074667470626F6F7400626F1B
S31580E3DCA06F7420696D61676520766961206E65743E
S31580E3DCB0776F726B207573696E6720544654502074
S31580E3DCC070726F746F636F6C005B6C6F61644164D9
S31580E3DCD064726573735D205B5B686F7374495061CF
S31580E3DCE06464723A5D626F6F7466696C656E616D6A
S31580E3DCF0655D00626F6F747000626F6F7420696D2B
S31580E3DD0061676520766961206E6574776F726B20D3
S31580E3DD107573696E6720424F4F54502F5446545063
S31580E3DD202070726F746F636F6C0025733D25730A81
S31580E3DD30002323204572726F723A2063616E6E6FA1
S31580E3DD4074206578706F727420656E7669726F6E13
S31580E3DD506D656E740A000A456E7669726F6E6D65DF
S31580E3DD606E742073697A653A2025642F256C642066
S31580E3DD7062797465730A002323204572726F723A5F
S31580E3DD802022257322206E6F7420646566696E6532
S31580E3DD90640A002323205761726E696E673A2064B2
S31580E3DDA0656661756C74696E6720746F20746578D7
S31580E3DDB07420666F726D61740A00232320496E6650
S31580E3DDC06F3A20696E70757420646174612073693B
S31580E3DDD07A65203D20257A75203D203078257A584E
S31580E3DDE00A002323204572726F723A2062616420AF
S31580E3DDF04352432C20696D706F7274206661696C3F
S31580E3DE0065640A004552524F523A20456E766972EE
S31580E3DE106F6E6D656E7420696D706F727420666166
S31580E3DE20696C65643A206572726E6F203D20256465
S31580E3DE300A0A61742025733A25642F257328290AF3
S31580E3DE4000636D645F6E76656469742E6300232375
S31580E3DE502025733A206F6E6C79206F6E65206F662E
S31580E3DE6020222D62222C20222D6322206F722022F3
S31580E3DE702D742220616C6C6F7765640A00232320FE
S31580E3DE805761726E696E673A20496E707574206465
S31580E3DE9061746120657863656564732025642062B7
S31580E3DEA079746573202D207472756E63617465640D
S31580E3DEB00A00232320526573657474696E67207440
S31580E3DEC06F2064656661756C7420656E7669726FC2
S31580E3DED06E6D656E740A002323204572726F723A03
S31580E3DEE020696C6C6567616C2063686172616374D9
S31580E3DEF0657220273D27696E207661726961626C5F
S31580E3DF0065206E616D6520222573220A0023232016
S31580E3DF1043616E2774206D616C6C6F63202564208A
S31580E3DF2062797465730A002323204572726F7220C7
S31580E3DF30696E73657274696E672022257322207613
S31580E3DF4061726961626C652C206572726E6F3D25C4
S31580E3DF50640A00736574656E7600256C78004552B5
S31580E3DF60524F523A2043616E6E6F74206578706FBC
S31580E3DF70727420656E7669726F6E6D656E743A2023
S31580E3DF806572726E6F203D2025640A0A61742025CE
S31580E3DF90733A25642F257328290A00257A58006564
S31580E3DFA06E765F627566205B25642062797465733D
S31580E3DFB05D20746F6F20736D616C6C20666F722069
S31580E3DFC076616C7565206F6620222573220A00725E
S31580E3DFD0756E0072756E20636F6D6D616E6473200E
S31580E3DFE0696E20616E20656E7669726F6E6D656EA1
S31580E3DFF074207661726961626C6500766172205B1A
S31580E3E0002E2E2E5D0A202020202D2072756E207400
S31580E3E010686520636F6D6D616E647320696E2074CD
S31580E3E020686520656E7669726F6E6D656E7420764F
S31580E3E03061726961626C652873292027766172272C
S31580E3E0400073657420656E7669726F6E6D656E7446
S31580E3E050207661726961626C6573005B2D665D2013
S31580E3E0606E616D652076616C7565202E2E2E0A2095
S31580E3E0702020202D205B666F726369626C795D2058
S31580E3E08073657420656E7669726F6E6D656E7420E6
S31580E3E0907661726961626C6520276E616D652720A2
S31580E3E0A0746F202776616C7565202E2E2E270A7372
S31580E3E0B06574656E76205B2D665D206E616D650A9F
S31580E3E0C0202020202D205B666F726369626C795D08
S31580E3E0D02064656C65746520656E7669726F6E6DB6
S31580E3E0E0656E74207661726961626C6520276E6104
S31580E3E0F06D6527007072696E74656E7600707269FD
S31580E3E1006E7420656E7669726F6E6D656E74207659
S31580E3E11061726961626C6573005B2D615D0A2020C3
S31580E3E12020202D207072696E74205B616C6C5D209B
S31580E3E13076616C756573206F6620616C6C20656EA5
S31580E3E1407669726F6E6D656E7420766172696162EF
S31580E3E1506C65730A7072696E74656E76206E616D36
S31580E3E16065202E2E2E0A202020202D207072696EA7
S31580E3E170742076616C7565206F6620656E7669724C
S31580E3E1806F6E6D656E74207661726961626C65200F
S31580E3E190276E616D652700656E7669726F6E6D6554
S31580E3E1A06E742068616E646C696E6720636F6D6DF3
S31580E3E1B0616E64730064656C657465006578706F21
S31580E3E1C0727400696D706F7274007072696E740038
S31580E3E1D0736176650073617665656E7600736176E5
S31580E3E1E06520656E7669726F6E6D656E7420766195
S31580E3E1F0726961626C657320746F2070657273698E
S31580E3E2007374656E742073746F72616765005B25E2
S31580E3E210733A25645D206661696C65640A005B25F3
S31580E3E220735D202564202564200A0070726F67720F
S31580E3E2306573735F7769647468203D20256420770E
S31580E3E240203D20256420776569676874733D25647E
S31580E3E2502C746F74616C203D2025640A005341540D
S31580E3E2605F414E594B412E494D470073645F75704C
S31580E3E27067726164655F696D6167650030783130C7
S31580E3E2803030005B25733A25645D6E6F7420666972
S31580E3E2906E64207570726164652066696C65206E54
S31580E3E2A0616D653A25730A006C6F61642066696CFB
S31580E3E2B065206661696C6564203A25730A00233CB0
S31580E3E2C0757067726164655F62696E5F7665727346
S31580E3E2D0696F6E3D0066696C65206572726F723A2E
S31580E3E2E025730A00757067726164655F696D61673E
S31580E3E2F0655F76657273696F6E0075706761726468
S31580E3E300652076657273696F6E3A257320637572DD
S31580E3E3102076657273696F6E3A25730A0066696C57
S31580E3E320652076657273696F6E203A25730A000AF3
S31580E3E33023203C2D207468697320697320656E649D
S31580E3E340206F6620696D6167652070617274746998
S31580E3E3506F6E0A00696D676167653A257320256488
S31580E3E3602025640A005B25733A25645D2073645F28
S31580E3E370757067726164655F66696C655F706172AB
S31580E3E3807474696F6E73206661696C65640A006C88
S31580E3E39063646C6F61646164647200736620707237
S31580E3E3A06F6265005761726E696E673A5570677220
S31580E3E3B06164696E672C706C6561736520646F2038
S31580E3E3C06E6F7420646F20616E797468696E6721FD
S31580E3E3D0005B25733A25645D2025733A20696D6772
S31580E3E3E0652066696C652073697A652825642920CA
S31580E3E3F03E20656E7620706172746974696F6E73A0
S31580E3E400282564290A000A45726173653A257320D3
S31580E3E4106164647265733A25642C7061727469749D
S31580E3E420696F6E2073697A653A256420696D6167E1
S31580E3E430652066696C652073697A653A25640A00A6
S31580E3E440736620657261736520307825782030782D
S31580E3E450257800736620777269746520307825782D
S31580E3E46020307825782030782578000A70617274B8
S31580E3E47074696F6E207570646174652066696E6910
S31580E3E48073680A0073645F757067726164650075AB
S31580E3E4907067726164652066696C652066726F6D0C
S31580E3E4A0206120646F732066696C65737973746524
S31580E3E4B06D003C4E554C4C3E0A202020202D206C8E
S31580E3E4C0656F2E6C6975203636360A00752D626F58
S31580E3E4D06F742E62696E00656E765F616B33373675
S31580E3E4E030655F6E6F722E696D6700656E765F610C
S31580E3E4F06B33373630655F6E6F725F626B2E696D35
S31580E3E5006700636C6F75644F532E6474620075495C
S31580E3E5106D61676500616E796B615F6C6F676F2EA6
S31580E3E5206A706700726F6F742E73717368340063F9
S31580E3E5306F6E6669672E6A66667332007573722ECE
S31580E3E5407371736834006170702E7371736834000D
S31580E3E550747579612E6A6666733200646174612EBE
S31580E3E5606A6666733200616E796B615F686F6D654B
S31580E3E5702E6A7067004661696C656420746F2069F2
S31580E3E5806E697469616C697A652053504920666C5B
S31580E3E5906173682061742025753A25750A002564C0
S31580E3E5A02025733A202564207469636B732C2025B8
S31580E3E5B064204B69422F732025642E2530336420F3
S31580E3E5C04D6270730A005772697474656E005265A2
S31580E3E5D06164004E6F2053504920666C61736820F6
S31580E3E5E073656C65637465642E20506C65617365D1
S31580E3E5F02072756E206073662070726F6265270A7B
S31580E3E60000757064617465004661696C6564207445
S31580E3E6106F206D617020706879736963616C206DBA
S31580E3E620656D6F72790A006572726F723A207570E2
S31580E3E63064617465206C656E206D6F7265207468A5
S31580E3E640616E20706172746974696F6E2073697A22
S31580E3E650650A007370696E616E645F726561645F9B
S31580E3E660706172746974696F6E206661696C2C205F
S31580E3E6706F66667365743A307825782C207061729C
S31580E3E680746974696F6E5F73697A653A25640D0A96
S31580E3E690006572617365207061727420736563745B
S31580E3E6A0696F6E206F66667365743A307825782C69
S31580E3E6B020706172746974696F6E5F73697A653AA3
S31580E3E6C025642C206661696C65640A0065726173F2
S31580E3E6D06520706172746974696F6E2073697A6597
S31580E3E6E0206F6B0D0A000A53463A20257A7520621D
S31580E3E6F0797465732040202523782025733A202575
S31580E3E700730A004552524F523A20617474656D70B4
S31580E3E71074696E67202573207061737420666C61FB
S31580E3E72073682073697A652028252378290A00533C
S31580E3E730463A20257A7520627974657320402025D0
S31580E3E7402378204572617365643A2025730A004312
S31580E3E750616E6E6F7420616C6C6F63617465206D3E
S31580E3E760656D6F72790A0053504920666C617368F0
S31580E3E77020746573743A0A00746573742045726114
S31580E3E7807365206661696C65640A007465737420D9
S31580E3E7904572617365204F4B0A0074657374204339
S31580E3E7A06865636B2072656164206661696C656424
S31580E3E7B00A007465737420436865636B20726561D0
S31580E3E7C064204F4B0A00436865636B206661696C1E
S31580E3E7D065642061742025640A007465737420453A
S31580E3E7E07261736520436865636B2072656164203B
S31580E3E7F04F4B0A007465737420577269746520669B
S31580E3E80061696C65640A0074657374205772697410
S31580E3E81065204F4B0A0074657374206261636B20D5
S31580E3E82052656164206661696C65640A0074657328
S31580E3E83074206261636B2052656164204F4B0A00EA
S31580E3E840566572696679206661696C656420617470
S31580E3E8502025642C20676F6F6420646174613A0AB3
S31580E3E8600042616420646174613A0A002323233D94
S31580E3E8703D3D54657374207061737365643D3D3DBE
S31580E3E8802323230A002323233D3D3D5465737420CC
S31580E3E8906661696C65643D3D3D2323230A004441FB
S31580E3E8A05441005B25733A25645D206E6F74206660
S31580E3E8B06F756E6420257320706172746974696FF5
S31580E3E8C06E0A005B25733A25645D20666174333294
S31580E3E8D05F6F66667365743A25236C782066617428
S31580E3E8E033325F73697A653A25236C780A005B2550
S31580E3E8F0733A25645D20666174333220696E666F90
S31580E3E900206572726F7221200A004C656F206973ED
S31580E3E91020612068616E64736F6D65206775790029
S31580E3E92036363636363600362E362E360073660063
S31580E3E93073706920666C617368207375622D737971
S31580E3E9407374656D3A0070726F6265205B5B6275A6
S31580E3E950733A5D63735D205B687A5D205B6D6F649C
S31580E3E960655D092D20696E697420666C6173682024
S31580E3E970646576696365206F6E20676976656E2068
S31580E3E980535049206275730A090909092020616E8B
S31580E3E9906420636869702073656C6563740A736663
S31580E3E9A020726561642061646472206F6666736554
S31580E3E9B074206C656E092D207265616420606C65D8
S31580E3E9C06E27206279746573207374617274696EDD
S31580E3E9D0672061740A090909092020606F666673F6
S31580E3E9E065742720746F206D656D6F72792061740D
S31580E3E9F0206061646472270A73662077726974653E
S31580E3EA002061646472206F6666736574206C656EDC
S31580E3EA10092D20777269746520606C656E272062A4
S31580E3EA20797465732066726F6D206D656D6F72792B
S31580E3EA300A090909092020617420606164647227E8
S31580E3EA4020746F20666C61736820617420606F66E2
S31580E3EA5066736574270A7366206572617365206FD2
S31580E3EA606666736574205B2B5D6C656E09092D2084
S31580E3EA70657261736520606C656E27206279746563
S31580E3EA80732066726F6D20606F6666736574270A9E
S31580E3EA90090909092020602B6C656E2720726F7542
S31580E3EAA06E6420757020606C656E2720746F2062BB
S31580E3EAB06C6F636B2073697A650A7366207570641D
S31580E3EAC06174652061646472206F66667365742021
S31580E3EAD06C656E092D20657261736520616E6420B5
S31580E3EAE0777269746520606C656E272062797465D8
S31580E3EAF0732066726F6D206D656D6F72790A090991
S31580E3EB000909202061742060616464722720746F30
S31580E3EB1020666C61736820617420606F66667365D6
S31580E3EB2074270A73662074657374206F66667365EB
S31580E3EB3074206C656E09092D2072756E20612076CE
S31580E3EB406572792062617369632064657374727533
S31580E3EB506374697665207465737400636865636B53
S31580E3EB60000A25730A0061726D2D616E796B617699
S31580E3EB703530302D6C696E75782D75636C6962639B
S31580E3EB80676E75656162692D6763632E62725F7214
S31580E3EB9065616C20284275696C64726F6F7420328C
S31580E3EBA03031382E30322E375F56312E302E303597
S31580E3EBB02D67656332643033342920342E392E341D
S31580E3EBC00A00474E55206C642028474E55204269FB
S31580E3EBD06E7574696C732920322E32392E310A00B0
S31580E3EBE07072696E74206D6F6E69746F722C2063B8
S31580E3EBF06F6D70696C657220616E64206C696E6B93
S31580E3EC0065722076657273696F6E002573202D2099
S31580E3EC1025730A0A0055736167653A0A25732000EE
S31580E3EC202D204E6F206164646974696F6E616C2018
S31580E3EC3068656C7020617661696C61626C652E0AC9
S31580E3EC4000252D2A732D2025730A00556E6B6E6F72
S31580E3EC50776E20636F6D6D616E6420272573272041
S31580E3EC602D20747279202768656C70272077697404
S31580E3EC70686F757420617267756D656E74732066EF
S31580E3EC806F72206C697374206F6620616C6C206B85
S31580E3EC906E6F776E20636F6D6D616E64730A0A00C3
S31580E3ECA00A616E796B612400556E6B6E6F776E20A9
S31580E3ECB0636F6D6D616E642027257327202D207425
S31580E3ECC07279202768656C70270A00737464696EAD
S31580E3ECD0007374646F75740073746465727200494B
S31580E3ECE06E3A20202020004E6F20696E7075742066
S31580E3ECF06465766963657320617661696C61626C6C
S31580E3ED0065210A004F75743A202020004E6F206FEC
S31580E3ED10757470757420646576696365732061764E
S31580E3ED2061696C61626C65210A004572723A2020E2
S31580E3ED3020004E6F206572726F7220646576696318
S31580E3ED40657320617661696C61626C65210A006333
S31580E3ED506F6E736F6C65002E63616C6C6261636B5F
S31580E3ED60733A63616C6C6261636B732C2E666C6160
S31580E3ED7067733A666C6167732C62617564726174FA
S31580E3ED80653A62617564726174652C626F6F7466ED
S31580E3ED90696C653A626F6F7466696C652C6C6F61DA
S31580E3EDA064616464723A6C6F6164616464722C73E7
S31580E3EDB07464696E3A636F6E736F6C652C73746497
S31580E3EDC06F75743A636F6E736F6C652C7374646579
S31580E3EDD072723A636F6E736F6C652C002E63616C2F
S31580E3EDE06C6261636B73005573696E6720646566F5
S31580E3EDF061756C7420656E7669726F6E6D656E741F
S31580E3EE000A00656E765F636F6D6D6F6E2E6300725B
S31580E3EE1065616420656E76626B20646174610A0065
S31580E3EE207265616420656E76626B206461746120CD
S31580E3EE306661696C0A00777269746520656E7662CD
S31580E3EE406B206461746120746F20656E760A006559
S31580E3EE5072726F723A657261736520656E76207041
S31580E3EE606172746974696F6E206661696C2C206760
S31580E3EE705F636F6E6669675F656E765F73697A6592
S31580E3EE803A25642C202564006572726F723A777234
S31580E3EE9069746520656E7620706172746974696FD2
S31580E3EEA06E206661696C2C20675F636F6E66696747
S31580E3EEB05F656E765F73697A653A25642C2025648F
S31580E3EEC0007573652064656675616C7420656E761E
S31580E3EED00A002162616420435243006364683A25F1
S31580E3EEE0732C202168696D706F72745F722045524E
S31580E3EEF05220656E765F68746162210A00455252DC
S31580E3EF004F523A2043616E6E6F7420696D706F72F3
S31580E3EF107420656E7669726F6E6D656E743A206580
S31580E3EF2072726E6F203D2025640A0A617420257310
S31580E3EF303A25642F257328290A0021696D706F723B
S31580E3EF4074206661696C6564006574686164647283
S31580E3EF503A6D6F2C73657269616C233A736F2C001B
S31580E3EF602323205761726E696E673A20556E6B6E06
S31580E3EF706F776E20656E7669726F6E6D656E7420DF
S31580E3EF807661726961626C65207479706520272584
S31580E3EF9063270A002323205761726E696E673A20DE
S31580E3EFA0556E6B6E6F776E20656E7669726F6E6D7A
S31580E3EFB0656E74207661726961626C6520616363F4
S31580E3EFC0657373206D6574686F6420272563270AEC
S31580E3EFD0002E666C616773002323204572726F721D
S31580E3EFE03A20666C6167732074797065206368651F
S31580E3EFF0636B206661696C75726520666F72202229
S31580E3F000257322203C3D20222573222028747970A3
S31580E3F010653A202563290A002323204572726F729D
S31580E3F0203A2043616E27742064656C65746520229B
S31580E3F0302573220A002323204572726F723A204396
S31580E3F040616E2774206F76657277726974652022A4
S31580E3F0502573220A006F6C6476616C3A20257320EF
S31580E3F0602064656676616C3A2025730A0023232043
S31580E3F0704572726F723A2043616E277420637265BC
S31580E3F08061746520222573220A00217370695F66A5
S31580E3F0906C6173685F70726F626528292066616947
S31580E3F0A06C656400656E765F73662E6300455252C7
S31580E3F0B04F523A205361766520656E7669726F6E3C
S31580E3F0C06D656E74206265796F6E642064656669CA
S31580E3F0D06E6520454E562053495A453A20657272ED
S31580E3F0E06E6F203D2025640A0A61742025733A25D4
S31580E3F0F0642F257328290A0057726974696E67201D
S31580E3F100746F2053504920666C6173682E2E2E00EF
S31580E3F110217370695F666C6173685F726561642889
S31580E3F12029206661696C65640053504920466C61A9
S31580E3F13073680023616464726573732D63656C6CB5
S31580E3F14073002373697A652D63656C6C73002F6333
S31580E3F150686F73656E006664745F696E6974726402
S31580E3F1603A2025730A006C696E75782C696E69742A
S31580E3F17072642D7374617274005741524E494E47DF
S31580E3F1803A20636F756C64206E6F742073657420A8
S31580E3F1906C696E75782C696E697472642D737461AB
S31580E3F1A072742025732E0A006C696E75782C696EED
S31580E3F1B0697472642D656E64005741524E494E47B9
S31580E3F1C03A20636F756C64206E6F74207365742068
S31580E3F1D06C696E75782C696E697472642D656E647C
S31580E3F1E02025732E0A006664745F63686F73656EA9
S31580E3F1F03A2025730A005741524E494E473A2063D7
S31580E3F2006F756C64206E6F742063726561746520BC
S31580E3F2102F63686F73656E2025732E0A00574152FC
S31580E3F2204E494E473A20636F756C64206E6F742047
S31580E3F23073657420626F6F74617267732025732EB2
S31580E3F2400A00556E61626C6520746F207570646127
S31580E3F25074652070726F70657274792025733A25B0
S31580E3F260732C206572723D25730A0025733A206EEE
S31580E3F270756D2062616E6B732025642065786365A6
S31580E3F2806564732068617264636F646564206C6926
S31580E3F2906D69742025642E205265636F6D70696C89
S31580E3F2A065207769746820686967686572204D456B
S31580E3F2B04D4F52595F42414E4B535F4D41583F0A42
S31580E3F2C0002F6D656D6F7279005741524E494E47F7
S31580E3F2D03A20636F756C64206E6F74206372656128
S31580E3F2E07465202F6D656D6F72793A2025732E0ACA
S31580E3F2F0006465766963655F74797065005741522A
S31580E3F3004E494E473A20636F756C64206E6F742066
S31580E3F3107365742025732025732E0A007265670052
S31580E3F3202F616C6961736573006574686164647287
S31580E3F3300065746865726E65742564006574682516
S31580E3F3406461646472006C6F63616C2D6D61632DBF
S31580E3F350616464726573730025733A204261642045
S31580E3F36063656C6C20636F756E7420666F7220259F
S31580E3F370730A0072616E676573006C696E75782CCB
S31580E3F3807068616E646C650043616E277420736593
S31580E3F39074207068616E646C652025753A202573E8
S31580E3F3A00A006F6B617900737461747573006469C5
S31580E3F3B07361626C6564006661696C006661696C41
S31580E3F3C02D256400496E76616C69642066647420D9
S31580E3F3D07374617475733A2025780A006564696489
S31580E3F3E00043616E2774206164642070726F706578
S31580E3F3F07274793A2025730A0043616E2774206913
S31580E3F4006E63726561736520626C6F622073697A7D
S31580E3F410653A2025730A005761726E696E673A20F2
S31580E3F420646576696365207472656520616C69617C
S31580E3F43073202725732720706F696E747320746F2A
S31580E3F44020696E76616C6964206E6F6465202573CE
S31580E3F4502E0A005761726E696E673A206465766933
S31580E3F46063652074726565206E6F646520272573F6
S31580E3F4702720686173206E6F20616464726573739D
S31580E3F4802E0A005761726E696E673A20552D426F78
S31580E3F4906F7420636F6E66696775726564206465F1
S31580E3F4A0766963652025732061742061646472657F
S31580E3F4B0737320256C6C782C0A20627574207468CB
S31580E3F4C06520646576696365207472656520686125
S31580E3F4D073206974206164647265737320256C6C30
S31580E3F4E0782E0A0054696D656F7574207772697436
S31580E3F4F0696E6720746F20466C6173680A00466C98
S31580E3F500617368206E6F74204572617365640A0067
S31580E3F51043616E277420777269746520746F2070F7
S31580E3F520726F74656374656420466C617368207377
S31580E3F5306563746F72730A004F75747369646520CB
S31580E3F540617661696C61626C6520466C6173680A99
S31580E3F55000537461727420616E642F6F7220656EDE
S31580E3F560642061646472657373206E6F74206F6E5A
S31580E3F57020736563746F7220626F756E64617279EE
S31580E3F5800A00556E6B6E6F776E2056656E646F728A
S31580E3F590206F6620466C6173680A00556E6B6E6FEA
S31580E3F5A0776E2054797065206F6620466C61736848
S31580E3F5B00A0047656E6572616C20466C61736820EC
S31580E3F5C050726F6772616D6D696E67204572726F97
S31580E3F5D0720A00466C6173682050726F6772616D60
S31580E3F5E06D696E672041626F727465640A00257384
S31580E3F5F05B25645D204649584D453A2072633D2537
S31580E3F600640A00666C6173682E63004552524F52FA
S31580E3F6103A2000202D206D7573742052455345544E
S31580E3F6202074686520626F61726420746F207265EE
S31580E3F630636F7665722E0A00202020726573657289
S31580E3F64076696E6720666474206D656D6F72792066
S31580E3F650726567696F6E3A20616464723D256C6C8E
S31580E3F660782073697A653D256C6C780A00696D61EB
S31580E3F6706765206973206E6F742061206664740009
S31580E3F6806664745F68696768004661696C6564206F
S31580E3F6907573696E67206664745F686967682076E8
S31580E3F6A0616C756520666F72204465766963652053
S31580E3F6B05472656500646576696365207472656511
S31580E3F6C0202D20616C6C6F636174696F6E20657247
S31580E3F6D0726F720A002020204C6F6164696E672026
S31580E3F6E0446576696365205472656520746F202569
S31580E3F6F0702C20656E64202570202E2E2E200066C9
S31580E3F7006474206D6F7665206661696C6564002339
S31580E3F7102320466C617474656E65642044657669FE
S31580E3F720636520547265652066726F6D204C6567EC
S31580E3F73061637920496D616765206174202530387E
S31580E3F7406C780A0066647420686561646572206318
S31580E3F7506865636B73756D20696E76616C69640049
S31580E3F76066647420636865636B73756D20696E7612
S31580E3F770616C69640075496D616765206973206EA4
S31580E3F7806F742061206664740075496D61676520D6
S31580E3F790697320636F6D7072657373656400754911
S31580E3F7A06D6167652064617461206973206E6F742F
S31580E3F7B020612066647400666474206F7665727770
S31580E3F7C072697474656E002020204C6F6164696E83
S31580E3F7D067204644542066726F6D20307825303832
S31580E3F7E06C7820746F2030782530386C780A004541
S31580E3F7F052524F523A20446964206E6F7420666990
S31580E3F8006E64206120636D646C696E6520466C610D
S31580E3F8107474656E656420446576696365205472A5
S31580E3F82065650A00232320466C617474656E65649E
S31580E3F8302044657669636520547265652066726FD8
S31580E3F8406D206D756C746920636F6D706F6E656E18
S31580E3F8507420496D616765206174202530386C5862
S31580E3F8600A00202020426F6F74696E672075736982
S31580E3F8706E672074686520666474206174203078CE
S31580E3F88025700A006664742073697A6520213D20B9
S31580E3F890696D6167652073697A650025732C206CD1
S31580E3F8A0696E653A25642C207573652075626F6F82
S31580E3F8B07420626F6F7461726773210A00455252D6
S31580E3F8C04F523A202F63686F73656E206E6F64655F
S31580E3F8D020637265617465206661696C6564006244
S31580E3F8E06F6F746D5F6C6F7700626F6F746D5F734C
S31580E3F8F0697A6500626F6F746D5F6D617073697A43
S31580E3F90065002564204279746573203D2000556E39
S31580E3F9106B6E6F776E204F5300556E6B6E6F776E9F
S31580E3F9202041726368697465637475726500556EA8
S31580E3F9306B6E6F776E20496D61676500556E6B6E92
S31580E3F9406F776E20436F6D7072657373696F6E0048
S31580E3F9502573496D616765204E616D653A20202088
S31580E3F960252E2A730A002573496D616765205479CC
S31580E3F97070653A2020200025732025732025732087
S31580E3F980282573290A002573446174612053697AB3
S31580E3F990653A202020200025734C6F616420416402
S31580E3F9A064726573733A20253038780A0025734587
S31580E3F9B06E74727920506F696E743A2020253038E0
S31580E3F9C0780A002573436F6E74656E74733A0A0022
S31580E3F9D02573202020496D6167652025643A2000E0
S31580E3F9E02573202020204F6666736574203D203082
S31580E3F9F0782530386C780A002D002323204C6F61FC
S31580E3FA0064696E6720696E69742052616D64697397
S31580E3FA106B2066726F6D204C656761637920496DF3
S31580E3FA20616765206174202530386C78202E2E2E10
S31580E3FA300A004E6F204C696E7578202573205261DB
S31580E3FA406D6469736B20496D6167650A0057726FF0
S31580E3FA506E672052616D6469736B20496D6167657A
S31580E3FA6020466F726D61740A002323204C6F6164B4
S31580E3FA70696E6720696E69742052616D6469736B20
S31580E3FA802066726F6D206D756C746920636F6D701F
S31580E3FA906F6E656E74204C656761637920496D612D
S31580E3FAA06765206174202530386C78202E2E2E0AE7
S31580E3FAB000696E697472645F686967680072616D14
S31580E3FAC06469736B202D20616C6C6F636174696FFD
S31580E3FAD06E206572726F720A002020204C6F61641B
S31580E3FAE0696E672052616D6469736B20746F20253C
S31580E3FAF030386C782C20656E64202530386C78201D
S31580E3FB002E2E2E20006E6F6E6500756E636F6D70A0
S31580E3FB1072657373656400627A69703200627A69CA
S31580E3FB20703220636F6D7072657373656400677A94
S31580E3FB30697000677A697020636F6D70726573733D
S31580E3FB406564006C7A6D61006C7A6D6120636F6DBC
S31580E3FB5070726573736564006C7A6F006C7A6F207C
S31580E3FB60636F6D7072657373656400616973696DE4
S31580E3FB7061676500446176696E6369204149532014
S31580E3FB80696D6167650046696C6573797374656DE4
S31580E3FB9020496D616765006669726D77617265009C
S31580E3FBA04669726D7761726500666C61745F6474D1
S31580E3FBB000466C617420446576696365205472659A
S31580E3FBC065006B65726E656C004B65726E656C2065
S31580E3FBD0496D616765006B65726E656C5F6E6F6CB0
S31580E3FBE06F6164004B65726E656C20496D61676514
S31580E3FBF020286E6F206C6F6164696E6720646F6E18
S31580E3FC006529006B7762696D616765004B69726B25
S31580E3FC10776F6F6420426F6F7420496D616765000B
S31580E3FC20696D78696D616765004672656573636161
S31580E3FC306C6520692E4D5820426F6F7420496D6143
S31580E3FC40676500496E76616C696420496D616765B5
S31580E3FC50006D756C7469004D756C74692D46696CBD
S31580E3FC606520496D616765006F6D6170696D616778
S31580E3FC7065005449204F4D41502053504C205769DD
S31580E3FC8074682047502043480070626C696D6167F1
S31580E3FC906500467265657363616C652050424C20EE
S31580E3FCA0426F6F7420496D6167650052414D4469C7
S31580E3FCB0736B20496D616765007363726970740065
S31580E3FCC0536372697074007374616E64616C6F6E92
S31580E3FCD065005374616E64616C6F6E652050726FFC
S31580E3FCE06772616D0075626C696D61676500446119
S31580E3FCF076696E63692055424C20696D616765005C
S31580E3FD006D7873696D616765004672656573636176
S31580E3FD106C65204D585320426F6F7420496D61673F
S31580E3FD206500496E76616C6964204F53006C696E39
S31580E3FD307578004C696E7578006E657462736400DD
S31580E3FD404E6574425344006F736500456E6561206A
S31580E3FD504F534500706C616E3900506C616E20398B
S31580E3FD60007274656D73005254454D5300752D6270
S31580E3FD706F6F7400552D426F6F7400496E76616CB8
S31580E3FD806964204152434800616C70686100416C4C
S31580E3FD907068610061726D0041524D00496E746511
S31580E3FDA06C20783836006961363400494136340050
S31580E3FDB06D36386B004D36384B006D6963726F6212
S31580E3FDC06C617A65004D6963726F426C617A650036
S31580E3FDD06D697073004D495053006D6970733634A5
S31580E3FDE0004D49505320363420426974006E696F62
S31580E3FDF07332004E494F5320494900706F776572DD
S31580E3FE00706300506F776572504300707063007360
S31580E3FE103339300049424D205333393000537570BE
S31580E3FE2065724800737061726300535041524300B8
S31580E3FE3073706172633634005350415243203634D3
S31580E3FE402042697400626C61636B66696E00426C22
S31580E3FE5061636B66696E0061767233320041565236
S31580E3FE603332006E64733332004E44533332006F61
S31580E3FE7072316B004F70656E524953432031303097
S31580E3FE80300073616E64626F780053616E64626F93
S31580E3FE90780065726F723A6C636420696E69742068
S31580E3FEA067642D3E66625F62617365203D3D203007
S31580E3FEB00A0065726F723A726561645F6C6F676F31
S31580E3FEC05F64617461206661696C0A006572726F52
S31580E3FED0723A6A7067206C6F676F20646174612021
S31580E3FEE04E554C4C0A006C63640075626F6F7420E8
S31580E3FEF0646973706C6179206C6364206C6F676F7F
S31580E3FF00210A00636C7300636C65617220736372AC
S31580E3FF1065656E00252E2A7300252A73002A2A201A
S31580E3FF20546F6F206D616E79206172677320286DDF
S31580E3FF3061782E20256429202A2A0A002323204358
S31580E3FF406F6D6D616E6420746F6F206C6F6E672169
S31580E3FF500A0076657200626F6F7464656C6179001E
S31580E3FF60626F6F74636D64006B65726E656C2D6F23
S31580E3FF706666736574006B65726E61646472007243
S31580E3FF806F6F746469736B2D6F66667365740072E5
S31580E3FF906F6F746164647200626F6F7473656375A7
S31580E3FFA07265002323204572726F723A205365632C
S31580E3FFB075726520626F6F7420636F6D6D616E64B9
S31580E3FFC0206E6F74207370656369666965640A0081
S31580E3FFD02323204572726F723A2022257322207280
S31580E3FFE0657475726E65642028636F646520256425
S31580E3FFF0290A000A48697420616E79206B65792045
S31580E40000746F2073746F70206175746F626F6F7430
S31580E400103A20253264200A000808082030000808BF
S31580E400200825326420003C494E544552525550547A
S31580E400303E0A0073657269616C00436B73756D008B
S31580E4004078797A4D6F64656D202D202573206D6FE8
S31580E4005064652C20256428534F48292F256428532A
S31580E400605458292F25642843414E29207061636BB7
S31580E400706574732C20256420726574726965730ACD
S31580E4008000556E6B6E6F776E206572726F7200428A
S31580E400906C6F636B2073657175656E6365206572DD
S31580E400A0726F72004352432F636865636B73756D39
S31580E400B0206572726F7200496E76616C696420663F
S31580E400C072616D696E670043616E63656C6C6564CD
S31580E400D000456E64206F662066696C650054696DC0
S31580E400E06564206F757400536F7272792C207A4D33
S31580E400F06F64656D206E6F7420617661696C616290
S31580E401006C65207965740043616E2774206163634E
S31580E401106573732066696C65002825643A256429CD
S31580E401202056656E646F723A2025732050726F6430
S31580E401302E3A202573205265763A2025730A004D9F
S31580E401406F64656C3A202573204669726D3A202582
S31580E401507320536572233A2025730A0056656E64CC
S31580E401606F723A202573205265763A2025732050A3
S31580E40170726F643A2025730A006465766963652044
S31580E401807479706520444F430A00646576696365D3
S31580E40190207479706520756E6B6E6F776E0A005584
S31580E401A06E68616E646C65642064657669636520F7
S31580E401B0747970653A2025690A0020202020202061
S31580E401C0202020202020547970653A200052656DE5
S31580E401D06F7661626C65200048617264204469735D
S31580E401E06B00434420524F4D004F70746963616CD9
S31580E401F02044657669636500546170650023202533
S31580E402003032582023002020202020202020202047
S31580E40210202043617061636974793A20256C642E89
S31580E40220256C64204D42203D20256C642E256C642B
S31580E402302047422028256C64207820256C64290A8E
S31580E4024000202020202020202020202020436170B0
S31580E4025061636974793A206E6F7420617661696C42
S31580E4026061626C650A000A506172746974696F6EC2
S31580E40270204D617020666F722000494445005341E9
S31580E402805441005343534900415441504900555326
S31580E402904200444F430053504900554E4B4E4F570E
S31580E402A04E002064657669636520256420202D2DC3
S31580E402B0202020506172746974696F6E205479705D
S31580E402C0653A2025730A0A00444F530023232055B8
S31580E402D06E6B6E6F776E20706172746974696F6E1F
S31580E402E0207461626C650A002A2A20426164206473
S31580E402F0657669636520737065636966696361744D
S31580E40300696F6E202573202573202A2A0A002A2AFB
S31580E4031020426164206465766963652025732025BF
S31580E4032073202A2A0A0053616E64626F7820686FAC
S31580E40330737400626F6F74646576696365002A2AF4
S31580E40340204E6F20646576696365207370656369A2
S31580E4035066696564202A2A0A006175746F002A2A10
S31580E403602042616420706172746974696F6E20736F
S31580E40370706563696669636174696F6E202573204D
S31580E403802573202A2A0A002A2A2042616420646589
S31580E40390766963652073697A65202D202573202527
S31580E403A073202A2A0A002A2A204E6F2070617274EA
S31580E403B06974696F6E207461626C65202D20257383
S31580E403C0202573202A2A0A0057686F6C65204469C1
S31580E403D0736B002A2A20496E76616C6964207061A9
S31580E403E072746974696F6E202564202A2A0A002A49
S31580E403F02A204E6F2076616C69642070617274691C
S31580E4040074696F6E7320666F756E64202A2A0A009B
S31580E404102A2A20496E76616C6964207061727469F7
S31580E4042074696F6E20747970652022252E33327359
S31580E404302220286578706563742022552D426F6F7B
S31580E404407422290A006364683A746573745F706120
S31580E4045072745F646F7320444F535F504152545FAC
S31580E404604D414749435F4F4646534554206661694B
S31580E404706C210A006364683A746573745F706172B0
S31580E40480745F646F7320444F535F504152545F4DA1
S31580E40490414749435F4F4646534554206F6B210A93
S31580E404A0006364683A746573745F706172745F64E0
S31580E404B06F7320444F535F5042525F4653545950B2
S31580E404C0455F4F4646534554206F6B210A004641AB
S31580E404D054004641543332006364683A646F73204F
S31580E404E0666174210A006364683A646F73206661A6
S31580E404F0743332210A006364683A746573745F7096
S31580E405006172745F646F7320444F535F5042525FED
S31580E405104653545950455F4F464653455420666189
S31580E40520696C210A0020457874640020426F6F74F8
S31580E40530002A2A2043616E277420726561642070E4
S31580E405406172746974696F6E207461626C65206F20
S31580E405506E2025643A2564202A2A0A000A3D3D3D18
S31580E405603D3D3D3D3D3D3D3D3D3D3D3D3D3D3D3D51
S31580E405703D3D3D3D3D6D6D63206D627220737461DA
S31580E4058072743D3D3D3D3D3D3D3D3D3D3D3D3D3DC5
S31580E405903D3D3D3D3D3D3D3D3D3D3D3D3D3D3D3D21
S31580E405A03D3D3D3D3D0A003078257820000A3D3DBD
S31580E405B03D3D3D3D3D3D3D3D3D3D3D3D3D3D3D3D01
S31580E405C03D3D3D3D3D3D6D6D63206D6272207374AE
S31580E405D06F703D3D3D3D3D3D3D3D3D3D3D3D3D3D7C
S31580E405E03D3D3D3D3D3D3D3D3D3D3D3D3D3D3D3DD1
S31580E405F03D3D3D3D3D0A00626164204D425220739B
S31580E406006563746F72207369676E61747572652051
S31580E40610307825303278253032780A0025336409FB
S31580E40620252D31306409252D31306409253038781B
S31580E406302D253032780925303278257325730A00E2
S31580E406406864256325640073642563256400757393
S31580E4065062642563256400646F63642563256400AE
S31580E40660787825632564006364683A746573745F97
S31580E40670706172745F646F73207265616420666111
S31580E40680696C210A006364683A746573745F7061A7
S31580E4069072745F646F732072656164206F6B210A84
S31580E406A0006364683A746573745F706172745F64DE
S31580E406B06F7320444F535F4D4252206661696C21CB
S31580E406C00A006364683A746573745F706172745F18
S31580E406D0646F7320444F535F4D4252206F6B210AFF
S31580E406E00050617274095374617274205365637443
S31580E406F06F72094E756D20536563746F7273095515
S31580E407005549440909547970650A006572722C204A
S31580E40710696E766C616964206770696F210A00632B
S31580E4072066672070755F656E61626C6520696E765A
S31580E40730616C6964210A006366672070755F73651E
S31580E407406C20696E76616C6964210A006366672051
S31580E4075070645F656E61626C6520696E76616C69F2
S31580E4076064210A006366672070645F73656C206940
S31580E407706E76616C6964210A0063666720677069D6
S31580E407806F20736861726570696E2061732067702B
S31580E40790696F20696E76616C6964210A00537461BD
S31580E407A0747573204572726F723A203078253038CA
S31580E407B0580A0054696D656F757420776169746948
S31580E407C06E6720636172642072656164790A004DA4
S31580E407D04D4320446576696365202564206E6F7495
S31580E407E020666F756E640A004D4D433A20626C6FE5
S31580E407F0636B206E756D626572203078256C782027
S31580E4080065786365656473206D6178283078256CD6
S31580E4081078290A006D6D63206661696C20746F20A7
S31580E4082073656E642073746F7020636D640A00630D
S31580E4083064683A4D4D435F434D445F414C4C5F534E
S31580E40840454E445F43494420457272210A006364FD
S31580E40850683A4D4D435F434D445F53454E445F4351
S31580E40860534420457272210A006364683A6D6D636D
S31580E408702D3E76657273696F6E203D3D204D4D4306
S31580E408805F56455253494F4E5F554E4B4E4F574EEA
S31580E40890210A006364683A6E6F206D6D632D3E684D
S31580E408A06967685F6361706163697479210A00636B
S31580E408B064683A736420636172642C206D6D632D81
S31580E408C03E63617061636974795F757365723A30AA
S31580E408D078256C6C7820626C6F636B73210A006395
S31580E408E064683A4D4D435F434D445F53454C4543BD
S31580E408F0545F4341524420457272210A006364681E
S31580E409003A4D4D435F434D445F5345545F424C4FAC
S31580E40910434B4C454E20457272210A006364683A23
S31580E409206D6D632D3E63617061636974793A307885
S31580E40930256C6C7820210A006364683A6D6D635F88
S31580E4094073656E645F6578745F637364210A0063BC
S31580E4095064683A706172745F6E756D3A25642C20B2
S31580E409606D6D635F7365745F636170616369747988
S31580E4097020457272210A006364683A53445F535790
S31580E40980495443485F535749544348206661696CE8
S31580E40990210A006364683A6D6D632D3E6361726417
S31580E409A05F636170733A307825782C204D4F4445E7
S31580E409B0204853206661696C210A004D616E2025CA
S31580E409C030367820536E722025303478253034786A
S31580E409D000256325632563256325632563004D4DE3
S31580E409E0433A206E6F20636172642070726573652A
S31580E409F06E740A004D4D433A2064657465637420D1
S31580E40A00636172642070726573656E740A004D4D1D
S31580E40A10433A2068617320696E697420646F6E65F9
S31580E40A202C2072657475726E210A004D4D433A200E
S31580E40A30616B206D6D632064726976657220696E80
S31580E40A40697420457272210A004D4D433A20616BE8
S31580E40A50206D6D632064726D6D635F676F5F69643B
S31580E40A606C6520457272210A004D4D433A20616BD4
S31580E40A70206D6D63206D6D635F73656E645F69661B
S31580E40A805F636F6E64204F4B210A004D4D433A20DD
S31580E40A90616B206D6D632073645F73656E645F6FF5
S31580E40AA0705F636F6E6420457272210A0025733A23
S31580E40AB020696E6974204F4B210A004D4D433A20DC
S31580E40AC0616B206D6D63206D6D635F73656E645FCE
S31580E40AD069665F636F6E6420457272210A002573CE
S31580E40AE03A202564002563200063645F636C6B00B1
S31580E40AF06E6F6E5F72656D6F766500736420646594
S31580E40B0074656374202573206D6F6465210A0073B0
S31580E40B106420646574656374206770696F206D6FA3
S31580E40B2064653A2564210A00445442206E6F206D40
S31580E40B306D6320696E666F0A006D6D635F77700022
S31580E40B406D6D635F63640073656E6420636D6420BA
S31580E40B502564206572726F722C2073746174757368
S31580E40B60203D2025780A006572726F722072657165
S31580E40B707565736574210A007364312073686172E4
S31580E40B80652070696E210A0073657420736432206F
S31580E40B906F70656E20636C6B210A007365742073D5
S31580E40BA06432207265736574210A0073643220733B
S31580E40BB0686172652070696E210A007364332073FC
S31580E40BC0686172652070696E210A0025733A204552
S31580E40BD07272206E6F20737563682064657620690F
S31580E40BE06E6465783A2564210A0025733A45727203
S31580E40BF02073797374656D20636C6B2063666721FB
S31580E40C000A0073657420746865206E756D6265721A
S31580E40C10206F6620777269746520626C6F636B738C
S31580E40C2020746F206265207072652D6572617365CC
S31580E40C3064206661696C6564210A00626C6F636B2B
S31580E40C4020727720636F6D6D616E64202564206900
S31580E40C5073206661696C6564210A0063726320654A
S31580E40C6072726F72206F722074696D656F75742C01
S31580E40C70207374617475732069732025780A00255E
S31580E40C80733A726561642064617461206661696C3B
S31580E40C906564210A0025733A777269746520646114
S31580E40CA07461206661696C6564210A0025733A2063
S31580E40CB0736420636172642063666720627573205F
S31580E40CC07769646520657272210A006364683A6DA7
S31580E40CD06D632D3E696F737365745F666C616720BF
S31580E40CE06E6F2076616C6964210A006D6D635F7353
S31580E40CF064006664745F636865636B5F686561649A
S31580E40D006572206572723A25640A006664742065A9
S31580E40D1072723A25640A006361702D73642D686982
S31580E40D2067687370656564006361702D7364696F69
S31580E40D302D69727100706F7765722D70696E7300BC
S31580E40D406465746563742D6770696F006E6F6E2D6C
S31580E40D5072656D6F7661626C65000A0A43617574CB
S31580E40D60696F6E2120596F75722064657669636553
S31580E40D70732045726173652067726F75702069733D
S31580E40D8020307825780A5468652065726173652019
S31580E40D9072616E676520776F756C64206265206327
S31580E40DA068616E676520746F203078256C787E3054
S31580E40DB078256C780A0A006D6D63206572617365C7
S31580E40DC0206661696C65640A006D6D63207772697B
S31580E40DD07465206661696C65640A00552D426F6F9F
S31580E40DE074204255472061742025733A2564210A8C
S31580E40DF0006D7464636F72652E630052656D6F7601
S31580E40E00696E67204D544420646576696365202362
S31580E40E10256420282573292077697468207573658D
S31580E40E2020636F756E742025640A006D656D6F723C
S31580E40E307920616C6C6F636174696F6E2065727220
S31580E40E406F72207768696C65206372656174696E18
S31580E40E506720706172746974696F6E7320666F72ED
S31580E40E6020222573220A006D74643A2070617274BC
S31580E40E706974696F6E2022257322206973206F75E9
S31580E40E8074206F66207265616368202D2D20646905
S31580E40E907361626C65640A006D74643A2070617291
S31580E40EA0746974696F6E202225732220657874656F
S31580E40EB06E6473206265796F6E64207468652065FC
S31580E40EC06E64206F66206465766963652022257387
S31580E40ED022202D2D2073697A65207472756E636184
S31580E40EE074656420746F2025236C6C780A006D74B5
S31580E40EF064706172742E63006D74643A20706172FA
S31580E40F00746974696F6E202225732220646F657319
S31580E40F106E2774207374617274206F6E20616E2004
S31580E40F20657261736520626C6F636B20626F756E48
S31580E40F3064617279202D2D20666F726365207265F7
S31580E40F4061642D6F6E6C790A006D74643A20706109
S31580E40F5072746974696F6E202225732220646F65CA
S31580E40F60736E277420656E64206F6E20616E2065D3
S31580E40F707261736520626C6F636B202D2D20666FC2
S31580E40F8072636520726561642D6F6E6C790A0053B5
S31580E40F90463A204661696C656420746F2073657493
S31580E40FA020757020736C6176650A0053463A204654
S31580E40FB061696C656420746F20636C61696D20532C
S31580E40FC05049206275733A2025640A0053463A20D4
S31580E40FD04661696C656420746F2067657420696412
S31580E40FE0636F6465730A006572726F7220726561FD
S31580E40FF064696E67204A45444543205645525349C1
S31580E410004F4E0A00636F6E66696720737069666C1B
S31580E410106173682071756164206D6F6465206661B3
S31580E41020696C2E207472616E736665722075736561
S31580E41030203120776972652E0A006E6F7230005314
S31580E41040463A206661696C20746F207772697465AC
S31580E41050203462797465206164647220726567699C
S31580E41060737465720A0053463A2034627974652053
S31580E4107061646472206D6F64650A0053463A205554
S31580E410806E737570706F7274656420666C61736874
S31580E41090204944733A20006D616E756620253032AE
S31580E410A0782C206A6564656320253034782C206545
S31580E410B078745F6A6564656320253034780A0061F4
S31580E410C0743235667330313000617432356673302C
S31580E410D03430006174323564663034316100617471
S31580E410E03235646636343100617432366630303493
S31580E410F00061743236646630383161006174323648
S31580E411006466313631610061743236646633323115
S31580E41110006D7832356C3332303564006B68323545
S31580E411206C3634006B6832356C313238006D783227
S31580E41130356C313238353565004D5832354C32357B
S31580E411403634354700733235736C3030346100732E
S31580E411503235736C3030386100733235736C3031CC
S31580E41160366100733235736C3033326100733235F5
S31580E41170736C3036346100733235736C31323830A7
S31580E411803000733235736C31323830310073323536
S31580E41190666C313239703000733235666C3132398F
S31580E411A0703100737374323576663034306200732E
S31580E411B073743235766630383062007373743235E0
S31580E411C076663031366200737374323576663033E0
S31580E411D032620073737432357766353132007373F5
S31580E411E074323577663031300073737432357766AE
S31580E411F03032300073737432357766303430006D54
S31580E412003235703035006D3235703130006D3235BF
S31580E41210703230006D3235703430006D323570386E
S31580E4122030006D3235703136006D323570333200D0
S31580E412306D3235703634006D323570313238006D4A
S31580E41240343570653130006D343570653830006D15
S31580E41250343570653136006D323570653830006D01
S31580E412603235706531360077323578313000773211
S31580E4127035783230007732357834300077323578E5
S31580E412803830007732357831360077323578333214
S31580E41290007732357836340077323571363466768F
S31580E412A0007732357136346A760077323571313289
S31580E412B038007732357132353600676432357136C7
S31580E412C0346200676432357136346300676432357C
S31580E412D07131323800676432357132353600786D73
S31580E412E03235716836346100786D32357168313201
S31580E412F0386100504E32366636344200786D323587
S31580E41300716836346300786D3235716831323863AA
S31580E4131000584D32355148323536430042593235DC
S31580E41320513634415353494700425932355131326B
S31580E4133038415353494700464D3235513634004699
S31580E413404D3235513132380044532D464D32355184
S31580E41350363441005A42323556513332005A42329B
S31580E413603556513634005A42323556513132380088
S31580E413705854323546363442005854323546313242
S31580E413803842006E6D3235713634657662006E6D44
S31580E4139032357131323865766200656E32350047B2
S31580E413A04D32355136344100474D3235513132383C
S31580E413B041004D4532354C363445004D4532354C49
S31580E413C03132384300505932355136344841005031
S31580E413D05932355131323848410065726173653A24
S31580E413E0207370695F666C6173685F636D645F7751
S31580E413F072697465206661696C0D0A006765745F5D
S31580E41400666561747572652074696D656F7574203F
S31580E414107374617475733A25780A007370695F6EC4
S31580E41420616E645F6572617365207370696E616E07
S31580E4143064206E6F7420696E69740D0A0077616941
S31580E41440745F636D645F66696E69736820666169FB
S31580E414506C20737461747573203D3D2053544154FC
S31580E4146055535F455F4641494C0D0A006572726F7C
S31580E41470723A206572617365206F6666736574205F
S31580E414806D6F642065726173655F73697A65202127
S31580E414903D20300D0A006572726F723A2065726182
S31580E414A07365206C656E206D6F642065726173650B
S31580E414B05F73697A6520213D20300D0A006572727A
S31580E414C06F723A207370695F6E616E645F65726194
S31580E414D07365206661696C2C20616464723A256464
S31580E414E00D0A0065726173653A20726561642073E2
S31580E414F070695F666C6173685F636D645F777269F8
S31580E415007465206661696C0D0A00776169745F634E
S31580E415106D645F66696E697368206572726F722C3A
S31580E4152020706167653A25640A0065726173653A7D
S31580E41530207370695F666C6173685F636D645F7204
S31580E41540656164206661696C0D0A007370695F6E1B
S31580E41550616E645F726561645F6E6F6563632073F9
S31580E415606574206E6F20656363206661696C0D0A1D
S31580E41570007220656363206765745F666561747570
S31580E415807265206661696C200D0A0072206563636A
S31580E41590206572726F722073723A307825780D0AFC
S31580E415A0007220656363206572726F722073723A8B
S31580E415B025780D0A00636865636B5F4543435F7313
S31580E415C07461747573206572726F722C20706167B2
S31580E415D0653A25640A006572726F723A62756620AE
S31580E415E06D616C6C6F63206661696C2E0D0A0065B3
S31580E415F072726F723A7370696E616E645F666C6103
S31580E4160073685F726561645F70616765206D6F7230
S31580E4161065207468616E20706167652073697A6598
S31580E416200D0A006572726F723A7370695F6E616EED
S31580E41630645F72656164206661696C2C20706167A1
S31580E41640653A25640D0A007370695F6E616E645F46
S31580E416507772697465207370696E616E64206E6FEB
S31580E416607420696E69740D0A0077726974653A202C
S31580E416707772697465207370695F666C6173685F9D
S31580E41680636D645F7772697465206661696C0D0A5F
S31580E41690006661696C20737461747573203D3D20C6
S31580E416A05354415455535F505F4641494C0D0A00AB
S31580E416B06572726F723A666C617368203D3D204E46
S31580E416C0554C4C0D0A006572726F723A6F6F625FA9
S31580E416D0627566206D616C6C6F63206661696C2EE1
S31580E416E00D0A006572726F723A6F6F625F62756639
S31580E416F0206F7220627566206D616C6C6F63206604
S31580E4170061696C2E0D0A006572726F723A73706944
S31580E417105F6E616E645F7772697465206661696C19
S31580E417202C20706167653A25640D0A004E616E640B
S31580E417305F4973426164426C6F636B20777269744C
S31580E4174065206F6F62206661696C206E41627350BA
S31580E417506167653A256C640A0074686520626C6F1B
S31580E41760636B20256C642069732062616420626CFB
S31580E417706F636B2C206E6F206E6565642073657471
S31580E417800A006572726F723A6D616C6C6F63206683
S31580E4179061696C0D0A007365745F66656174757260
S31580E417A065206661696C2C20616E64206E6F20779B
S31580E417B072697465200D0A005350494E414E4400C7
S31580E417C071756164206765745F6665617475726559
S31580E417D0206661696C200D0A007175616420736509
S31580E417E0745F66656174757265206661696C200DE7
S31580E417F00A006E616E6430006572726F723A206EB2
S31580E418006F742066696E64206D617463682073709A
S31580E41810696E616E64666C617368207370696E610B
S31580E418206E64666C61736869643A25780A007468E4
S31580E418306520626C6F636B206973206261642062E9
S31580E418406C6F636B203D2025640A006572726F724B
S31580E418503A206572617365206661696C2C207365D4
S31580E418607420626164626C636F6B3A207374617234
S31580E41870745F706F73203D2025640A006572726F11
S31580E41880723A20616C6C20626C6F636B20697320A2
S31580E418906261642C20706C732063686B0A006572E5
S31580E418A0726F723A206D6F7265207468616E207013
S31580E418B06172746974696F6E2073697A652C2073BA
S31580E418C0617665645F73697A65203D2025642C20A2
S31580E418D077726974655F73697A653A25640A006527
S31580E418E072726F723A207370696E616E645F666C51
S31580E418F06173685F726561642C20706F733A2564E6
S31580E419000A006572726F723A206275665F6C656E04
S31580E41910206D6F642028666C6173682D3E70616704
S31580E41920655F73697A65202B20666C6173682D3EEA
S31580E419306F6F625F73697A652920213D20303A258D
S31580E41940642C2025642C2025640A006572726F72EB
S31580E419503A207370696E616E64207772697465206B
S31580E419606661696C2C20616E6420736574206261A3
S31580E4197064626C6F636B2C207772697465206E6524
S31580E41980787420626C6F636B2C20706F733A256475
S31580E419900A006572726F723A206275665F6C656E74
S31580E419A03A25642C202028666C6173682D3E70612C
S31580E419B067655F73697A65202B20666C6173682D31
S31580E419C03E6F6F625F73697A652920213D20303AE4
S31580E419D025642C2025640A00474435473147513431
S31580E419E055004744354732475134550047443547D7
S31580E419F0344751345500505355314751345500419D
S31580E41A0046533147513455414157433200504E3263
S31580E41A1036473031415753495547004D5833354C55
S31580E41A20463147453441420047443546324751348E
S31580E41A305542004744354631475134554200464D78
S31580E41A4032355330314100464D3235533031424997
S31580E41A503300464D323553303241004744354631C2
S31580E41A6047513555455949470047443546324751EC
S31580E41A70355545594947004744354631474D3755ED
S31580E41A8045004744354632474D375545005854322C
S31580E41A903647313042005732354E3031475600575B
S31580E41AA032354E30324B5600585432364730314117
S31580E41AB000585432364730324100465333354E442B
S31580E41AC030314700465333354E443032470058541C
S31580E41AD03236473032450058543236473031430047
S31580E41AE04D5833354C463247453441440058543298
S31580E41AF0364730324300485946344751345541419C
S31580E41B00434245002020200D4572617365696E6706
S31580E41B102C20257A75252520256C7520422F730087
S31580E41B2043616E6E6F742066696E6420636F6E7354
S31580E41B306F6C650A00232320426175647261746563
S31580E41B4020256420627073206E6F742073757070C4
S31580E41B506F727465640A002323205377697463681B
S31580E41B6020626175647261746520746F20256420D7
S31580E41B7062707320616E6420707265737320454E63
S31580E41B80544552202E2E2E0A00232320426175646A
S31580E41B9072617465206D6179206E6F742062652050
S31580E41BA064656C657465640A005350492065727295
S31580E41BB06F723A20756E737570706F727465642097
S31580E41BC06275732025692E20090909537570706F33
S31580E41BD072746564206275737365732030202D207A
S31580E41BE0310A00535049206572726F723A20756EDD
S31580E41BF0737570706F7274656420667265717565ED
S31580E41C006E637920256920487A2E200909094D6179
S31580E41C1078206672657175656E63792069732025AF
S31580E41C20642F31303030303030204D687A0A0053BA
S31580E41C305049206572726F723A206D616C6C6F6385
S31580E41C40206F66205350492073747275637475727D
S31580E41C5065206661696C65640A00726561642077F3
S31580E41C6061736E27742066696E69736865642E0A8B
S31580E41C7000737069206D6173746572207472616E2D
S31580E41C80736665722064617461206572726F722115
S31580E41C900A006D6173746572207772697465206475
S31580E41CA06174612074696D656F75742E0A0077615D
S31580E41CB0697420666F7220777269746520646174D2
S31580E41CC0612066696E6973682074696D656F757481
S31580E41CD02E2E0A007772697465207761736E277495
S31580E41CE02066696E69736865642E0A0025733A20F6
S31580E41CF06C325F636F6D6275665F776169745F642A
S31580E41D006D615F66696E697368206661696C656436
S31580E41D10210A0025733A20776169745F666F725F82
S31580E41D207370695F636E745F746F5F7A65726F20D8
S31580E41D306661696C6564210A0025733A2077616976
S31580E41D407420666F722073706920636F756E742079
S31580E41D50746F207A65726F206661696C6564210AA6
S31580E41D600025733A206C325F616C6C6F6320666128
S31580E41D70696C6564210A00736F7272792C206E6FC8
S31580E41D807420737570706F7274206475706C657886
S31580E41D90206D6F6465206E6F772E0A0070616E65C4
S31580E41DA06C2D696E69742D6C69737400616B5F6602
S31580E41DB0623A206664746465635F707265706172AA
S31580E41DC0655F666474206572726F720A00616B5F28
S31580E41DD066623A2043616E27742067657420646581
S31580E41DE076696365206E6F64650A00616B5F66621F
S31580E41DF03A2043616E277420676574206C6364209F
S31580E41E0070616E6E656C206E6F646520666F72209D
S31580E41E1066696D640A00636F6D70617469626C658E
S31580E41E200070616E656C2D69660072657365742DEC
S31580E41E3070696E7300636F756C64206E6F7420676F
S31580E41E406574206D6970692070616E6E656C20645E
S31580E41E5065766963652072657365742070696E0A58
S31580E41E6000636F756C64206E6F7420676574206D93
S31580E41E706970692070616E6E656C206465766963ED
S31580E41E80652072657365742070696E20706F6C610D
S31580E41E90726974790A00636F756C64206E6F74205E
S31580E41EA0676574207267622070616E6E656C20640B
S31580E41EB065766963652072657365742070696E0AF8
S31580E41EC000636F756C64206E6F742067657420722E
S31580E41ED067622070616E6E656C20646576696365A1
S31580E41EE02072657365742070696E20706F6C6172A0
S31580E41EF06974790A007077722D6770696F00636F11
S31580E41F00756C64206E6F7420676574206C636420DE
S31580E41F1064657669636520706F7765722070696E33
S31580E41F200A00636F756C64206E6F74206765742035
S31580E41F306C63642064657669636520706F77657227
S31580E41F402070696E20706F6C61726974790A006CB6
S31580E41F5063642D66622D74797065006C63642D6CA0
S31580E41F606F676F2D7769647468006C63642D6C6F3A
S31580E41F70676F2D686569676874006C63642D6C6F40
S31580E41F80676F2D666D7430006C63642D6C6F676F5C
S31580E41F902D666D7431006C63642D6C6F676F2D7282
S31580E41FA067622D736571006C63642D6C6F676F2D4A
S31580E41FB0612D6C6F636174696F6E006C63642D610F
S31580E41FC06C61726D2D656D707479006C63642D61DE
S31580E41FD06C61726D2D66756C6C006C63642D646DDA
S31580E41FE0612D6D6F6465006C63642D64756D6D79C8
S31580E41FF02D736571006C63642D7267622D736571F0
S31580E420002D73656C006C63642D7267622D6F6464F6
S31580E420102D736571006C63642D7267622D657665D8
S31580E420206E2D736571006C63642D7267622D7470B6
S31580E42030672D73656C006C63642D76706167652DBE
S31580E42040656E006C63642D626C616E6B2D73656C7A
S31580E42050006C63642D706F732D626C616E6B2D6C96
S31580E420606576656C006C63642D6E65672D626C6164
S31580E420706E6B2D6C6576656C006C63642D7267623D
S31580E420802D62672D636F6C6F72006C63642D766866
S31580E420902D64656C61792D656E006C63642D76685C
S31580E420A02D64656C61792D6379636C65006C63641A
S31580E420B02D762D756E6974006C63642D616C657222
S31580E420C0742D6C696E650070616E656C2D726762E5
S31580E420D02D7365710070616E656C2D7769647468C3
S31580E420E00070616E656C2D686569676874007061FF
S31580E420F06E656C2D70636C6B2D6469760070616EB1
S31580E42100656C2D6473692D6E756D2D6C616E6500DD
S31580E4211070616E656C2D6473692D747864300070BB
S31580E42120616E656C2D6473692D74786431007061B9
S31580E421306E656C2D6473692D747864320070616E9B
S31580E42140656C2D6473692D747864330070616E6593
S31580E421506C2D6473692D747864340070616E656C7B
S31580E421602D6473692D6E6F6E636F6E74696E756FB1
S31580E4217075732D636C6B0070616E656C2D64736929
S31580E421802D742D7072650070616E656C2D64736953
S31580E421902D742D706F73740070616E656C2D64732D
S31580E421A0692D74782D6761700070616E656C2D643D
S31580E421B073692D6175746F696E736572742D656F5D
S31580E421C074700070616E656C2D6473692D687478C3
S31580E421D02D746F2D636F756E740070616E656C2DF2
S31580E421E06473692D6C72782D746F2D636F756E745C
S31580E421F00070616E656C2D6473692D6274612D74F3
S31580E422006F2D636F756E740070616E656C2D64738B
S31580E42210692D742D77616B6575700070616E656C80
S31580E422202D6473692D7069782D6669666F2D736583
S31580E422306E642D6C6576656C0070616E656C2D647C
S31580E4224073692D69662D636F6C6F722D636F646934
S31580E422506E670070616E656C2D6473692D70697844
S31580E422602D666F726D61740070616E656C2D64733A
S31580E42270692D7673796E632D706F6C0070616E650F
S31580E422806C2D6473692D6873796E632D706F6C0041
S31580E4229070616E656C2D6473692D766964656F2DE6
S31580E422A06D6F64650070616E656C2D6473692D680D
S31580E422B066700070616E656C2D6473692D686270FA
S31580E422C00070616E656C2D6473692D68736100704E
S31580E422D0616E656C2D6473692D6D756C742D706B90
S31580E422E074732D656E0070616E656C2D6473692DF3
S31580E422F07662700070616E656C2D6473692D7666A6
S31580E42300700070616E656C2D6473692D76736100FF
S31580E4231070616E656C2D6473692D626C6C702D6D65
S31580E423206F64650070616E656C2D6473692D757379
S31580E42330652D6E756C6C2D706B742D626C6C700093
S31580E4234070616E656C2D6473692D76630070616E61
S31580E42350656C2D6473692D636D642D747970650085
S31580E4236070616E656C2D6473692D636C6B0070614E
S31580E423706E656C2D746870770070616E656C2D7413
S31580E4238068620070616E656C2D7468660070616E5B
S31580E42390656C2D747670770070616E656C2D7476DD
S31580E423A0620070616E656C2D7476660070616E6530
S31580E423B06C2D70636C6B2D706F6C0070616E656CE8
S31580E423C02D6873796E632D706F6C0070616E656CC9
S31580E423D02D7673796E632D706F6C0070616E656CAB
S31580E423E02D766F676174652D706F6C0070616E65B4
S31580E423F06C2D6275732D77696474680070616E659F
S31580E424006C2D7468640070616E656C2D74766400FE
S31580E42410616C6C6F63206C63646320696E666F20A5
S31580E42420627566666572206572726F720A00616CA7
S31580E424306C6F63206C63646320696E666F2062757B
S31580E424406666657232206572726F720A00657272B0
S31580E424502C206765742064746220616E64207061E8
S31580E42460727365206C636420706172616D657465F6
S31580E4247072210A007077725F6770696F3A2564200B
S31580E424807077725F6770696F5F6163746976653A66
S31580E4249025640A004572723A6E6F206C6364207319
S31580E424A06861726570696E20706172616D6574656C
S31580E424B072210A00616C6C6F63206C6364632064D0
S31580E424C0736920696E666F206275666665722065DB
S31580E424D072726F720A006173696320706C6C206932
S31580E424E0732025644D487A210A004572723A6E6FEC
S31580E424F0206D707520736861726570696E20706195
S31580E4250072616D65746572210A0070616E656C2D09
S31580E42510646174612D77696474680070616E656C5A
S31580E425202D636F6C6F722D6D6F64650070616E657F
S31580E425306C2D72732D706F6C617269747900706141
S31580E425406E656C2D77722D6379636C650070616E50
S31580E42550656C2D77722D6C6F770070616E656C2D6E
S31580E42560646972656374696F6E000A0A2D2D2D2D78
S31580E425702D2D2D2D2D2D2D2D2D2D2D2D2D2D2D2D21
S31580E425802D2D2D666666666666666666666666662C
S31580E42590666666666666666666662D2D2D2D2D2DC7
S31580E425A02D2D2D2D2D2D2D2D2D2D2D2D2D0A0A0064
S31580E425B04D50552050414E454C2049442025780ABB
S31580E425C0006D70752070697820666F726D61742015
S31580E425D03D2025780A00646973706C6179206F6B9D
S31580E425E0210A006C63645F64697361626C650D0AD9
S31580E425F000686561727462656174203D2025780A9D
S31580E42600004641543A204D6973616C69676E65642E
S31580E426102062756666657220616464726573732090
S31580E42620282570290A00464154333220202000466A
S31580E426304154313220202000464154313620202036
S31580E4264000496E76616C69642046415420656E74F7
S31580E4265072790A0055AA002A2A2050617274697434
S31580E42660696F6E202564206E6F742076616C696470
S31580E42670206F6E20646576696365202564202A2A46
S31580E426800A004572726F723A20464154207365633C
S31580E42690746F722073697A65206D69736D61746392
S31580E426A068202866733D2568752C206465763D250B
S31580E426B06C75290A0020202020202020202020203C
S31580E426C020257325630A002025386C642020202584
S31580E426D07325630A000A25642066696C6528732974
S31580E426E02C202564206469722873290A0A004572BD
S31580E426F0726F722072656164696E6720636C75734C
S31580E427007465720A004E6F2063757272656E74200A
S31580E427106465766963650A00496E746572666163A9
S31580E42720653A202000556E6B6E6F776E000A202026
S31580E427304465766963652025643A20000A4E6F20F5
S31580E4274076616C69642046415420667320666F75B1
S31580E427506E640A0046696C6573797374656D3A20B4
S31580E42760257320222573220A0072656164696E6787
S31580E427702025730A002A2A20556E61626C652074CE
S31580E427806F20726561642066696C65202573202AF2
S31580E427902A0A0043616E2774206C69737420666923
S31580E427A06C657320776974686F75742061206669D7
S31580E427B06C6573797374656D210A0025732F2573AF
S31580E427C00043616E2774206C6F61642066696C6572
S31580E427D020776974686F757420612066696C6573A7
S31580E427E0797374656D210A002A2A20556E726563B1
S31580E427F06F676E697A65642066696C6573797374EC
S31580E42800656D2074797065202A2A0A002A2A205563
S31580E428106E61626C6520746F207772697465206678
S31580E42820696C65202573202A2A0A00626F6F7466B4
S31580E42830696C65002A2A204E6F20626F6F74206669
S31580E42840696C6520646566696E6564202A2A0A0077
S31580E428502A2A2045727220646F206C6F616420613D
S31580E42860646472657373206265796F6E64207562E1
S31580E428706F6F742072616E6765202A2A0A00256468
S31580E42880206279746573207265616420696E20259F
S31580E428906C75206D73002028002564206279746548
S31580E428A073207772697474656E20696E20256C7501
S31580E428B0206D73003C76616C6964206F666673652F
S31580E428C0742F6C656E6774683E003C6E6F2065722B
S31580E428D0726F723E003C756E6B6E6F776E206572BA
S31580E428E0726F723E004644545F4552525F4E4F5477
S31580E428F0464F554E44004644545F4552525F4558D0
S31580E4290049535453004644545F4552525F4E4F53A5
S31580E4291050414345004644545F4552525F424144E8
S31580E429204F4646534554004644545F4552525F42AF
S31580E42930414450415448004644545F4552525F42B4
S31580E4294041445354415445004644545F4552525F92
S31580E429505452554E4341544544004644545F45528F
S31580E42960525F4241444D41474943004644545F45A2
S31580E4297052525F42414456455253494F4E00464473
S31580E42980545F4552525F42414453545255435455E1
S31580E429905245004644545F4552525F4241444C415D
S31580E429A0594F555400256C6C7520427974657325AE
S31580E429B07300256C75002E256C64002025636942BE
S31580E429C02573002025302A78002020202025730ACC
S31580E429D000252E2A732564004E6F2076616C696427
S31580E429E02046445420666F756E64202D20706C6595
S31580E429F061736520617070656E64206F6E652074A6
S31580E42A006F20552D426F6F742062696E6172792CE6
S31580E42A102075736520752D626F6F742D6474622ED4
S31580E42A2062696E206F7220646566696E6520434FC5
S31580E42A304E4649475F4F465F454D4245442E2046C4
S31580E42A406F722073616E64626F782C207573652073
S31580E42A502D64203C66696C652E6474623E0A002FA0
S31580E42A60636F6E666967003C6E6F6E653E00616E8D
S31580E42A70796B612C616B3337652D6C63642D63747C
S31580E42A80726C00616E796B612C616B3337652D6D89
S31580E42A906D633000616E796B612C616B3337652DC4
S31580E42AA06D6D633100616E796B612C616B33376573
S31580E42AB02D6D6D633200616E796B612C616B33379A
S31580E42AC0652D65746865726E657400616E796B6197
S31580E42AD02C616B3337652D65746865726E65743108
S31580E42AE0006E76696469612C746567726132302D33
S31580E42AF065686369006E76696469612C746567727A
S31580E42B006133302D65686369006E76696469612C2A
S31580E42B1074656772613131342D65686369006E76F8
S31580E42B20696469612C74656772613131342D693207
S31580E42B3063006E76696469612C74656772613230AC
S31580E42B402D693263006E76696469612C7465677297
S31580E42B506132302D6932632D647663006E76696402
S31580E42B6069612C746567726132302D656D63006EC0
S31580E42B7076696469612C746567726132302D656D3E
S31580E42B80632D7461626C65006E76696469612C7428
S31580E42B906567726132302D6B6263006E7669646953
S31580E42BA0612C746567726132302D6E616E64006E7D
S31580E42BB076696469612C746567726132302D7077E9
S31580E42BC06D006E76696469612C7465677261323012
S31580E42BD02D6463006E76696469612C7465677261DD
S31580E42BE033302D7364686369006E76696469612C39
S31580E42BF0746567726132302D7364686369006E76DA
S31580E42C00696469612C746567726132302D73666CB0
S31580E42C10617368006E76696469612C746567726154
S31580E42C2032302D736C696E6B006E76696469612CE3
S31580E42C3074656772613131342D73706900736D73B5
S31580E42C40632C6C616E393231350073616D73756EE8
S31580E42C50672C6578796E6F732D73726F6D6300730D
S31580E42C60616D73756E672C733363323434302D69DA
S31580E42C7032630073616D73756E672C6578796E6FF8
S31580E42C80732D736F756E6400776F6C66736F6E2CDD
S31580E42C90776D383939342D636F6465630073616D9C
S31580E42CA073756E672C6578796E6F732D73706900B2
S31580E42CB0676F6F676C652C63726F732D65630067EE
S31580E42CC06F6F676C652C63726F732D65632D6B65AF
S31580E42CD079620073616D73756E672C6578796E6F52
S31580E42CE0732D656863690073616D73756E672C65B2
S31580E42CF078796E6F732D7573622D70687900736160
S31580E42D006D73756E672C6578796E6F732D746D75DA
S31580E42D100073616D73756E672C6578796E6F732D4C
S31580E42D2066696D640073616D73756E672C65787919
S31580E42D306E6F73352D64700073616D73756E672C79
S31580E42D406578796E6F73353235302D64776D6D6362
S31580E42D500073616D73756E672C6578796E6F733405
S31580E42D603231302D75617274006D6178696D2C6DC8
S31580E42D70617837373638365F706D696300737069AA
S31580E42D802D666C617368006D6178696D2C6D617810
S31580E42D9039383039352D636F64656300696E6669E9
S31580E42DA06E656F6E2C736C62393633352D74706D47
S31580E42DB000696E66696E656F6E2C736C6239363443
S31580E42DC0352D74706D0073616D73756E672C6578DF
S31580E42DD0796E6F73352D68736932630023232320FC
S31580E42DE04552524F522023232320506C65617365EC
S31580E42DF02052455345542074686520626F6172643D
S31580E42E00202323230A002323204552524F523A207B
S31580E42E10756E737570706F72746564206D617463BA
S31580E42E2068206D6574686F643A203078253032782E
S31580E42E300A00456E76206578706F727420627566D6
S31580E42E4066657220746F6F20736D616C6C3A2025B1
S31580E42E507A752C20627574206E65656420257A7592
S31580E42E600A0068696D706F72745F723A2063616E8E
S31580E42E70277420696E73657274202225733D2573E9
S31580E42E802220696E746F2068617368207461626C55
S31580E42E90650A005741524E494E473A202725732703
S31580E42EA0206E65697468657220696E2072756E6ECF
S31580E42EB0696E67206E6F7220696E20696D706F72BD
S31580E42EC074656420656E76210A005741524E494EF8
S31580E42ED0473A2027257327206E6F7420696E206910
S31580E42EE06D706F7274656420656E762C2064656C93
S31580E42EF06574696E67206974210A004552524F529F
S31580E42F003A204661696C656420746F20616C6C6FED
S31580E42F1063617465203078256C7820627974657392
S31580E42F202062656C6F77203078256C782E0A002EC7
S31580E42F302530336C64003C4E554C4C3E0025733A48
S31580E42F4025753A2025733A20417373657274696FE7
S31580E42F506E2060257327206661696C65642E002582
S31580E42F602A6C6C75002323205761726E696E673113
S31580E42F703A20676174657761796970206E65656406
S31580E42F80656420627574206E6F74207365740A00BC
S31580E42F902323205761726E696E67323A20676174C3
S31580E42FA0657761796970206E6565646564206275AC
S31580E42FB074206E6F74207365740A0023232057612E
S31580E42FC0726E696E67333A20676174657761796991
S31580E42FD070206E656564656420627574206E6F74B6
S31580E42FE0207365740A000A415250205265747279DE
S31580E42FF020636F756E742065786365656465643B8C
S31580E43000207374617274696E6720616761696E0AA0
S31580E4301000626164206C656E677468202564203C78
S31580E430202025640A002A2A2A205741524E494E47CF
S31580E430303A20257320697320746F6F206C6F6E67F6
S31580E4304020282564202D206D61783A202564292066
S31580E430502D207472756E63617465640A00486F73BB
S31580E4306074204E616D6500526F6F74205061746890
S31580E43070004E495320446F6D61696E204E616D65E3
S31580E4308000424F4F54502062726F6164636173747F
S31580E430902025640A000A526574727920636F756E1E
S31580E430A0742065786365656465643B2073746172D6
S31580E430B074696E6720616761696E0A006574686128
S31580E430C063740025704D0025732564616464720021
S31580E430D0257361646472006574682E630065746840
S31580E430E025646D6163736B6970006574686D616393
S31580E430F0736B6970000A5761726E696E673A202550
S31580E4310073204D41432061646472657373657320F3
S31580E43110646F6E2774206D617463683A0A00416453
S31580E43120647265737320696E2053524F4D206973C0
S31580E4313020202020202020202025704D0A00416474
S31580E43140647265737320696E20656E7669726F6EDC
S31580E431506D656E74206973202025704D0A00426F78
S31580E43160617264204E657420496E697469616C6924
S31580E431707A6174696F6E204661696C65640A00439E
S31580E431805055204E657420496E697469616C697A1C
S31580E431906174696F6E204661696C65640A004E6588
S31580E431A07420496E697469616C697A6174696F6E59
S31580E431B020536B69707065640A006574687072691F
S31580E431C06D65002C2000205B5052494D455D000A18
S31580E431D05761726E696E673A2065746820646576B5
S31580E431E0696365206E616D65206861732061207313
S31580E431F070616365210A00657468000A5761726EBE
S31580E43200696E673A206661696C656420746F2073C1
S31580E432106574204D414320616464726573730A006A
S31580E43220657468726F7461746500547279696E67E7
S31580E432302025730A00756E6B6E6F776E0061757408
S31580E432406F6C6F6164006E65747265747279006F19
S31580E432506E6365002049434D5020486F7374205255
S31580E432606564697265637420746F202570493420BF
S31580E432700025642E25642E25642E2564006E766CE6
S31580E43280616E002A2A2A204552524F523A207069AA
S31580E432906E672061646472657373206E6F742067F1
S31580E432A06976656E0A002A2A2A204552524F523A96
S31580E432B02060736572766572697027206E6F7420FC
S31580E432C07365740A002A2A2A204552524F523A20BC
S31580E432D06069706164647227206E6F7420736574AC
S31580E432E00A002A2A2A204552524F523A204E6F200B
S31580E432F065746865726E657420666F756E642E0A91
S31580E43300002A2A2A204552524F523A206065746830
S31580E433106164647227206E6F74207365740A002A70
S31580E433202A2A204552524F523A20606574682564B1
S31580E433306164647227206E6F74207365740A000A70
S31580E4334041626F72740A00427974657320747261A3
S31580E433506E73666572726564203D20256C642028F0
S31580E43360256C7820686578290A0066696C656164ED
S31580E433706472005573696E67202573206465766987
S31580E4338063650A0077786A3A54667470207761696F
S31580E43390742074696D65206F757421200A006F63EB
S31580E433A074657400626C6B73697A6525632564253C
S31580E433B0630046696C6520746F6F206C6172676523
S31580E433C00046696C652068617320626164206D6182
S31580E433D067696300626C6B73697A65000A54465464
S31580E433E050206572726F723A2046697273742062F5
S31580E433F06C6F636B206973206E6F7420626C6F638D
S31580E434006B20312028256C64290A537461727469AF
S31580E434106E6720616761696E0A0A006364683A0AC6
S31580E434200920000A646F6E650A000A5446545020E7
S31580E434306572726F723A20272573272028256429BE
S31580E434400A004E6F74207265747279696E672E2EE7
S31580E434502E0A0074667470626C6F636B73697A6546
S31580E43460007466747074696D656F7574005446543F
S31580E43470502074696D656F75742028256C64206DA1
S31580E43480732920746F6F206C6F772C20736574209A
S31580E434906D696E696D756D203D2031303030206DFB
S31580E434A0730A002530325825303258253032582573
S31580E434B03032582E696D67002A2A2A205761726E47
S31580E434C0696E673A206E6F20626F6F742066696CEE
S31580E434D065206E616D653B207573696E672027256F
S31580E434E073270A00544654502025732073657276F8
S31580E434F0657220257049343B206F757220495020CF
S31580E435006164647265737320697320257049340A33
S31580E435100066726F6D003B2073656E64696E67202A
S31580E435207468726F756768206761746577617920FE
S31580E43530257049340046696C656E616D6520272582
S31580E4354073272E0A002053697A65206973203078C0
S31580E435502578204279746573203D20004C6F616440
S31580E4356020616464726573733A203078256C780AD6
S31580E43570004C6F6164696E673A202A080020450032
S31580E43580524F2000202053697A653A20256C6420C6
S31580E435904B4220696E20256420536563746F727391
S31580E435A00A002020536563746F72205374617274C9
S31580E435B0204164647265737365733A000A2020203F
S31580E435C000202530386C5825732573002D206E6FC6
S31580E435D020736563746F727320746F206572617390
S31580E435E0650A002D205761726E696E673A202564FC
S31580E435F02070726F74656374656420736563746F39
S31580E4360072732077696C6C206E6F742062652065B6
S31580E436107261736564210A0053463A206572617368
S31580E4362065206661696C65640A0053463A20777260
S31580E43630697465206661696C65640A00776169749A
S31580E4364020726561642026207772697465206964D6
S31580E436506C652074696D656F7574210A007761699C
S31580E436607420656675736520726561642066696E2B
S31580E436706973682074696D656F7574210A006E6F6D
S31580E4368020706172746974696F6E7320666F7220DC
S31580E43690646576696365282573290A006E6F2066FA
S31580E436A0696E642025732C706C7320636865636B24
S31580E436B00D0A0025733A2073697A653A30782530A5
S31580E436C0386C6C782C206F66667365743A3078252E
S31580E436D030386C6C780A006E6F2066696E642025DB
S31580E436E06C642C706C7320636865636B0D0A004CA4
S31580E436F04F474F0065726F723A676574206C6F67E7
S31580E437006F20706172746974696F6E20696E666F1A
S31580E43710206661696C0A0025733A207370695F6676
S31580E437206C6173682070726F6265206572726F7205
S31580E437302E0A0025733A207370695F666C6173683C
S31580E437402072656164206572726F722E0A00666407
S31580E43750745F63686F73656E3A206572726F720A1E
S31580E4376000626F6F74617267733D006D746470613B
S31580E437707274733D6D746470617274733D006D74BC
S31580E43780647061727473313D006D656D3D6D656D18
S31580E437903D006D656D73697A653D6D656D73697AB6
S31580E437A0653D005741524E494E473A20636F756CEA
S31580E437B064206E6F742073657420626F6F746172B7
S31580E437C067732E0A0072616973653A205369676E7E
S31580E437D0616C2023202564206361756768740A0020
S31580E437E0202020202020202000552D426F6F742039
S31580E437F0323031332E31302E302D56332E312E3336
S31580E438003420284D61792030382032303236202DEC
S31080E438102031333A33373A3231290055
S31580E4381C010000000300000000000000000000002E
S30D80E4382C00000000000000002A
S31580E438340001000001010000020100000301000010
S31580E4384404010000050100000601000007010000F0
S31580E4385400000000FF00000001000000FF000000FB
S31580E4386402000000FF00000003000000FF000000E7
S31580E4387404000000FF00000005000000FF000000D3
S31580E4388402000000FF00000007000000FF000000C3
S31580E4389408000000FF00000009000000FF000000AB
S31580E438A402000000FF00000002000000FF000000A8
S31580E438B402000000FF00000002000000FF00000098
S31580E438C40E000000FF00000002000000FF0000007C
S31580E438D402000000FF0000008413E080D813E08037
S31580E438E4540BE380785AE3808C03E080701EE28094
S31580E438F4AC13E080A4A2E280DCFFE1808C13E08058
S31580E43904A05AE380000000005B61646472205B611A
S31580E439147267202E2E2E5D5D0A202020202D2062C3
S31580E439246F6F74206170706C69636174696F6E2003
S31580E43934696D6167652073746F72656420696E204E
S31580E439446D656D6F72790A0970617373696E672048
S31580E43954617267756D656E74732027617267202E54
S31580E439642E2E273B207768656E20626F6F74696EAE
S31580E43974672061204C696E7578206B65726E656C20
S31580E439842C0A0927617267272063616E20626520A9
S31580E439947468652061646472657373206F662061FC
S31580E439A46E20696E6974726420696D6167650A095B
S31580E439B45768656E20626F6F74696E672061204C08
S31580E439C4696E7578206B65726E656C207768696359
S31580E439D468207265717569726573206120666C61AD
S31580E439E474206465766963652D747265650A096114
S31580E439F420746869726420617267756D656E74207B
S31580E43A046973207265717569726564207768696320
S31580E43A14682069732074686520616464726573736D
S31580E43A24206F66207468650A096465766963652D22
S31580E43A347472656520626C6F622E20546F20626FA7
S31580E43A446F742074686174206B65726E656C20771C
S31580E43A546974686F757420616E20696E69747264C2
S31580E43A6420696D6167652C0A097573652061202771
S31580E43A742D2720666F7220746865207365636F6E84
S31580E43A846420617267756D656E742E20496620794B
S31580E43A946F7520646F206E6F742070617373206118
S31580E43AA42074686972640A09612062645F696E6677
S31580E43AB46F207374727563742077696C6C206265A5
S31580E43AC42070617373656420696E73746561640AD6
S31580E43AD40A5375622D636F6D6D616E647320746FC2
S31580E43AE420646F2070617274206F66207468652028
S31580E43AF4626F6F746D2073657175656E63652E2070
S31580E43B0420546865207375622D636F6D6D616E6490
S31580E43B1473206D7573742062650A6973737565645D
S31580E43B2420696E20746865206F72646572206265AC
S31580E43B346C6F77202869742773206F6B20746F20E9
S31580E43B446E6F7420697373756520616C6C2073750C
S31580E43B54622D636F6D6D616E6473293A0A097374B9
S31580E43B64617274205B61646472205B617267202E87
S31580E43B742E2E5D5D0A096C6F61646F7320202D209F
S31580E43B846C6F6164204F5320696D6167650A0972BD
S31580E43B94616D6469736B202D2072656C6F636174E7
S31580E43BA46520696E697472642C2073657420656E0D
S31580E43BB47620696E697472645F73746172742F6952
S31580E43BC46E697472645F656E640A0966647420203F
S31580E43BD42020202D2072656C6F6361746520666C89
S31580E43BE461742064657669636520747265650A091F
S31580E43BF4636D646C696E65202D204F532073706504
S31580E43C04636966696320636F6D6D616E64206C6954
S31580E43C146E652070726F63657373696E672F7365FF
S31580E43C247475700A0962647420202020202D204F44
S31580E43C34532073706563696669632062645F742084
S31580E43C4470726F63657373696E670A0970726570FF
S31580E43C54202020202D204F53207370656369666984
S31580E43C64632070726570206265666F726520726522
S31580E43C746C6F636174696F6E206F7220676F0A0973
S31580E43C84676F2020202020202D2073746172742095
S31580E43C944F53000073F1E38000000000010000004C
S31580E43CA4010000007C35E4807C35E480000000007B
S31580E43CB497C2E380000000000100000008000000D1
S31580E43CC47C35E4807C35E480000000009EC2E38099
S31580E43CD40000000001000000100000007C35E48050
S31580E43CE47C35E48000000000B3F7E3800000000044
S31580E43CF401000000200000007C35E4807C35E4800B
S31580E43D0400000000A6C2E380000000000100000079
S31580E43D14400000007C35E4807C35E48000000000CB
S31580E43D24AEC2E380000000000100000080000000D1
S31580E43D347C35E4807C35E48000000000B2C2E38014
S31580E43D440000000001000000000100007C35E480EE
S31580E43D547C35E48000000000B7C2E3800000000004
S31580E43D6401000000000200007C35E4807C35E480B8
S31580E43D740000000034BEE38000000000010000007F
S31580E43D84000400007C35E4807C35E4800000000097
S31580E43D940909090909090909090909090909090925
S31580E43DA40909090909090909090909090909090915
S31580E43DB4002F0061646472205B2D635D20203C6186
S31580E43DC46464723E205B3C6C656E6774683E5D2019
S31580E43DD420202D2053657420746865205B636F6EA0
S31580E43DE474726F6C5D20666474206C6F636174694D
S31580E43DF46F6E20746F203C616464723E0A666474F8
S31580E43E04206D6F76652020203C6664743E203C6E8B
S31580E43E146577616464723E203C6C656E6774683E63
S31580E43E24202D20436F70792074686520666474203D
S31580E43E34746F203C616464723E20616E64206D61BB
S31580E43E446B65206974206163746976650A66647453
S31580E43E5420726573697A6520202020202020202022
S31580E43E6420202020202020202020202020202020E4
S31580E43E74202D20526573697A652066647420746F94
S31580E43E842073697A65202B2070616464696E672087
S31580E43E94746F20346B20616464720A66647420707F
S31580E43EA472696E7420203C706174683E205B3C7059
S31580E43EB4726F703E5D202020202020202020202D3B
S31580E43EC420526563757273697665207072696E745F
S31580E43ED4207374617274696E67206174203C7061C6
S31580E43EE474683E0A666474206C6973742020203C8A
S31580E43EF4706174683E205B3C70726F703E5D202016
S31580E43F0420202020202020202D205072696E7420C9
S31580E43F146F6E65206C6576656C2073746172746902
S31580E43F246E67206174203C706174683E0A666474CA
S31580E43F34206765742076616C7565203C7661723E93
S31580E43F44203C706174683E203C70726F703E202021
S31580E43F54202D20476574203C70726F706572747985
S31580E43F643E20616E642073746F726520696E203CB2
S31580E43F747661723E0A66647420676574206E616D48
S31580E43F8465203C7661723E203C706174683E203CD8
S31580E43F94696E6465783E2020202D20476574206E02
S31580E43FA4616D65206F66206E6F6465203C696E641E
S31580E43FB465783E20616E642073746F726520696EE1
S31580E43FC4203C7661723E0A66647420676574206177
S31580E43FD4646472203C7661723E203C706174683E0F
S31580E43FE4203C70726F703E202020202D204765741B
S31580E43FF42073746172742061646472657373206F70
S31580E4400466203C70726F70657274793E20616E646A
S31580E440142073746F726520696E203C7661723E0A01
S31580E44024666474206765742073697A65203C766176
S31580E44034723E203C706174683E205B3C70726F70A3
S31580E440443E5D20202D204765742073697A65206F50
S31580E4405466205B3C70726F70657274793E5D206F26
S31580E4406472206E756D206E6F64657320616E642054
S31580E4407473746F726520696E203C7661723E0A665B
S31580E44084647420736574202020203C706174683ED7
S31580E44094203C70726F703E205B3C76616C3E5D20A2
S31580E440A42020202D20536574203C70726F706572D5
S31580E440B474793E205B746F203C76616C3E5D0A665F
S31580E440C46474206D6B6E6F6465203C706174683EC5
S31580E440D4203C6E6F64653E20202020202020202012
S31580E440E42020202D204372656174652061206E65ED
S31580E440F477206E6F6465206166746572203C7061B6
S31580E4410474683E0A66647420726D20202020203C04
S31580E44114706174683E205B3C70726F703E5D2020F3
S31580E4412420202020202020202D2044656C65746581
S31580E4413420746865206E6F6465206F72203C7072AB
S31580E441446F70657274793E0A666474206865616426
S31580E44154657220202020202020202020202020205A
S31580E441642020202020202020202020202D20446967
S31580E4417473706C61792068656164657220696E66C2
S31580E441846F0A66647420626F6F74637075203C6929
S31580E44194643E20202020202020202020202020204F
S31580E441A42020202020202D2053657420626F6F7494
S31580E441B42063707569640A666474206D656D6F72D4
S31580E441C479203C616464723E203C73697A653E205E
S31580E441D420202020202020202020202D20416464BB
S31580E441E42F557064617465206D656D6F7279206E88
S31580E441F46F64650A666474207273766D656D207087
S31580E4420472696E7420202020202020202020202003
S31580E4421420202020202020202D2053686F772063BF
S31580E44224757272656E74206D656D207265736572E0
S31580E442347665730A666474207273766D656D20613F
S31580E442446464203C616464723E203C73697A653EAE
S31580E4425420202020202020202D20416464206120F9
S31580E442646D656D20726573657276650A666474201D
S31580E442747273766D656D2064656C657465203C69DE
S31580E442846E6465783E202020202020202020202073
S31580E442942D2044656C6574652061206D656D20729E
S31580E442A4657365727665730A6664742063686F738E
S31580E442B4656E205B3C73746172743E203C656E6407
S31580E442C43E5D202020202020202020202D204164B3
S31580E442D4642F75706461746520746865202F6368DF
S31580E442E46F73656E206272616E636820696E207492
S31580E442F4686520747265650A2020202020202020A9
S31580E44304202020202020202020202020202020203F
S31580E44314202020202020202020202020202020202F
S31580E443243C73746172743E2F3C656E643E202D202A
S31580E44334696E697472642073746172742F656E64D1
S31580E4434420616464720A4E4F54453A20446572652A
S31580E44354666572656E636520616C696173657320F5
S31580E443646279206F6D6974696E6720746865206C00
S31580E44374656164696E6720272F272C20652E672E56
S31580E4438420666474207072696E74206574686572DC
S31580E443946E6574302E00000040000000FFFFFFFFCE
S31580E443A40A202020202D206C697374207061727435
S31580E443B46974696F6E207461626C650A6D74647085
S31580E443C4617274732064656C616C6C0A20202020AD
S31580E443D42D2064656C65746520616C6C20706172F3
S31580E443E4746974696F6E730A6D74647061727473DC
S31580E443F42064656C20706172742D69640A202020BF
S31580E44404202D2064656C65746520706172746974AA
S31580E44414696F6E2028652E672E20706172742D690B
S31580E4442464203D206E616E64302C31290A6D746497
S31580E44434706172747320616464203C6D74642D6469
S31580E4444465763E203C73697A653E5B403C6F66667E
S31580E444547365743E5D205B3C6E616D653E5D205B99
S31580E44464726F5D0A202020202D20616464207061AF
S31580E4447472746974696F6E0A6D746470617274734C
S31580E444842064656661756C740A202020202D207270
S31580E444946573657420706172746974696F6E20746F
S31580E444A461626C6520746F2064656661756C74738F
S31580E444B40A0A2D2D2D2D2D0A0A7468697320636FDB
S31580E444C46D6D616E64207573657320746872656559
S31580E444D420656E7669726F6E6D656E742076617230
S31580E444E46961626C65733A0A0A27706172746974E5
S31580E444F4696F6E27202D206B6565707320637572F2
S31580E4450472656E7420706172746974696F6E206901
S31580E4451464656E7469666965720A0A70617274693F
S31580E4452474696F6E20203A3D203C706172742D6903
S31580E44534643E0A3C706172742D69643E20203A3D7F
S31580E44544203C6465762D69643E2C706172745F6E7A
S31580E44554756D0A0A276D746469647327202D206C4B
S31580E44564696E7578206B65726E656C206D746420F3
S31580E44574646576696365206964203C2D3E20752DE7
S31580E44584626F6F7420646576696365206964206DFF
S31580E44594617070696E670A0A6D74646964733D3C1C
S31580E445A469646D61703E5B2C3C69646D61703E2C1C
S31580E445B42E2E2E5D0A0A3C69646D61703E202020AD
S31580E445C4203A3D203C6465762D69643E3D3C6D74B9
S31580E445D4642D69643E0A3C6465762D69643E2020D4
S31580E445E4203A3D20276E616E64277C276E6F72279E
S31580E445F47C276F6E656E616E64273C6465762D6E8A
S31580E44604756D3E0A3C6465762D6E756D3E20203A62
S31580E446143D206D746420646576696365206E756D8A
S31580E446246265722C20302E2E2E0A3C6D74642D69BC
S31580E44634643E2020203A3D20756E69717565206458
S31580E446446576696365207461672075736564206241
S31580E4465479206C696E7578206B65726E656C2074EE
S31580E446646F2066696E64206D74642064657669631C
S31580E446746520286D74642D3E6E616D65290A0A276A
S31580E446846D7464706172747327202D207061727402
S31580E446946974696F6E206C6973740A0A6D746470E4
S31580E446A4617274733D6D746470617274733D3C6D50
S31580E446B474642D6465663E5B3B3C6D74642D64650D
S31580E446C4663E2E2E2E5D0A0A3C6D74642D64656600
S31580E446D43E20203A3D203C6D74642D69643E3A3C28
S31580E446E4706172742D6465663E5B2C3C7061727491
S31580E446F42D6465663E2E2E2E5D0A3C6D74642D69AA
S31580E44704643E2020203A3D20756E69717565206487
S31580E447146576696365207461672075736564206270
S31580E4472479206C696E7578206B65726E656C20741D
S31580E447346F2066696E64206D74642064657669634B
S31580E447446520286D74642D3E6E616D65290A3C701E
S31580E447546172742D6465663E203A3D203C73697AC1
S31580E44764653E5B403C6F66667365743E5D5B3C6E3A
S31580E44774616D653E5D5B3C726F2D666C61673E5D23
S31580E447840A3C73697A653E20202020203A3D2073D2
S31580E4479474616E64617264206C696E7578206D658B
S31580E447A46D73697A65204F5220272D2720746F20F4
S31580E447B464656E6F746520616C6C2072656D616985
S31580E447C46E696E672073706163650A3C6F666673AF
S31580E447D465743E2020203A3D207061727469746960
S31580E447E46F6E207374617274206F66667365742069
S31580E447F477697468696E207468652064657669632C
S31580E44804650A3C6E616D653E20202020203A3D2079
S31580E44814272827204E414D45202729270A3C726FB5
S31580E448242D666C61673E20203A3D207768656E206C
S31580E4483473657420746F2027726F27206D616B65AE
S31580E448447320706172746974696F6E2072656164D1
S31580E448542D6F6E6C7920286E6F7420757365642C65
S31580E448642070617373656420746F206B65726E6502
S31580E448746C290064656661756C74205B2D665D20C5
S31580E448842D61202D205B666F726369626C795D208D
S31580E4489472657365742064656661756C7420656E8F
S31580E448A47669726F6E6D656E740A656E762064657C
S31580E448B46661756C74205B2D665D20766172205B1F
S31580E448C42E2E2E5D202D205B666F726369626C7971
S31580E448D45D207265736574207661726961626C6564
S31580E448E428732920746F2074686569722064656608
S31580E448F461756C742076616C7565730A656E762071
S31580E4490464656C657465205B2D665D2076617220D2
S31580E449145B2E2E2E5D202D205B666F726369626C3E
S31580E44924795D2064656C657465207661726961621B
S31580E449346C652873290A656E76206578706F72745F
S31580E44944205B2D74207C202D62207C202D635D20C9
S31580E449545B2D732073697A655D2061646472205B80
S31580E44964766172202E2E2E5D202D206578706F72EE
S31580E449747420656E7669726F6E6D656E740A656EA3
S31580E449847620696D706F7274205B2D645D205B2D77
S31580E4499474207C202D62207C202D635D20616464F8
S31580E449A472205B73697A655D202D20696D706F7200
S31580E449B47420656E7669726F6E6D656E740A656E63
S31580E449C476207072696E74205B2D61207C206E6122
S31580E449D46D65202E2E2E5D202D207072696E7420D6
S31580E449E4656E7669726F6E6D656E740A656E762031
S31580E449F472756E20766172205B2E2E2E5D202D20BC
S31580E44A0472756E20636F6D6D616E647320696E205A
S31580E44A14616E20656E7669726F6E6D656E742076EE
S31580E44A2461726961626C650A656E76207361766526
S31580E44A34202D207361766520656E7669726F6E6D5E
S31580E44A44656E740A656E7620736574205B2D665D87
S31580E44A54206E616D65205B617267202E2E2E5D0A61
S31580E44A6400000000010000005ED9E380010000003C
S31580E44A74000000003CD3E1807C35E4807C35E4802E
S31580E44A8400000000B5E1E38020000000000000009F
S31580E44A9458CEE1807C35E4807C35E48000000000F7
S31580E44AA4BCE1E380040000000000000074D6E180E9
S31580E44AB47C35E4807C35E48000000000C3E1E38057
S31580E44AC40500000000000000F4D0E1807C35E48039
S31580E44AD47C35E48000000000CAE1E3802000000025
S31580E44AE4010000002CD0E1807C35E4807C35E480D0
S31580E44AF400000000CFDFE380200000000100000016
S31580E44B04F84EE2807C35E4807C35E4800000000065
S31580E44B14D0E1E3800100000000000000F4CEE180EF
S31580E44B247C35E4807C35E4800000000017BEE380B5
S31580E44B3420000000000000009CD5E1807C35E48000
S31580E44B447C35E480000000000000000000000000E2
S31580E44B544C4BE4804C4BE480544BE480544BE480EB
S31580E44B645C4BE4805C4BE480644BE480644BE4809B
S31580E44B746C4BE4806C4BE480744BE480744BE4804B
S31580E44B847C4BE4807C4BE480844BE480844BE480FB
S31580E44B948C4BE4808C4BE480944BE480944BE480AB
S31580E44BA49C4BE4809C4BE480A44BE480A44BE4805B
S31580E44BB4AC4BE480AC4BE480B44BE480B44BE4800B
S31580E44BC4BC4BE480BC4BE480C44BE480C44BE480BB
S31580E44BD4CC4BE480CC4BE480D44BE480D44BE4806B
S31580E44BE4DC4BE480DC4BE480E44BE480E44BE4801B
S31580E44BF4EC4BE480EC4BE480F44BE480F44BE480CB
S31580E44C04FC4BE480FC4BE480044CE480044CE48078
S31580E44C140C4CE4800C4CE480144CE480144CE48026
S31580E44C241C4CE4801C4CE480244CE480244CE480D6
S31580E44C342C4CE4802C4CE480344CE480344CE48086
S31580E44C443C4CE4803C4CE480444CE480444CE48036
S31580E44C544C4CE4804C4CE480544CE480544CE480E6
S31580E44C645C4CE4805C4CE480644CE480644CE48096
S31580E44C746C4CE4806C4CE480744CE480744CE48046
S31580E44C847C4CE4807C4CE480844CE480844CE480F6
S31580E44C948C4CE4808C4CE480944CE480944CE480A6
S31580E44CA49C4CE4809C4CE480A44CE480A44CE48056
S31580E44CB4AC4CE480AC4CE480B44CE480B44CE48006
S31580E44CC4BC4CE480BC4CE480C44CE480C44CE480B6
S31580E44CD4CC4CE480CC4CE480D44CE480D44CE48066
S31580E44CE4DC4CE480DC4CE480E44CE480E44CE48016
S31580E44CF4EC4CE480EC4CE480F44CE480F44CE480C6
S31580E44D04FC4CE480FC4CE480044DE480044DE48073
S31580E44D140C4DE4800C4DE480144DE480144DE48021
S31580E44D241C4DE4801C4DE480244DE480244DE480D1
S31580E44D342C4DE4802C4DE480344DE480344DE48081
S31580E44D443C4DE4803C4DE480444DE480444DE48031
S31580E44D544C4DE4804C4DE480544DE480544DE480E1
S31580E44D645C4DE4805C4DE480644DE480644DE48091
S31580E44D746C4DE4806C4DE480744DE480744DE48041
S31580E44D847C4DE4807C4DE480844DE480844DE480F1
S31580E44D948C4DE4808C4DE480944DE480944DE480A1
S31580E44DA49C4DE4809C4DE480A44DE480A44DE48051
S31580E44DB4AC4DE480AC4DE480B44DE480B44DE48001
S31580E44DC4BC4DE480BC4DE480C44DE480C44DE480B1
S31580E44DD4CC4DE480CC4DE480D44DE480D44DE48061
S31580E44DE4DC4DE480DC4DE480E44DE480E44DE48011
S31580E44DF4EC4DE480EC4DE480F44DE480F44DE480C1
S31580E44E04FC4DE480FC4DE480044EE480044EE4806E
S31580E44E140C4EE4800C4EE480144EE480144EE4801C
S31580E44E241C4EE4801C4EE480244EE480244EE480CC
S31580E44E342C4EE4802C4EE480344EE480344EE4807C
S31580E44E443C4EE4803C4EE480444EE480444EE4802C
S31580E44E544C4EE4804C4EE480544EE480544EE480DC
S31580E44E645C4EE4805C4EE480644EE480644EE4808C
S31580E44E746C4EE4806C4EE480744EE480744EE4803C
S31580E44E847C4EE4807C4EE480844EE480844EE480EC
S31580E44E948C4EE4808C4EE480944EE480944EE4809C
S31580E44EA49C4EE4809C4EE480A44EE480A44EE4804C
S31580E44EB4AC4EE480AC4EE480B44EE480B44EE480FC
S31580E44EC4BC4EE480BC4EE480C44EE480C44EE480AC
S31580E44ED4CC4EE480CC4EE480D44EE480D44EE4805C
S31580E44EE4DC4EE480DC4EE480E44EE480E44EE4800C
S31580E44EF4EC4EE480EC4EE480F44EE480F44EE480BC
S31580E44F04FC4EE480FC4EE480044FE480044FE48069
S31580E44F140C4FE4800C4FE480144FE480144FE48017
S31580E44F241C4FE4801C4FE480244FE480244FE480C7
S31580E44F342C4FE4802C4FE480344FE480344FE48077
S31580E44F443C4FE4803C4FE480444FE480444FE48027
S31580E44F54FFFFFFFF000002000000000000000000E5
S31580E44F64000000001C19E28000800082FFFFFFFF3E
S31580E44F74CBECE380D1ECE380D8ECE380000007005B
S31580E44F84010000005C010008000000000103070042
S31580E44F94010000005C01000800000000020607002E
S31580E44FA4010000005C01000800000000030907001A
S31580E44FB4010000005C01000800000000040C070006
S31580E44FC4010000005C01000800000000050F0700F2
S31580E44FD4010000005C0100080000000006120700DE
S31580E44FE4010000005C0100080000000007150700CA
S31580E44FF4010000005C0100080000000008180700B6
S31580E45004010000005C01000800000000091B0700A1
S31580E45014010000005C010008000000000A000700AB
S31580E450240100000060010008000000000B03070093
S31580E450340100000060010008000000000C0607007F
S31580E450440100000060010008000000000D0907006B
S31580E450540100000060010008000000000E0C070057
S31580E450640100000060010008000000000F0F070043
S31580E45074010000006001000800000000101207002F
S31580E45084010000006001000800000000111507001B
S31580E450940100000060010008000000001218070007
S31580E450A4010000006001000800000000131B0700F3
S31580E450B401000000600100080000000014000700FD
S31580E450C401000000640100080000000015030700E5
S31580E450D401000000640100080000000016060700D1
S31580E450E401000000640100080000000017090700BD
S31580E450F4010000006401000800000000180C0700A9
S31580E45104010000006401000800000000190F070094
S31580E451140100000064010008000000001A12070080
S31580E451240100000064010008000000001B1507006C
S31580E451340100000064010008000000001C18070058
S31580E451440100000064010008000000001D1B070044
S31580E451540100000064010008000000001E0007004E
S31580E451640100000068010008000000001F03070036
S31580E451740100000068010008000000002006070022
S31580E45184010000006801000800000000210907000E
S31580E45194010000006801000800000000220C0700FA
S31580E451A4010000006801000800000000230F0700E6
S31580E451B401000000680100080000000024120700D2
S31580E451C401000000680100080000000025150700BE
S31580E451D401000000680100080000000026180700AA
S31580E451E4010000006801000800000000271B070096
S31580E451F401000000680100080000000028000700A0
S31580E45204010000006C010008000000002903070087
S31580E45214010000006C010008000000002A06070073
S31580E45224010000006C010008000000002B0907005F
S31580E45234010000006C010008000000002C0C07004B
S31580E45244010000006C010008000000002D0F070037
S31580E45254010000006C010008000000002E12070023
S31580E45264010000006C010008000000002F1507000F
S31580E45274010000006C0100080000000030180700FB
S31580E45284010000006C01000800000000311B0700E7
S31580E45294010000006C0100080000000032000700F1
S31580E452A401000000700100080000000033030700D9
S31580E452B401000000700100080000000034060700C5
S31580E452C401000000700100080000000035090700B1
S31580E452D4010000007001000800000000360C07009D
S31580E452E4010000007001000800000000370F070089
S31580E452F40100000070010008000000003812070075
S31580E453040100000070010008000000003915070060
S31580E453140100000070010008000000003A1807004C
S31580E453240100000070010008000000003B1B070038
S31580E453340100000070010008000000003C00070042
S31580E453440100000074010008000000003D0307002A
S31580E453540100000074010008000000003E06070016
S31580E453640100000074010008000000003F09070002
S31580E45374010000007401000800000000400C0700EE
S31580E45384010000007401000800000000410F0700DA
S31580E4539401000000740100080000000042120700C6
S31580E453A401000000740100080000000043150700B2
S31580E453B4010000007401000800000000441807009E
S31580E453C4010000007401000800000000451B07008A
S31580E453D40100000074010008000000004600070094
S31580E453E4010000007801000800000000470307007C
S31580E453F40100000078010008000000004806070068
S31580E454040100000078010008000000004909070053
S31580E454140100000078010008000000004A0C07003F
S31580E454240100000078010008000000004B0F07002B
S31580E454340100000078010008000000004C12070017
S31580E454440100000078010008000000004D15070003
S31580E454540100000078010008000000004E180700EF
S31580E454640100000078010008000000004F1B0700DB
S31580E4547401000000780100080000000050000000EC
S31580E45484010000000000000000000000510000005C
S31580E45494010000000000000000000000520607003E
S31580E454A4010000007C0100080000000053090700A5
S31580E454B4010000007C01000800000000540C070091
S31580E454C4010000007C01000800000000550F07007D
S31580E454D4010000007C010008000000005612070069
S31580E454E4010000007C01000800000000FFFFFFFFCC
S31580E454F41820C200000010325470600000000000DE
S31580E455045898E280BC92E2801720C20000001032F0
S31580E4551454706000000000005898E280BC92E280F7
S31580E455241770200000001032547060000000000000
S31580E455343099E2809493E28018702000000010325F
S31580E4554454706000000000003099E2809493E28015
S31580E455541740200000001032547698EA0F000000C9
S31580E455645898E2804492E280184020000000103289
S31580E45574547698EA0F0000005898E2804492E280D8
S31580E4558417701C00000010325470600000000000A4
S31580E455945898E280BC92E2801840C8000000103239
S31580E455A4547698EA0F0000005898E2804492E280A8
S31580E455B41740C80000001032547698EA0F000000C1
S31580E455C45898E2804492E2801640EF00000010325C
S31580E455D4547698EB0F0000005898E280B494E28005
S31580E455E41740EF0000001032547698EB0F00000069
S31580E455F45898E280B494E2801840EF0000001032B8
S31580E45604547698EB0F0000005898E280B494E280D4
S31580E456141940EF0000001032547698EB0F11010024
S31580E456245898E280B494E2801732F800000010328D
S31580E45634047098EA0F0000005898E2804492E2806D
S31580E456441740A10000001032047098EA0F000000AD
S31580E456545898E2804492E2801840A1000000103217
S31580E45664047098EA0F0000005898E2804492E2803D
S31580E456741840680000001032547698EA0F0000005F
S31580E456845898E2804492E280174068000000103221
S31580E45694547698EA0F0000005898E2804492E280B7
S31580E456A41840680000001032547698EA0F0000002F
S31580E456B45898E2804492E2801740680000001032F1
S31580E456C4547698EA0F0000005898E2804492E28087
S31580E456D416405E0000001032047098E00F0000006B
S31580E456E45898E2804492E28017405E0000001032CB
S31580E456F4047098E00F0000005898E2804492E280B7
S31580E4570418405E0000001032047098E00F00000038
S31580E457145898E2804492E28017400B0000001032ED
S31580E45724547698EA0F0000005898E280BC92E280AE
S31580E4573418400B0000001032547698EA0F000000FB
S31580E457445898E280BC92E28017225200000010321C
S31580E457545486A970000000005898E2804492E2805E
S31580E4576418215200000010325486A970000000000B
S31580E457745898E280BC92E2801940C8000000103256
S31580E4578454009000000000005898E280BC92E280C5
S31580E457941920C200000010325400600000000000AA
S31580E457A45898E280BC92E280000000000000103247
S31580E457B4547698EA0F0000005898E2804492E28096
S31580E457C4F4C8F4C800001000547689EA2F03000074
S31580E457D4F2C8F2C800001000547689EA2F03000068
S31580E457E4F1C8F1C800001000547689EA2F0300005A
S31580E457F4D1C8D1C800001000547689EA2F0300008A
S31580E45804D2C8D2C800001000547689EA2F03000077
S31580E45814B1C848B100001000547689EA2F03000029
S31580E458247F7F21C800001000547689EA2F030000A4
S31580E4583431C831C800001000547689EA2F03000089
S31580E45844E1A1E1A100001000547689EA2F03000067
S31580E4585412C212C200001000547689EA2F030000B3
S31580E458640B110011000010000000800020030000EA
S31580E458740B120012000010000000800020030000D8
S31580E458840000000000001032547698EA0F0000000D
S31580E45894616B736572300000000000000000000054
S31580E458A46C9EE28000000000809EE280409FE2805D
S31580E458B410A0E280C09FE28060A0E2800000000045
S31580E458C4616B736572310000000000000000000023
S31580E458D4749EE280000000007C9EE280489FE28021
S31580E458E418A0E280C89FE28068A0E28000000000FD
S31580E458F400052003000520030000000000000500E5
S31580E459040000000000000000000000000000000029
S31580E459140000000000000000000000000000000019
S31580E459240000000000000000000000000000000009
S31580E4593400000000000000000000000000000000F9
S31580E4594400000000000000000000000000000000E9
S31580E4595400000000000000000000000001000000D8
S31580E4596470D8E2808CE5E280E4E5E2800000000021
S31580E4597420E6E2800000000024E6E2803CE6E28061
S31580E4598444E6E2804CE6E28054E6E280FFFFFFFFF1
S31580E45994FFFFFFFFFFFF0000010000000A00000094
S31380E459A40A000000BC05000050C300000002AB
S31180E459B40000000000000000000000007D
S31580E459C0B5CDE3800200000001000000149AE18076
S31580E459D0BACDE380D6CDE380000000006EC2E380DA
S31580E459E020000000010000003084E18074C2E3807E
S31580E459F00C39E48000000000F3DCE380030000005F
S31580E45A000100000090CDE180F9DCE380C9DCE3802D
S31580E45A100000000089DBE380020000000000000053
S31580E45A200CC4E18090DBE380A8DBE3800000000027
S31580E45A3003FFE3800100000001000000683BE28090
S31580E45A4007FFE3807C35E48000000000A1CEE3809C
S31580E45A500400000001000000389BE180A5CEE380CD
S31580E45A60B4CEE38000000000D3CEE38004000000DF
S31580E45A70010000006C9EE180D6CEE380E2CEE38036
S31580E45A800000000045CEE380040000000100000031
S31580E45A909C9FE1804BCEE38060CEE38000000000F3
S31580E45AA0D9E1E380200000000100000008CFE18016
S31580E45AB097E1E3807748E4800000000012C3E38046
S31580E45AC00300000001000000C885E1801AC3E3807A
S31580E45AD03DC3E380000000002AC4E38007000000A1
S31580E45AE0000000009885E18032C4E38059C4E380F5
S31580E45AF0000000009BC3E380040000000100000076
S31580E45B00B085E180A1C3E380C7C3E38000000000E1
S31580E45B10B3F7E380FF000000000000008889E1809D
S31580E45B20A3CBE380B73DE4800000000034BEE3808D
S31580E45B3020000000010000001C7BE18037BEE3808A
S31580E45B405BBEE38000000000DBCBE3802000000046
S31580E45B5001000000CC99E180E0CBE38000CCE380D7
S31580E45B60000000006ACDE38003000000010000002D
S31580E45B70949CE1806FCDE3808ECDE38000000000CD
S31580E45B8065FFE3800300000001000000809DE18062
S31580E45B90A3CFE380B2CFE3800000000076CFE3803A
S31580E45BA00200000001000000C8A1E18079CFE38013
S31580E45BB061CFE380000000004D2DE4800600000004
S31580E45BC001000000D8A1E18036D2E38045D2E380AB
S31580E45BD0000000002FD3E3800100000000000000F5
S31580E45BE074A6E18037D3E38048D3E38000000000E5
S31580E45BF081A7E3800600000000000000E0C4E180A5
S31580E45C006CDBE380A443E4800000000003CFE38000
S31580E45C100400000001000000549AE18006CFE3808E
S31580E45C201ACFE380000000003DCFE380020000004D
S31580E45C3001000000D0A1E18040CFE38061CFE38022
S31580E45C40000000005DDCE38002000000010000004B
S31580E45C50DCCDE18062DCE38089DCE3800000000067
S31580E45C60F4E0E38020000000010000002CD0E18015
S31580E45C70FDE0E38019E1E380F8F5E18025B5E38092
S31580E45C802000000001000000CC99E180CACBE380CB
S31580E45C907C35E4800000000015BEE380010000004E
S31580E45CA0000000008C1BE0801BBEE3807C35E48032
S31580E45CB000000000CFDFE380200000000100000048
S31580E45CC0F84EE280D3DFE380FBDFE380F8F5E18022
S31580E45CD0D5E1E3800100000000000000F4CEE1801D
S31580E45CE0DDE1E3807C35E4800000000084E4E38049
S31580E45CF00700000000000000A4DEE1808FE4E3807A
S31580E45D00B2E4E3800000000053DFE380200000007B
S31580E45D10000000009CD5E18041E0E3805BE0E38025
S31580E45D20F8F5E1802DE9E38006000000010000003B
S31580E45D30D0E8E18030E9E38046E9E38000000000D2
S31580E45D4095DCE38003000000010000009CCDE18047
S31580E45D509EDCE380C9DCE3800000000003ECE380A2
S31580E45D60010000000100000014F3E180E0EBE38031
S31580E45D707C35E4800000000039A7E380CCA2E28091
S31580E45D802B28E480DC4AE380DDEDE3802C10E2809E
S31580E45D904FEDE3801CFFE180D2EFE380D016E28012
S30D80E45DA092E3E3809C2FE2808C
S31580E45DA82000E080170000002400E080170000004F
S31580E45DB82800E080170000002C00E080170000002F
S31580E45DC83000E080170000003400E080170000000F
S31580E45DD83800E08017000000E008E0801700000043
S31580E45DE8080CE08017000000840DE08017000000AE
S31580E45DF8DC0EE080170000002C10E080170000001D
S31580E45E083010E080170000001411E08017000000CD
S31580E45E181C11E080170000002011E08017000000C4
S31580E45E288011E080170000008411E08017000000EC
S31580E45E388811E080170000008C11E08017000000CC
S31580E45E48A011E08017000000B811E0801700000078
S31580E45E58EC11E080170000001C12E08017000000B7
S31580E45E681413E080170000001813E0801700000080
S31580E45E781C13E080170000007413E080170000000C
S31580E45E887813E080170000007C13E0801700000098
S31580E45E988013E08017000000A413E0801700000058
S31580E45EA8A813E08017000000D413E08017000000F0
S31580E45EB83C15E080170000004415E08017000000D8
S31580E45EC85015E080170000005415E08017000000A4
S31580E45ED85815E080170000009016E080170000004F
S31580E45EE89416E080170000009C16E08017000000F6
S31580E45EF8A016E08017000000A416E08017000000D2
S31580E45F08A816E08017000000AC16E08017000000B1
S31580E45F18B016E08017000000B816E080170000008D
S31580E45F28BC16E08017000000C016E0801700000069
S31580E45F38C416E08017000000C816E0801700000049
S31580E45F487017E080170000007417E08017000000DF
S31580E45F587817E080170000007C17E08017000000BF
S31580E45F688017E08017000000A018E0801700000082
S31580E45F78A418E08017000000A818E0801700000045
S31580E45F88B018E080170000004819E0801700000088
S31580E45F984C19E080170000005019E08017000000D3
S31580E45FA88C19E08017000000A41AE080170000002E
S31580E45FB8A81AE08017000000AC1AE08017000000F9
S31580E45FC8B01AE08017000000B41AE08017000000D9
S31580E45FD8B81AE08017000000BC1AE08017000000B9
S31580E45FE8C01AE08017000000C41AE0801700000099
S31580E45FF8C81AE08017000000E81AE080170000005D
S31580E46008081BE08017000000281BE08017000000CA
S31580E46018481BE08017000000681BE080170000003A
S31580E46028881BE08017000000B81BE080170000009A
S31580E46038101DE08017000000141DE08017000000A2
S31580E460483C1EE08017000000401EE0801700000038
S31580E46058441EE08017000000481EE0801700000018
S31580E460684C1EE08017000000501EE08017000000F8
S31580E46078541EE08017000000581EE08017000000D8
S31580E460885C1EE08017000000601EE08017000000B8
S31580E46098641EE08017000000AC2AE0801700000048
S31580E460A8B02AE08017000000B42AE08017000000D8
S31580E460B8B82AE08017000000BC2AE08017000000B8
S31580E460C8C02AE08017000000C42AE0801700000098
S31580E460D8682EE080170000006C2EE0801700000030
S31580E460E8942EE08017000000E42EE080170000007C
S31580E460F88036E080170000008436E08017000000D0
S31580E461088836E080170000008C36E08017000000AF
S31580E461189036E080170000009436E080170000008F
S31580E461289836E080170000008039E0801700000088
S31580E461388439E080170000008839E0801700000081
S31580E461488C39E080170000001C3FE08017000000CF
S31580E46158203FE08017000000243FE080170000001D
S31580E46168D040E08017000000E045E080170000009A
S31580E46178E445E080170000008C50E08017000000BA
S31580E461889050E080170000009450E08017000000EB
S31580E461989850E080170000009C50E08017000000CB
S31580E461A8A050E080170000008C51E08017000000C2
S31580E461B89051E080170000009451E08017000000B9
S31580E461C89C54E080170000004073E08017000000CC
S31580E461D84473E080170000004873E08017000000ED
S31580E461E84C73E08017000000F077E0801700000029
S31580E461F8F477E08017000000F877E0801700000065
S31580E46208FC77E080170000000078E0801700000043
S31580E46218307AE08017000000F07DE0801700000007
S31580E462283082E08017000000C089E0801700000013
S31580E462383490E08017000000D894E08017000000CE
S31580E46248DC94E0801700000098A0E0801700000046
S31580E462589CA0E08017000000A0A0E0801700000062
S31580E46268A4A0E08017000000A8A0E0801700000042
S31580E46278ACA0E08017000000B0A0E0801700000022
S31580E46288B4A0E08017000000B8A0E0801700000002
S31580E46298BCA0E08017000000C0A0E08017000000E2
S31580E462A8C4A0E08017000000C8A0E08017000000C2
S31580E462B894A1E0801700000098A1E0801700000010
S31580E462C844A3E08017000000FCA6E08017000000E5
S31580E462D800A7E0801700000004A7E080170000000C
S31580E462E808A7E080170000000CA7E08017000000EC
S31580E462F8BCABE08017000000CCABE0801700000060
S31580E46308D4ABE08017000000E0ABE0801700000023
S31580E46318ECABE0801700000000ACE08017000000DA
S31580E463280CACE0801700000014ACE0801700000095
S31580E4633818ACE080170000001CACE0801700000071
S31580E4634820ACE0801700000024ACE0801700000051
S31580E4635828ACE080170000002CACE0801700000031
S31580E4636830ACE0801700000034ACE0801700000011
S31580E4637838ACE080170000003CACE08017000000F1
S31580E4638840ACE0801700000044ACE08017000000D1
S31580E4639848ACE080170000004CACE08017000000B1
S31580E463A850ACE0801700000054ACE0801700000091
S31580E463B858ACE080170000005CACE0801700000071
S31580E463C860ACE0801700000064ACE0801700000051
S31580E463D868ACE080170000006CACE0801700000031
S31580E463E870ACE0801700000074ACE0801700000011
S31580E463F878ACE080170000007CACE08017000000F1
S31580E4640880ACE0801700000084ACE08017000000D0
S31580E4641834ADE0801700000038ADE0801700000056
S31580E46428BCADE08017000000E435E1801700000089
S31580E46438E835E18017000000EC35E18017000000BC
S31580E46448F035E18017000000F435E180170000009C
S31580E46458F835E18017000000FC35E180170000007C
S31580E46468F83CE18017000000FC3CE180170000005E
S31580E46478003DE18017000000043DE180170000003C
S31580E46488083DE180170000000C3DE180170000001C
S31580E46498283DE180170000002C3DE18017000000CC
S31580E464A8303DE18017000000343DE18017000000AC
S31580E464B8383DE180170000003C3DE180170000008C
S31580E464C8403DE18017000000303EE180170000007F
S31580E464D8343EE18017000000383EE1801700000072
S31580E464E83C3EE18017000000403EE1801700000052
S31580E464F8443EE18017000000483EE1801700000032
S31580E46508FC3FE180170000000040E18017000000AE
S31580E465180440E180170000000840E180170000008D
S31580E465281840E180170000001C40E1801700000055
S31580E465384040E180170000004440E18017000000F5
S31580E465484840E180170000004C40E18017000000D5
S31580E465588447E180170000008847E180170000003F
S31580E465688C47E180170000009047E180170000001F
S31580E465789447E18017000000EC50E18017000000A2
S31580E46588F050E18017000000F450E1801700000025
S31580E46598F850E180170000000051E1801700000000
S31580E465A80451E180170000005854E1801700000088
S31580E465B85C54E180170000006054E1801700000015
S31580E465C86454E180170000000457E1801700000056
S31580E465D80857E180170000000C57E1801700000097
S31580E465E81057E180170000001457E1801700000077
S31580E465F83468E180170000003868E18017000000FD
S31580E466087C68E180170000005869E1801700000083
S31580E466185C69E180170000006069E180170000008A
S31580E466286469E180170000006869E180170000006A
S31580E46638046BE18017000000806BE180170000009E
S31580E46648846BE18017000000886BE1801700000006
S31580E466588C6BE18017000000906BE18017000000E6
S31580E46668946BE18017000000B46DE18017000000A8
S31580E46678B86DE180170000001C7AE18017000000FD
S31580E46688207AE18017000000247AE1801700000070
S31580E46698287AE180170000002C7AE1801700000050
S31580E466A8307AE18017000000347AE1801700000030
S31580E466B8387AE180170000003C7AE1801700000010
S31580E466C8407AE18017000000447AE18017000000F0
S31580E466D8807BE18017000000847BE180170000005E
S31580E466E89C83E18017000000A083E1801700000006
S31580E466F8A483E18017000000A883E18017000000E6
S31580E46708B083E18017000000B483E18017000000BD
S31580E46718B883E18017000000BC83E180170000009D
S31580E46728C083E18017000000C483E180170000007D
S31580E46738C883E18017000000CC83E180170000005D
S31580E46748D083E18017000000D483E180170000003D
S31580E46758D883E18017000000DC83E180170000001D
S31580E46768E083E18017000000E483E18017000000FD
S31580E46778E883E18017000000EC83E18017000000DD
S31580E46788F083E18017000000F483E18017000000BD
S31580E46798F883E18017000000FC83E180170000009D
S31580E467A80084E180170000000484E180170000007B
S31580E467B80884E180170000000C84E180170000005B
S31580E467C81084E180170000001484E180170000003B
S31580E467D81884E180170000001C84E180170000001B
S31580E467E82084E180170000002484E18017000000FB
S31580E467F82884E180170000002C84E18017000000DB
S31580E468081085E180170000001485E18017000000F8
S31580E468181885E180170000008885E180170000006C
S31580E468288C85E180170000009085E18017000000E0
S31580E468389485E180170000005086E1801700000007
S31580E468485486E180170000003C87E1801700000049
S31580E468584087E180170000004487E1801700000044
S31580E468684887E180170000004C87E1801700000024
S31580E46878E487E180170000004089E1801700000082
S31580E468884489E180170000004889E1801700000008
S31580E468984C89E180170000005089E18017000000E8
S31580E468A85489E180170000005889E18017000000C8
S31580E468B85C89E180170000006089E18017000000A8
S31580E468C86489E180170000006889E1801700000088
S31580E468D88089E180170000008489E1801700000040
S31580E468E80492E180170000000892E1801700000016
S31580E468F80C92E180170000001092E18017000000F6
S31580E469081492E180170000001892E18017000000D5
S31580E469181C92E180170000002092E18017000000B5
S31580E469282492E18017000000D098E18017000000E7
S31580E46938D498E18017000000D898E1801700000019
S31580E46948DC98E18017000000E098E18017000000F9
S31580E46958E498E18017000000E898E18017000000D9
S31580E46968EC98E18017000000F098E18017000000B9
S31580E46978F498E18017000000F898E1801700000099
S31580E46988FC98E180170000000099E1801700000078
S31580E469980499E180170000000899E1801700000057
S31580E469A80C99E180170000001099E1801700000037
S31580E469B81499E180170000001899E1801700000017
S31580E469C81C99E180170000002099E18017000000F7
S31580E469D82499E180170000002899E18017000000D7
S31580E469E82C99E180170000003099E18017000000B7
S31580E469F83499E180170000003899E1801700000097
S31580E46A083C99E180170000004099E1801700000076
S31580E46A184499E180170000004899E1801700000056
S31580E46A284C99E180170000005099E1801700000036
S31580E46A385499E180170000005899E1801700000016
S31580E46A485C99E180170000006099E18017000000F6
S31580E46A586499E180170000006899E18017000000D6
S31580E46A686C99E180170000007099E18017000000B6
S31580E46A787499E180170000007899E1801700000096
S31580E46A887C99E180170000008099E1801700000076
S31580E46A988499E180170000008899E1801700000056
S31580E46AA88C99E180170000009099E1801700000036
S31580E46AB89499E180170000009899E1801700000016
S31580E46AC89C99E18017000000A099E18017000000F6
S31580E46AD8A499E18017000000A899E18017000000D6
S31580E46AE8AC99E18017000000B099E18017000000B6
S31580E46AF8B499E18017000000B899E1801700000096
S31580E46B08BC99E18017000000C099E1801700000075
S31580E46B18C499E18017000000C899E1801700000055
S31580E46B28089AE180170000000C9AE18017000000BB
S31580E46B384C9AE18017000000509AE1801700000023
S31580E46B482C9BE18017000000309BE1801700000051
S31580E46B58349BE180170000007C9CE18017000000EC
S31580E46B68809CE18017000000849CE1801700000087
S31580E46B78889CE180170000008C9CE1801700000067
S31580E46B88909CE180170000005C9EE180170000007D
S31580E46B98609EE18017000000649EE1801700000093
S31580E46BA8689EE180170000008C9FE1801700000052
S31580E46BB8909FE18017000000949FE1801700000011
S31580E46BC8989FE1801700000030A0E180170000005C
S31580E46BD834A0E180170000009CA1E1801700000042
S31580E46BE8A0A1E18017000000A4A1E18017000000BD
S31580E46BF8A8A1E18017000000ACA1E180170000009D
S31580E46C08B0A1E18017000000B4A1E180170000007C
S31580E46C18B8A1E18017000000BCA1E180170000005C
S31580E46C28C0A1E18017000000C4A1E180170000003C
S31580E46C3818A6E180170000001CA6E1801700000072
S31580E46C4820A6E1801700000024A6E1801700000052
S31580E46C5828A6E180170000002CA6E1801700000032
S31580E46C6830A6E1801700000034A6E1801700000012
S31580E46C7838A6E180170000003CA6E18017000000F2
S31580E46C8840A6E1801700000044A6E18017000000D2
S31580E46C9848A6E180170000004CA6E18017000000B2
S31580E46CA850A6E1801700000054A6E1801700000092
S31580E46CB858A6E180170000005CA6E1801700000072
S31580E46CC860A6E1801700000064A6E1801700000052
S31580E46CD868A6E180170000006CA6E1801700000032
S31580E46CE870A6E18017000000D4A7E18017000000B1
S31580E46CF8D8A7E18017000000DCA7E1801700000030
S31580E46D08E0A7E18017000000E4A7E180170000000F
S31580E46D18E8A7E18017000000ECA7E18017000000EF
S31580E46D28F0A7E18017000000F4A7E18017000000CF
S31580E46D38F8A7E18017000000FCA7E18017000000AF
S31580E46D4800A8E1801700000004A8E180170000008D
S31580E46D5808A8E180170000000CA8E180170000006D
S31580E46D6810A8E1801700000014A8E180170000004D
S31580E46D7818A8E180170000001CA8E180170000002D
S31580E46D8820A8E1801700000064A9E18017000000CC
S31580E46D986CA9E1801700000074A9E180170000005F
S31580E46DA878A9E180170000006CACE1801700000048
S31580E46DB870ACE1801700000074ACE1801700000035
S31580E46DC87CACE1801700000080ACE180170000000D
S31580E46DD8E4ACE180170000004CADE18017000000C8
S31580E46DE850ADE1801700000054ADE1801700000043
S31580E46DF858ADE180170000005CADE1801700000023
S31580E46E089CB0E18017000000A0B0E1801700000084
S31580E46E18A4B0E18017000000A8B0E1801700000064
S31580E46E28ACB0E18017000000B0B0E1801700000044
S31580E46E38B4B0E18017000000B8B0E1801700000024
S31580E46E48BCB0E1801700000008B1E18017000000BB
S31580E46E5810B2E1801700000014B2E1801700000048
S31580E46E6818B2E180170000001CB2E1801700000028
S31580E46E7820B2E1801700000024B2E1801700000008
S31580E46E88B0B2E18017000000B4B2E18017000000D8
S31580E46E98B8B2E18017000000BCB2E18017000000B8
S31580E46EA850B4E1801700000054B4E1801700000074
S31580E46EB858B4E180170000005CB4E1801700000054
S31580E46EC860B4E1801700000064B4E1801700000034
S31580E46ED868B4E180170000006CB4E1801700000014
S31580E46EE818B5E180170000001CB5E18017000000A2
S31580E46EF820B5E1801700000024B5E1801700000082
S31580E46F0828B5E18017000000C8B5E18017000000C5
S31580E46F18CCB5E18017000000D0B5E1801700000009
S31580E46F28D4B5E18017000000D8B5E18017000000E9
S31580E46F38DCB5E18017000000E0B5E18017000000C9
S31580E46F48E4B5E180170000000CB6E1801700000084
S31580E46F5810B6E1801700000084B6E18017000000CF
S31580E46F6888B6E180170000008CB6E180170000003F
S31580E46F78A0B7E18017000000A4B7E18017000000FD
S31580E46F88A8B7E1801700000038BDE180170000004B
S31580E46F983CBDE1801700000044BDE1801700000095
S31580E46FA848BDE180170000004CBDE1801700000071
S31580E46FB850BDE1801700000054BDE1801700000051
S31580E46FC858BDE180170000005CBDE1801700000031
S31580E46FD860BDE1801700000064BDE1801700000011
S31580E46FE868BDE180170000006CBDE18017000000F1
S31580E46FF870BDE1801700000074BDE18017000000D1
S31580E4700878BDE180170000007CBDE18017000000B0
S31580E4701880BDE1801700000084BDE1801700000090
S31580E4702888BDE180170000008CBDE1801700000070
S31580E4703890BDE1801700000098C3E1801700000046
S31580E470489CC3E18017000000A0C3E180170000001C
S31580E47058A4C3E18017000000A8C3E18017000000FC
S31580E47068ACC3E18017000000B0C3E18017000000DC
S31580E47078B4C3E18017000000B8C3E18017000000BC
S31580E47088BCC3E18017000000C0C3E180170000009C
S31580E47098C4C3E18017000000C8C3E180170000007C
S31580E470A8CCC3E18017000000D0C3E180170000005C
S31580E470B8D4C3E18017000000D8C3E180170000003C
S31580E470C8DCC3E18017000000E0C3E180170000001C
S31580E470D8E4C3E18017000000E8C3E18017000000FC
S31580E470E8ECC3E18017000000F0C3E18017000000DC
S31580E470F8F4C3E18017000000F8C3E18017000000BC
S31580E47108FCC3E1801700000000C4E180170000009A
S31580E4711804C4E1801700000008C4E1801700000079
S31580E47128C4C4E18017000000C8C4E18017000000E9
S31580E47138CCC4E18017000000D0C4E18017000000C9
S31580E47148D4C4E18017000000D8C4E18017000000A9
S31580E47158DCC4E1801700000050CAE1801700000013
S31580E4716854CAE1801700000058CAE180170000007D
S31580E471785CCAE1801700000060CAE180170000005D
S31580E4718864CAE1801700000068CAE180170000003D
S31580E471986CCAE1801700000070CAE180170000001D
S31580E471A874CAE1801700000078CAE18017000000FD
S31580E471B87CCAE1801700000080CAE18017000000DD
S31580E471C884CAE1801700000088CAE18017000000BD
S31580E471D88CCAE1801700000090CAE180170000009D
S31580E471E894CAE1801700000098CAE180170000007D
S31580E471F89CCAE18017000000A0CAE180170000005D
S31580E47208A4CAE18017000000A8CAE180170000003C
S31580E47218ACCAE18017000000B0CAE180170000001C
S31580E47228B4CAE18017000000B8CAE18017000000FC
S31580E47238BCCAE18017000000C0CAE18017000000DC
S31580E47248C4CAE18017000000C8CAE18017000000BC
S31580E472583CCDE1801700000040CDE18017000000B6
S31580E4726844CDE1801700000048CDE1801700000096
S31580E472784CCDE1801700000050CDE1801700000076
S31580E4728854CDE1801700000058CDE1801700000056
S31580E472985CCDE1801700000060CDE1801700000036
S31580E472A864CDE1801700000068CDE1801700000016
S31580E472B86CCDE1801700000070CDE18017000000F6
S31580E472C874CDE1801700000078CDE18017000000D6
S31580E472D87CCDE1801700000080CDE18017000000B6
S31580E472E884CDE1801700000088CDE1801700000096
S31580E472F88CCDE180170000004CCEE18017000000B9
S31580E4730850CEE1801700000054CEE18017000000DB
S31580E47318ECCEE18017000000F0CEE1801700000093
S31580E4732868CFE1801700000020D0E18017000000D4
S31580E4733824D0E1801700000028D0E18017000000FF
S31580E47348ECD0E18017000000F0D0E180170000005F
S31580E4735810D3E1801700000014D3E1801700000001
S31580E4736818D3E180170000001CD3E18017000000E1
S31580E4737820D3E1801700000024D3E18017000000C1
S31580E4738828D3E180170000002CD3E18017000000A1
S31580E4739830D3E1801700000034D3E1801700000081
S31580E473A8E0D3E1801700000084D5E180170000006F
S31580E473B888D5E180170000008CD5E18017000000AD
S31580E473C890D5E1801700000094D5E180170000008D
S31580E473D898D5E18017000000C4D5E1801700000045
S31580E473E81CD6E1801700000070D6E1801700000003
S31580E473F8B4D8E18017000000B8D8E180170000000F
S31580E47408BCD8E18017000000C0D8E18017000000EE
S31580E47418C4D8E18017000000C8D8E18017000000CE
S31580E47428D0D8E18017000000D4D8E18017000000A6
S31580E4743810DAE1801700000088DAE180170000009E
S31580E474489CDCE18017000000A0DCE18017000000E6
S31580E47458A4DCE18017000000ACDCE18017000000C2
S31580E47468B4DCE18017000000BCDCE1801700000092
S31580E47478E4DDE18017000000A0DEE180170000006B
S31580E4748880E4E1801700000084E4E18017000000CE
S31580E4749888E4E180170000008CE4E18017000000AE
S31580E474A890E4E1801700000094E4E180170000008E
S31580E474B898E4E180170000009CE4E180170000006E
S31580E474C8A4E4E18017000000A8E4E1801700000046
S31580E474D8ACE4E18017000000B0E4E1801700000026
S31580E474E8B4E4E18017000000B8E4E1801700000006
S31580E474F8BCE4E18017000000C0E4E18017000000E6
S31580E47508C4E4E18017000000C8E4E18017000000C5
S31580E47518CCE4E18017000000D0E4E18017000000A5
S31580E47528D4E4E18017000000D8E4E1801700000085
S31580E47538DCE4E18017000000E4E4E1801700000061
S31580E47548E8E4E18017000000ECE4E180170000003D
S31580E47558F8E4E1801700000000E5E1801700000008
S31580E4756804E5E1801700000008E5E18017000000E3
S31580E475780CE5E1801700000010E5E18017000000C3
S31580E4758814E5E1801700000050E5E180170000006B
S31580E4759854E5E1801700000058E5E1801700000013
S31580E475A8BCE5E18017000000C0E5E1801700000033
S31580E475B8C4E5E1801700000000E6E18017000000DA
S31580E475C804E6E1801700000008E6E1801700000081
S31580E475D88CE7E1801700000090E7E180170000005F
S31580E475E884E8E1801700000088E8E180170000005D
S31580E475F820F0E1801700000024F0E1801700000005
S31580E4760828F0E180170000002CF0E18017000000E4
S31580E4761830F0E1801700000034F0E18017000000C4
S31580E4762838F0E180170000003CF0E18017000000A4
S31580E4763840F0E1801700000044F0E1801700000084
S31580E4764848F0E180170000004CF0E1801700000064
S31580E4765850F0E1801700000054F0E1801700000044
S31580E4766858F0E180170000005CF0E1801700000024
S31580E4767860F0E1801700000064F0E1801700000004
S31580E4768868F0E1801700000070F0E18017000000E0
S31580E4769874F0E1801700000078F0E18017000000BC
S31580E476A87CF0E1801700000080F0E180170000009C
S31580E476B884F0E1801700000088F0E180170000007C
S31580E476C88CF0E1801700000090F0E180170000005C
S31580E476D894F0E1801700000098F0E180170000003C
S31580E476E89CF0E18017000000A0F0E180170000001C
S31580E476F8A4F0E18017000000A8F0E18017000000FC
S31580E47708ACF0E18017000000B0F0E18017000000DB
S31580E47718B4F0E18017000000CCF2E18017000000A5
S31580E47728D0F2E18017000000D4F2E180170000006F
S31580E47738D8F2E18017000000DCF2E180170000004F
S31580E47748E0F2E18017000000E4F2E180170000002F
S31580E47758E8F2E18017000000F0F2E180170000000B
S31580E47768F8F2E18017000000FCF2E18017000000DF
S31580E4777800F3E1801700000004F3E18017000000BD
S31580E4778808F3E180170000000CF3E180170000009D
S31580E4779810F3E180170000003CF3E1801700000055
S31580E477A840F3E1801700000044F3E180170000000D
S31580E477B848F3E180170000000CF4E180170000002C
S31580E477C810F4E180170000006CF4E18017000000F3
S31580E477D870F4E1801700000074F4E180170000007B
S31580E477E8F0F5E18017000000F4F5E1801700000069
S31580E477F86CF6E1801700000070F6E180170000005F
S31580E47808BCFAE18017000000C0FAE18017000000A6
S31580E47818C4FAE18017000000C8FAE1801700000086
S31580E47828CCFAE18017000000D0FAE1801700000066
S31580E47838D4FAE18017000000DCFAE1801700000042
S31580E47848E0FAE180170000003CFBE18017000000C5
S31580E47858F8FBE1801700000098FCE180170000003F
S31580E478689CFCE18017000000C0FCE1801700000062
S31580E47878E4FCE180170000005CFDE180170000006D
S31580E478888CFDE1801700000068FEE18017000000A7
S31580E478986CFEE1801700000084FEE180170000009A
S31580E478A894FEE18017000000A8FEE180170000003E
S31580E478B8CCFFE18017000000D0FFE18017000000CC
S31580E478C8D4FFE18017000000D8FFE18017000000AC
S31580E478D87C00E280170000008000E2801700000048
S31580E478E88400E280170000008800E2801700000028
S31580E478F88C00E280170000009000E2801700000008
S31580E479089400E280170000009800E28017000000E7
S31580E479187401E280170000007801E2801700000015
S31580E47928E001E28017000000E401E280170000002D
S31580E47938E801E280170000002002E28017000000D8
S31580E479482402E280170000002802E2801700000083
S31580E47958EC02E28017000000F002E28017000000E3
S31580E47968F402E280170000001C05E280170000009C
S31580E479782005E280170000002405E2801700000055
S31580E47988140BE28017000000180BE2801700000051
S31580E479981C0BE28017000000240BE280170000002D
S31580E479A8280BE280170000002C0BE2801700000009
S31580E479B8300BE28017000000340BE28017000000E9
S31580E479C8080CE28017000000B00FE2801700000080
S31580E479D82410E280170000002810E28017000000D7
S31580E479E86410E280170000006810E2801700000047
S31580E479F86C10E280170000007010E2801700000027
S31580E47A080411E28017000000A011E280170000004C
S31580E47A18A411E28017000000D011E280170000006C
S31580E47A281012E280170000001013E28017000000AD
S31580E47A381413E280170000001813E2801700000090
S31580E47A482013E280170000002413E2801700000068
S31580E47A582813E280170000002C13E2801700000048
S31580E47A685C13E280170000006413E28017000000CC
S31580E47A78FC14E280170000000015E280170000007D
S31580E47A880415E280170000000815E280170000005C
S31580E47A980C15E280170000001015E280170000003C
S31580E47AA81415E280170000001815E280170000001C
S31580E47AB81C15E280170000002015E28017000000FC
S31580E47AC82415E280170000002815E28017000000DC
S31580E47AD82C15E280170000003015E28017000000BC
S31580E47AE83415E280170000006415E2801700000070
S31580E47AF84416E280170000004816E280170000006A
S31580E47B084C16E28017000000BC16E28017000000DD
S31580E47B180817E280170000000C17E28017000000BF
S31580E47B281017E280170000001417E280170000009F
S31580E47B386017E280170000006417E28017000000EF
S31580E47B48B817E28017000000BC17E280170000002F
S31580E47B586418E280170000006818E28017000000C5
S31580E47B680C19E280170000001019E2801700000063
S31580E47B781419E280170000001819E2801700000043
S31580E47B886819E280170000006C19E280170000008B
S31580E47B987019E280170000007419E280170000006B
S31580E47BA87819E280170000007C19E280170000004B
S31580E47BB8201CE28017000000241CE28017000000E5
S31580E47BC8281CE280170000002C1CE28017000000C5
S31580E47BD8301CE28017000000341CE28017000000A5
S31580E47BE8381CE28017000000941DE280170000002C
S31580E47BF89C1DE28017000000A41DE28017000000A7
S31580E47C08A81DE28017000000AC1DE2801700000082
S31580E47C18B01DE28017000000B41DE2801700000062
S31580E47C28B81DE28017000000C01DE280170000003E
S31580E47C38C41DE28017000000C81DE280170000001A
S31580E47C48641EE28017000000681EE28017000000C8
S31580E47C586C1EE28017000000881EE2801700000090
S31580E47C68DC1FE28017000000E01FE28017000000B6
S31580E47C78E41FE28017000000E81FE2801700000096
S31580E47C88EC1FE28017000000F01FE2801700000076
S31580E47C98F41FE28017000000F81FE2801700000056
S31580E47CA8FC1FE280170000000020E2801700000035
S31580E47CB80420E280170000000820E2801700000014
S31580E47CC80C20E280170000001020E28017000000F4
S31580E47CD81420E280170000001820E28017000000D4
S31580E47CE81C20E280170000002020E28017000000B4
S31580E47CF82420E280170000004822E2801700000072
S31580E47D084C22E280170000005022E280170000002F
S31580E47D185422E280170000005822E280170000000F
S31580E47D285C22E280170000005423E28017000000FA
S31580E47D385823E280170000005C23E28017000000E5
S31580E47D486023E280170000006423E28017000000C5
S31580E47D586823E280170000009825E2801700000077
S31580E47D689C25E28017000000A025E2801700000029
S31580E47D78A425E28017000000A825E2801700000009
S31580E47D88AC25E28017000000B025E28017000000E9
S31580E47D98B425E28017000000B825E28017000000C9
S31580E47DA8BC25E28017000000C025E28017000000A9
S31580E47DB83827E280170000005029E2801700000087
S31580E47DC85429E280170000005829E2801700000051
S31580E47DD85C29E280170000006029E2801700000031
S31580E47DE86429E280170000006829E2801700000011
S31580E47DF86C29E280170000007029E28017000000F1
S31580E47E087429E280170000007829E28017000000D0
S31580E47E18A029E28017000000A429E2801700000068
S31580E47E282C2AE28017000000A02BE28017000000CD
S31580E47E38A42BE28017000000A82BE280170000003C
S31580E47E48AC2BE28017000000B02BE280170000001C
S31580E47E58B42BE28017000000B82BE28017000000FC
S31580E47E68482EE280170000004C2EE28017000000BE
S31580E47E78502EE28017000000542EE280170000009E
S31580E47E88582EE280170000005C2EE280170000007E
S31580E47E98602EE28017000000642EE280170000005E
S31580E47EA8682EE280170000006C2EE280170000003E
S31580E47EB8702EE28017000000742EE280170000001E
S31580E47EC8782EE280170000007C2EE28017000000FE
S31580E47ED8802EE28017000000882FE28017000000D9
S31580E47EE8902FE28017000000942FE28017000000AC
S31580E47EF8982FE28017000000D02FE2801700000058
S31580E47F088431E28017000000DC31E280170000004B
S31580E47F18E031E280170000001032E28017000000AA
S31580E47F284832E280170000004C32E28017000000F5
S31580E47F388C32E280170000009032E280170000005D
S31580E47F48A432E28017000000A832E280170000001D
S31580E47F58BC32E28017000000C032E28017000000DD
S31580E47F68D432E28017000000D832E280170000009D
S31580E47F786434E280170000006834E2801700000069
S31580E47F886C34E280170000007034E2801700000049
S31580E47F987434E280170000007834E2801700000029
S31580E47FA87C34E280170000008034E2801700000009
S31580E47FB88434E280170000008834E28017000000E9
S31580E47FC81C37E280170000002037E28017000000A3
S31580E47FD82437E280170000002C37E280170000007F
S31580E47FE83037E280170000003437E280170000005B
S31580E47FF83837E280170000003C37E280170000003B
S31580E480084037E280170000004437E280170000001A
S31580E480186838E280170000006C38E28017000000B8
S31580E480287038E280170000007438E2801700000098
S31580E480384439E280170000008039E28017000000A6
S31580E480488439E28017000000B43AE2801700000021
S31580E48058BC3AE28017000000C03AE28017000000CC
S31580E48068C83AE28017000000CC3AE28017000000A4
S31580E48078D03AE28017000000D43AE2801700000084
S31580E48088D83AE28017000000DC3AE2801700000064
S31580E48098E03AE28017000000443BE28017000000E3
S31580E480A8483BE28017000000503BE280170000005E
S31580E480B8543BE28017000000583BE280170000003A
S31580E480C85C3BE28017000000603BE280170000001A
S31580E480D8643BE28017000000B83BE28017000000AA
S31580E480E8843CE28017000000883CE28017000000A8
S31580E480F8703DE28017000000FC3FE2801700000034
S31580E481080040E280170000000440E2801700000087
S31580E481180840E280170000000C40E2801700000067
S31580E481281040E280170000001440E2801700000047
S31580E481381840E28017000000E846E2801700000055
S31580E48148EC46E28017000000F046E2801700000063
S31580E48158F446E28017000000F846E2801700000043
S31580E48168FC46E280170000000047E2801700000022
S31580E481780847E280170000000C47E28017000000F9
S31580E481881047E280170000001847E28017000000D5
S31580E481981C47E280170000002047E28017000000B1
S31580E481A82447E280170000003847E2801700000081
S31580E481B8C047E28017000000044BE2801700000005
S31580E481C89C4EE28017000000A04EE2801700000073
S31580E481D8A44EE28017000000A84EE2801700000053
S31580E481E8AC4EE28017000000B04EE2801700000033
S31580E481F8B84EE28017000000BC4EE280170000000B
S31580E48208C04EE28017000000C44EE28017000000EA
S31580E48218C84EE28017000000CC4EE28017000000CA
S31580E48228D04EE28017000000D44EE28017000000AA
S31580E48238D84EE28017000000E44EE2801700000082
S31580E48248E84EE28017000000EC4EE280170000005A
S31580E48258F04EE28017000000F44EE280170000003A
S31580E482686C4FE280170000005C50E2801700000043
S31580E48278B850E280170000002C51E2801700000015
S31580E48288A851E28017000000AC51E2801700000094
S31580E48298B051E28017000000B451E2801700000074
S31580E482A8B851E28017000000BC51E2801700000054
S31580E482B83052E280170000006052E2801700000026
S31580E482C86452E280170000006852E28017000000DA
S31580E482D86C52E280170000007052E28017000000BA
S31580E482E87452E280170000007852E280170000009A
S31580E482F87C52E280170000008052E280170000007A
S31580E483088452E280170000002053E28017000000C0
S31580E483182453E280170000002853E2801700000007
S31580E483282C53E280170000003053E28017000000E7
S31580E483383453E280170000003853E28017000000C7
S31580E483483C53E280170000000C54E28017000000DA
S31580E483581054E280170000001454E28017000000ED
S31580E483681854E280170000001C54E28017000000CD
S31580E483782054E280170000002454E28017000000AD
S31580E483882854E280170000002C54E280170000008D
S31580E483983054E280170000003454E280170000006D
S31580E483A83854E280170000003C54E280170000004D
S31580E483B84054E280170000004454E280170000002D
S31580E483C84854E280170000004C54E280170000000D
S31580E483D8A054E28017000000A454E280170000004D
S31580E483E8A854E28017000000AC54E280170000002D
S31580E483F8B054E28017000000B454E280170000000D
S31580E48408B854E28017000000BC54E28017000000EC
S31580E48418C054E280170000003055E280170000005F
S31580E484283455E280170000003855E28017000000D2
S31580E484383C55E280170000004055E28017000000B2
S31580E484484455E280170000004855E2801700000092
S31580E484584C55E280170000005055E2801700000072
S31580E484685455E280170000005855E2801700000052
S31580E484785C55E280170000006055E2801700000032
S31580E484880856E280170000000C56E28017000000C8
S31580E484980C5AE28017000000105AE28017000000A8
S31580E484A8145AE28017000000185AE2801700000088
S31580E484B81C5AE28017000000205AE2801700000068
S31580E484C8245AE28017000000285AE2801700000048
S31580E484D82C5AE28017000000305AE2801700000028
S31580E484E8405AE28017000000445AE28017000000F0
S31580E484F8485AE280170000004C5AE28017000000D0
S31580E485082C5BE28017000000305BE28017000000F5
S31580E48518345BE28017000000385BE28017000000D5
S31580E485283C5BE28017000000405BE28017000000B5
S31580E48538445BE28017000000485BE2801700000095
S31580E48548E45DE28017000000E85DE2801700000041
S31580E48558EC5DE28017000000F05DE2801700000021
S31580E48568F45DE28017000000F85DE2801700000001
S31580E48578FC5DE28017000000005EE28017000000E0
S31580E48588045EE28017000000085EE28017000000BF
S31580E48598F45FE28017000000F85FE28017000000CD
S31580E485A8FC5FE280170000000060E28017000000AC
S31580E485B80460E280170000000860E280170000008B
S31580E485C80C60E280170000001060E280170000006B
S31580E485D88460E280170000008860E280170000006B
S31580E485E88C60E280170000009060E280170000004B
S31580E485F89460E280170000009860E280170000002B
S31580E486089C60E28017000000A060E280170000000A
S31580E486182861E280170000002C61E28017000000E0
S31580E486283061E280170000003461E28017000000C0
S31580E486386861E280170000005062E280170000005B
S31580E486485462E28017000000B062E28017000000FE
S31580E48658B462E28017000000F462E280170000004A
S31580E48668F862E28017000000AC63E280170000003D
S31580E48678B063E28017000000B463E280170000006C
S31580E48688C863E28017000000CC63E280170000002C
S31580E48698D063E28017000000D463E280170000000C
S31580E486A8D863E28017000000DC63E28017000000EC
S31580E486B8E063E28017000000E463E28017000000CC
S31580E486C86066E280170000006466E28017000000B6
S31580E486D83067E280170000003467E2801700000004
S31580E486E88468E280170000008868E280170000004A
S31580E486F8206BE28017000000246BE28017000000FC
S31580E48708286BE280170000002C6BE28017000000DB
S31580E48718306BE28017000000AC6DE2801700000041
S31580E48728B06DE28017000000B46DE28017000000A7
S31580E48738B86DE28017000000BC6DE2801700000087
S31580E48748C06DE28017000000C874E280170000005C
S31580E48758D474E28017000000D874E2801700000021
S31580E48768EC74E28017000000F074E28017000000E1
S31580E48778F474E28017000000F874E28017000000C1
S31580E48788FC74E280170000000075E28017000000A0
S31580E487980475E280170000003475E2801700000053
S31580E487A83875E280170000003C75E2801700000007
S31580E487B84075E280170000004475E28017000000E7
S31580E487C85875E280170000005C75E28017000000A7
S31580E487D86075E28017000000D475E2801700000017
S31580E487E8D875E28017000000DC75E2801700000087
S31580E487F8E075E28017000000E875E2801700000063
S31580E488081C78E280170000002078E28017000000D8
S31580E488182478E280170000002878E28017000000B8
S31580E488282C78E280170000003C78E280170000008C
S31580E488384478E280170000004878E2801700000058
S31580E488484C78E280170000005078E2801700000038
S31580E488586879E280170000006C79E28017000000EE
S31580E488687079E280170000007479E28017000000CE
S31580E488788479E280170000008C7AE2801700000091
S31580E48888907AE28017000000947AE280170000006C
S31580E48898987AE280170000009C7AE280170000004C
S31580E488A8A07AE28017000000A47AE280170000002C
S31580E488B8207BE28017000000247BE280170000001A
S31580E488C8C07BE28017000000C47BE28017000000CA
S31580E488D8147EE28017000000207EE2801700000004
S31580E488E8247EE28017000000287EE28017000000DC
S31580E488F82C7EE28017000000307EE28017000000BC
S31580E48908347EE28017000000387EE280170000009B
S31580E489183C7EE28017000000407EE280170000007B
S31580E489280481E280170000000881E28017000000D5
S31580E489380C81E280170000001081E28017000000B5
S31580E489481481E280170000001881E2801700000095
S31580E489581C81E28017000000B881E28017000000DD
S31580E48968BC81E28017000000C081E2801700000025
S31580E489782883E280170000002C83E2801700000039
S31580E489883083E280170000003483E2801700000019
S31580E489983883E280170000003C83E28017000000F9
S31580E489A84C83E280170000005083E28017000000C1
S31580E489B85483E280170000005C83E280170000009D
S31580E489C8E484E28017000000E884E280170000006F
S31580E489D8EC84E28017000000F084E280170000004F
S31580E489E8F484E28017000000F884E280170000002F
S31580E489F8FC84E280170000000085E280170000000E
S31580E48A080485E280170000009886E280170000005B
S31580E48A189C86E28017000000F487E2801700000055
S31580E48A28F887E28017000000FC87E28017000000E0
S31580E48A387C88E280170000008088E28017000000C6
S31580E48A488488E28017000000F088E280170000003E
S31580E48A58988FE280170000009C8FE2801700000060
S31580E48A68A08FE28017000000A48FE2801700000040
S31580E48A78AC8FE28017000000B08FE2801700000018
S31580E48A88B48FE28017000000B88FE28017000000F8
S31580E48A98BC8FE28017000000C08FE28017000000D8
S31580E48AA8C48FE28017000000C88FE28017000000B8
S31580E48AB8CC8FE28017000000D08FE2801700000098
S31580E48AC8D48FE28017000000D88FE2801700000078
S31580E48AD8DC8FE28017000000F897E2801700000038
S31580E48AE8649EE28017000000389FE2801700000049
S31580E48AF80CA0E2801700000078A0E280170000004E
S31580E48B0894A0E2801700000098A0E2801700000095
S31580E48B18D4A0E28017000000D8A0E2801700000005
S31580E48B28F4A0E2801700000080A1E280170000002C
S31580E48B38C8A1E28017000000CCA1E28017000000FB
S31580E48B48ACA3E28017000000B0A3E280170000001F
S31580E48B58B4A3E28017000000D0A6E28017000000E4
S31580E48B68D8A6E28017000000DCA6E28017000000A1
S31580E48B78E0A6E2801700000064A8E28017000000FF
S31580E48B8868A8E28017000000E0A9E28017000000E8
S31580E48B98E4A9E28017000000E8A9E2801700000053
S31580E48BA8ECA9E28017000000D0AAE2801700000052
S31580E48BB8D8AAE28017000000DCAAE2801700000049
S31580E48BC828ACE280170000002CACE2801700000095
S31580E48BD8F4ACE28017000000F8ACE28017000000ED
S31580E48BE898AEE2801700000044B3E28017000000E4
S31580E48BF854B9E2801700000058B9E28017000000F3
S31580E48C085CB9E2801700000060B9E28017000000D2
S31580E48C1864B9E2801700000068B9E28017000000B2
S31580E48C286CB9E2801700000070B9E2801700000092
S31580E48C3874B9E2801700000078B9E2801700000072
S31580E48C487CB9E2801700000080B9E2801700000052
S31580E48C5884B9E2801700000088B9E2801700000032
S31580E48C688CB9E2801700000090B9E2801700000012
S31580E48C7894B9E2801700000098B9E28017000000F2
S31580E48C889CB9E28017000000A0B9E28017000000D2
S31580E48C98A4B9E28017000000A8B9E28017000000B2
S31580E48CA8ACB9E28017000000B0B9E2801700000092
S31580E48CB8B4B9E28017000000B8B9E2801700000072
S31580E48CC8BCB9E28017000000C0B9E2801700000052
S31580E48CD8C4B9E28017000000C8B9E2801700000032
S31580E48CE8CCB9E28017000000D0B9E2801700000012
S31580E48CF8D4B9E28017000000D8B9E28017000000F2
S31580E48D08DCB9E28017000000E0B9E28017000000D1
S31580E48D18E4B9E280170000000CBEE2801700000088
S31580E48D2810BEE2801700000014BEE280170000003F
S31580E48D3818BEE280170000001CBEE280170000001F
S31580E48D4820BEE2801700000024BEE28017000000FF
S31580E48D5828BEE280170000002CBEE28017000000DF
S31580E48D6830BEE2801700000034BEE28017000000BF
S31580E48D7838BEE280170000003CBEE280170000009F
S31580E48D8840BEE2801700000044BEE280170000007F
S31580E48D9848BEE280170000004CBEE280170000005F
S31580E48DA850BEE2801700000054BEE280170000003F
S31580E48DB858BEE280170000005CBEE280170000001F
S31580E48DC860BEE2801700000064BEE28017000000FF
S31580E48DD868BEE280170000006CBEE28017000000DF
S31580E48DE870BEE2801700000074BEE28017000000BF
S31580E48DF878BEE280170000007CBEE280170000009F
S31580E48E0880BEE2801700000084BEE280170000007E
S31580E48E1888BEE280170000008CBEE280170000005E
S31580E48E2890BEE2801700000094BEE280170000003E
S31580E48E3898BEE280170000009CBEE280170000001E
S31580E48E4850C0E2801700000054C0E280170000009A
S31580E48E5858C0E280170000005CC0E280170000007A
S31580E48E6860C0E2801700000064C0E280170000005A
S31580E48E7868C0E280170000006CC0E280170000003A
S31580E48E8870C0E2801700000074C0E280170000001A
S31580E48E9878C0E280170000007CC0E28017000000FA
S31580E48EA880C0E2801700000084C0E28017000000DA
S31580E48EB888C0E280170000008CC0E28017000000BA
S31580E48EC890C0E2801700000000CDE2801700000021
S31580E48ED804CDE2801700000008CDE2801700000088
S31580E48EE80CCDE2801700000010CDE2801700000068
S31580E48EF814CDE2801700000020CDE2801700000040
S31580E48F0824CDE2801700000028CDE2801700000017
S31580E48F1838CDE280170000003CCDE28017000000DF
S31580E48F2840CDE2801700000044CDE28017000000BF
S31580E48F3848CDE280170000004CCDE280170000009F
S31580E48F4850CDE2801700000054CDE280170000007F
S31580E48F5858CDE280170000005CCDE280170000005F
S31580E48F6860CDE2801700000064CDE280170000003F
S31580E48F7868CDE280170000006CCDE280170000001F
S31580E48F88ACCFE28017000000B4CFE280170000007F
S31580E48F98D8CFE280170000003CD0E28017000000BA
S31580E48FA880D0E28017000000E0D0E280170000005D
S31580E48FB8E4D0E2801700000030D4E2801700000095
S31580E48FC8F4D5E28017000000F8D5E28017000000A7
S31580E48FD8FCD5E2801700000000D6E2801700000086
S31580E48FE864D8E280170000006CD8E280170000009D
S31580E48FF828D9E280170000002CD9E2801700000007
S31580E4900830D9E2801700000034D9E28017000000E6
S31580E4901838D9E28017000000D4E3E2801700000024
S31580E49028D8E3E28017000000DCE3E2801700000062
S31580E49038E4E3E28017000000E8E3E280170000003A
S31580E49048ECE3E28017000000F0E3E280170000001A
S31580E49058F8E3E28017000000FCE3E28017000000F2
S31580E4906804E4E2801700000008E4E28017000000C8
S31580E4907870E4E2801700000074E4E28017000000E0
S31580E4908878E4E280170000007CE4E28017000000C0
S31580E4909880E4E2801700000084E4E28017000000A0
S31580E490A888E4E280170000008CE4E2801700000080
S31580E490B890E4E2801700000050E5E28017000000A3
S31580E490C854E5E2801700000058E5E28017000000C6
S31580E490D85CE5E2801700000060E5E28017000000A6
S31580E490E864E5E2801700000068E5E2801700000086
S31580E490F86CE5E2801700000070E5E2801700000066
S31580E4910874E5E2801700000078E5E2801700000045
S31580E491187CE5E2801700000080E5E2801700000025
S31580E4912884E5E2801700000088E5E2801700000005
S31580E49138E0E5E280170000001CE6E2801700000004
S31580E4914838E6E2801700000074E6E2801700000043
S31580E491589CE6E2801700000030E7E2801700000012
S31580E4916834E7E2801700000038E7E2801700000061
S31580E491783CE7E2801700000078E7E2801700000009
S31580E49188F8E7E28017000000FCE7E28017000000B9
S31580E49198B4E9E28017000000BCE9E2801700000029
S31580E491A8C0E9E28017000000C4E9E2801700000005
S31580E491B8C8E9E28017000000CCE9E28017000000E5
S31580E491C8D0E9E28017000000D4E9E28017000000C5
S31580E491D8D8E9E28017000000DCE9E28017000000A5
S31580E491E844EAE28017000000F8EBE280170000000A
S31580E491F8FCEBE2801700000000ECE2801700000038
S31580E4920804ECE2801700000008ECE2801700000016
S31580E492180CECE2801700000010ECE28017000000F6
S31580E4922814ECE2801700000018ECE28017000000D6
S31580E492381CF4E28017000000A4F6E2801700000020
S31580E492486404E380170000006804E38017000000E4
S31580E492586C04E380170000007004E38017000000C4
S31580E492688C05E38017000000C406E380170000003D
S31580E49278C806E38017000000CC06E38017000000E8
S31580E49288D006E38017000000D406E38017000000C8
S31580E492987408E380170000007808E380170000006C
S31580E492A87C08E380170000008008E380170000004C
S31580E492B88408E38017000000700AE3801700000042
S31580E492C8740AE38017000000840AE380170000002C
S31580E492D8080BE380170000000C0BE38017000000FE
S31580E492E8500BE38017000000300CE3801700000081
S31580E492F86C0CE38017000000880CE38017000000FC
S31580E493089C0DE380170000004C0EE38017000000F4
S31580E49318C40EE38017000000640FE38017000000A2
S31580E493284014E380170000001815E3801700000056
S31580E493382018E380170000002418E3801700000053
S31580E493482818E38017000000681BE38017000000F4
S31580E493586C1BE38017000000701BE3801700000095
S31580E49368741BE38017000000F41BE38017000000F9
S31580E49378541CE38017000000C420E3801700000033
S31580E493888824E380170000008429E380170000001E
S31580E49398D02BE38017000000E031E380170000005B
S31580E493A8E431E380170000009C32E3801700000074
S31580E493B81834E38017000000DC34E38017000000EB
S31580E493C81835E380170000001C35E3801700000099
S31580E493D82035E380170000002435E3801700000079
S31580E493E82835E380170000002C35E3801700000059
S31580E493F8E435E38017000000E835E38017000000D1
S31580E49408F035E380170000007436E3801700000027
S31580E494187836E380170000007C36E3801700000086
S31580E494288036E380170000008436E3801700000066
S31580E494388836E380170000008C36E3801700000046
S31580E494489036E380170000009436E3801700000026
S31580E494580C37E380170000001037E380170000001C
S31580E494681437E380170000001837E38017000000FC
S31580E494781C37E380170000004C3AE38017000000AD
S31580E49488503AE38017000000543AE380170000005E
S31580E49498583AE380170000005C3AE380170000003E
S31580E494A8603AE38017000000643AE380170000001E
S31580E494B86C3AE38017000000703AE38017000000F6
S31580E494C8743AE38017000000783AE38017000000D6
S31580E494D87C3AE38017000000803AE38017000000B6
S31580E494E8843AE38017000000883AE3801700000096
S31580E494F88C3AE38017000000903AE3801700000076
S31580E49508943AE38017000000883CE3801700000063
S31580E495188C3CE38017000000903CE3801700000051
S31580E49528983CE380170000009C3CE3801700000029
S31580E49538A03CE38017000000A43CE3801700000009
S31580E49548A83CE38017000000B03CE38017000000E5
S31580E49558EC3CE38017000000F03CE3801700000051
S31580E49568F83CE380170000005C3DE38017000000C8
S31580E49578603DE38017000000443EE3801700000066
S31580E49588903EE38017000000943EE38017000000D5
S31580E49598B03EE380170000005C40E38017000000DB
S31580E495A86040E380170000006440E3801700000011
S31580E495B86840E380170000006C40E38017000000F1
S31580E495C87040E380170000007440E38017000000D1
S31580E495D87840E38017000000FC41E3801700000030
S31580E495E80042E380170000000442E380170000008D
S31580E495F80842E380170000000C42E380170000006D
S31580E496081042E380170000001442E380170000004C
S31580E496181842E380170000001C42E380170000002C
S31580E496282042E380170000002442E380170000000C
S31580E496382842E380170000002C42E38017000000EC
S31580E496483042E380170000003442E38017000000CC
S31580E496583842E380170000003C42E38017000000AC
S31580E496684042E380170000007042E3801700000060
S31580E49678A842E38017000000CC42E380170000008C
S31580E496884043E380170000004443E380170000006A
S31580E496984843E380170000004C43E380170000004A
S31580E496A85043E380170000002044E380170000005D
S31580E496B82444E380170000002844E3801700000070
S31580E496C82C44E380170000003044E3801700000050
S31580E496D8C844E38017000000CC44E3801700000008
S31580E496E8D044E38017000000D444E38017000000E8
S31580E496F8F044E38017000000F444E3801700000098
S31580E497080845E380170000003445E380170000002D
S31580E497183845E380170000003C45E38017000000E5
S31580E497284045E380170000007445E3801700000095
S31580E497387845E380170000009046E3801700000030
S31580E497489446E380170000009846E38017000000FB
S31580E497589C46E38017000000A046E38017000000DB
S31580E49768A446E38017000000A846E38017000000BB
S31580E49778AC46E38017000000B046E380170000009B
S31580E49788B446E38017000000B846E380170000007B
S31580E49798C046E38017000000C446E3801700000053
S31580E497A8C846E38017000000CC46E3801700000033
S31580E497B8E846E38017000000EC46E38017000000E3
S31580E497C83447E380170000003847E3801700000039
S31580E497D83C47E38017000000AC47E38017000000AD
S31580E497E85048E380170000005848E38017000000DB
S31580E497F8E048E380170000008849E380170000000A
S31580E49808784AE380170000007C4AE380170000006A
S31580E49818804AE38017000000844AE380170000004A
S31580E49828884AE380170000008C4AE380170000002A
S31580E49838904AE38017000000944AE380170000000A
S31580E49848044BE38017000000584BE38017000000C0
S31580E49858784CE380170000007C4CE3801700000016
S31580E49868804CE38017000000844CE38017000000F6
S31580E49878884CE380170000008C4CE38017000000D6
S31580E49888904CE38017000000944CE38017000000B6
S31580E49898984CE380170000009C4CE3801700000096
S31580E498A8A04CE38017000000A44CE3801700000076
S31580E498B8A84CE38017000000AC4CE3801700000056
S31580E498C8B04CE38017000000184DE38017000000D1
S31580E498D81C4DE38017000000204DE380170000004C
S31580E498E8244DE38017000000E04DE3801700000074
S31580E498F8E44DE38017000000E84DE380170000009C
S31580E49908EC4DE38017000000F04DE380170000007B
S31580E49918F44DE38017000000F84DE380170000005B
S31580E49928FC4DE38017000000004EE380170000003A
S31580E49938044EE38017000000084EE3801700000019
S31580E499480C4EE38017000000104EE38017000000F9
S31580E49958144EE38017000000E44FE380170000000C
S31580E49968E84FE38017000000EC4FE380170000001F
S31580E49978F04FE38017000000F44FE38017000000FF
S31580E49988F84FE38017000000FC4FE38017000000DF
S31580E499980050E380170000000450E38017000000BD
S31580E499A80850E380170000000C50E380170000009D
S31580E499B81050E380170000001450E380170000007D
S31580E499C81850E380170000001C50E380170000005D
S31580E499D82050E380170000002450E380170000003D
S31580E499E82850E380170000002C50E380170000001D
S31580E499F83050E380170000003450E38017000000FD
S31580E49A083850E380170000003C50E38017000000DC
S31580E49A184050E380170000004450E38017000000BC
S31580E49A284850E380170000004C50E380170000009C
S31580E49A386850E380170000006851E380170000004F
S31580E49A486C51E380170000007051E3801700000032
S31580E49A587851E380170000007C51E380170000000A
S31580E49A688051E380170000008451E38017000000EA
S31580E49A788851E380170000008C51E38017000000CA
S31580E49A889051E380170000009451E38017000000AA
S31580E49A98B451E38017000000B851E3801700000052
S31580E49AA8EC51E38017000000F051E38017000000D2
S31580E49AB8F451E38017000000F851E38017000000B2
S31580E49AC8FC51E380170000000052E3801700000091
S31580E49AD80452E380170000004453E3801700000033
S31580E49AE84853E380170000004C53E38017000000D6
S31580E49AF85053E380170000005453E38017000000B6
S31580E49B085853E380170000005C53E3801700000095
S31580E49B186053E380170000006453E3801700000075
S31580E49B286853E380170000006C53E3801700000055
S31580E49B387053E380170000007453E3801700000035
S31580E49B487853E380170000007C53E3801700000015
S31580E49B588053E38017000000B056E38017000000C6
S31580E49B68B456E38017000000B856E3801700000077
S31580E49B78BC56E38017000000C056E3801700000057
S31580E49B88C456E38017000000C856E3801700000037
S31580E49B98CC56E38017000000D056E3801700000017
S31580E49BA8D856E38017000000DC56E38017000000EF
S31580E49BB8E056E38017000000E456E38017000000CF
S31580E49BC8E856E38017000000EC56E38017000000AF
S31580E49BD8F056E38017000000F456E380170000008F
S31580E49BE8F856E38017000000FC56E380170000006F
S31580E49BF80057E380170000000457E380170000004D
S31580E49C080857E380170000000C57E380170000002C
S31580E49C181057E380170000001457E380170000000C
S31580E49C28B459E38017000000B859E38017000000B0
S31580E49C38BC59E38017000000C059E3801700000090
S31580E49C48C459E38017000000C859E3801700000070
S31580E49C58CC59E38017000000D059E3801700000050
S31580E49C68D459E38017000000D859E3801700000030
S31580E49C78DC59E38017000000E059E3801700000010
S31580E49C88E459E38017000000E859E38017000000F0
S31580E49C98EC59E38017000000F059E38017000000D0
S31580E49CA8F459E38017000000F859E38017000000B0
S31580E49CB8FC59E38017000000005AE380170000008F
S31580E49CC8045AE38017000000085AE380170000006E
S31580E49CD80C5AE38017000000105AE380170000004E
S31580E49CE8145AE38017000000185AE380170000002E
S31580E49CF81C5AE38017000000205AE380170000000E
S31580E49D08245AE38017000000285AE38017000000ED
S31580E49D182C5AE38017000000305AE38017000000CD
S31580E49D28345AE38017000000385AE38017000000AD
S31580E49D383C5AE38017000000405AE380170000008D
S31580E49D48445AE38017000000105CE38017000000A3
S31580E49D58145CE38017000000185CE38017000000B9
S31580E49D68585CE380170000004860E3801700000031
S31580E49D784C60E380170000005060E3801700000021
S31580E49D885460E380170000005860E3801700000001
S31580E49D986060E380170000006460E38017000000D9
S31580E49DA86860E380170000006C60E38017000000B9
S31580E49DB87060E380170000007460E3801700000099
S31580E49DC87860E380170000007C60E3801700000079
S31580E49DD88060E380170000008460E3801700000059
S31580E49DE88860E380170000008C60E3801700000039
S31580E49DF89060E380170000009460E3801700000019
S31580E49E080C61E380170000001061E380170000000E
S31580E49E18A461E38017000000A861E38017000000CE
S31580E49E28AC61E380170000005462E3801700000009
S31580E49E385862E380170000005C62E3801700000044
S31580E49E486462E380170000006862E380170000001C
S31580E49E586C62E380170000001463E3801700000057
S31580E49E681863E380170000001C63E3801700000092
S31580E49E782463E380170000002863E380170000006A
S31580E49E882C63E380170000004863E3801700000032
S31580E49E987077E380170000007477E380170000008A
S31580E49EA87877E380170000007C77E380170000006A
S31580E49EB88077E380170000008477E380170000004A
S31580E49EC88877E380170000008C77E380170000002A
S31580E49ED89077E380170000009477E380170000000A
S31580E49EE89877E380170000009C77E38017000000EA
S31580E49EF8A077E38017000000A477E38017000000CA
S31580E49F08A877E38017000000AC77E38017000000A9
S31580E49F18B077E38017000000B477E3801700000089
S31580E49F28B877E38017000000BC77E3801700000069
S31580E49F38C077E38017000000C477E3801700000049
S31580E49F48C877E38017000000CC77E3801700000029
S31580E49F58D077E38017000000D477E3801700000009
S31580E49F68D877E38017000000DC77E38017000000E9
S31580E49F78E077E38017000000E477E38017000000C9
S31580E49F88E877E38017000000EC77E38017000000A9
S31580E49F98F077E38017000000F477E3801700000089
S31580E49FA8F877E38017000000FC77E3801700000069
S31580E49FB80078E380170000000478E3801700000047
S31580E49FC80878E380170000000C78E3801700000027
S31580E49FD81078E380170000001478E3801700000007
S31580E49FE81878E380170000001C78E38017000000E7
S31580E49FF82078E380170000002478E38017000000C7
S31580E4A0082878E380170000002C78E38017000000A6
S31580E4A0183078E380170000003478E3801700000086
S31580E4A0283878E380170000003C78E3801700000066
S31580E4A0384078E380170000004478E3801700000046
S31580E4A0484878E380170000004C78E3801700000026
S31580E4A0585078E380170000005478E3801700000006
S31580E4A0685878E380170000005C78E38017000000E6
S31580E4A0786078E380170000006478E38017000000C6
S31580E4A0886878E380170000006C78E38017000000A6
S31580E4A0987078E380170000007478E3801700000086
S31580E4A0A87878E380170000007C78E3801700000066
S31580E4A0B88078E380170000008478E3801700000046
S31580E4A0C88878E380170000008C78E3801700000026
S31580E4A0D89078E380170000009478E3801700000006
S31580E4A0E89878E380170000009C78E38017000000E6
S31580E4A0F8A078E38017000000A478E38017000000C6
S31580E4A108B478E38017000000B878E380170000008D
S31580E4A118BC78E38017000000C078E380170000006D
S31580E4A1282079E380170000002479E3801700000093
S31580E4A1382879E380170000002C79E3801700000073
S31580E4A1483079E380170000003479E3801700000053
S31580E4A1583879E380170000003C79E3801700000033
S31580E4A1684079E380170000004479E3801700000013
S31580E4A1784879E380170000004C79E38017000000F3
S31580E4A1885079E380170000005479E38017000000D3
S31580E4A1985879E380170000005C79E38017000000B3
S31580E4A1A86079E380170000006479E3801700000093
S31580E4A1B86879E380170000006C79E3801700000073
S31580E4A1C87079E380170000007479E3801700000053
S31580E4A1D87879E380170000007C79E3801700000033
S31580E4A1E88079E380170000008479E3801700000013
S31580E4A1F88879E380170000008C79E38017000000F3
S31580E4A2089079E380170000009479E38017000000D2
S31580E4A2189879E380170000009C79E38017000000B2
S31580E4A228A079E38017000000A479E3801700000092
S31580E4A238A879E38017000000AC79E3801700000072
S31580E4A248B079E38017000000B479E3801700000052
S31580E4A258B879E38017000000BC79E3801700000032
S31580E4A268C079E38017000000C479E3801700000012
S31580E4A278C879E38017000000CC79E38017000000F2
S31580E4A288D079E38017000000D479E38017000000D2
S31580E4A2980C7EE38017000000107EE3801700000040
S31580E4A2A8147EE38017000000187EE3801700000020
S31580E4A2B81C7EE38017000000247EE38017000000FC
S31580E4A2C8287EE380170000002C7EE38017000000D8
S31580E4A2D8307EE38017000000347EE38017000000B8
S31580E4A2E8387EE380170000001085E38017000000BD
S31580E4A2F81485E380170000001885E38017000000C2
S31580E4A3081C85E380170000002085E38017000000A1
S31580E4A3182485E380170000002885E3801700000081
S31580E4A3282C85E380170000003085E3801700000061
S31580E4A3383485E380170000003885E3801700000041
S31580E4A3483C85E380170000004085E3801700000021
S31580E4A3584485E380170000004885E3801700000001
S31580E4A3684C85E380170000005085E38017000000E1
S31580E4A3785485E380170000005885E38017000000C1
S31580E4A3885C85E380170000006085E38017000000A1
S31580E4A3986485E380170000006885E3801700000081
S31580E4A3A86C85E380170000007085E3801700000061
S31580E4A3B87485E380170000007885E3801700000041
S31580E4A3C87C85E380170000008085E3801700000021
S31580E4A3D88485E380170000008885E3801700000001
S31580E4A3E88C85E380170000009085E38017000000E1
S31580E4A3F89485E380170000009885E38017000000C1
S31580E4A4089C85E38017000000A085E38017000000A0
S31580E4A418A485E38017000000A885E3801700000080
S31580E4A428AC85E38017000000B085E3801700000060
S31580E4A438B485E38017000000B885E3801700000040
S31580E4A448BC85E38017000000C085E3801700000020
S31580E4A458C485E38017000000C885E3801700000000
S31580E4A468CC85E38017000000D085E38017000000E0
S31580E4A478D485E38017000000D885E38017000000C0
S31580E4A488DC85E38017000000E085E38017000000A0
S31580E4A498E485E38017000000E885E3801700000080
S31580E4A4A8EC85E38017000000F085E3801700000060
S31580E4A4B8F485E38017000000F885E3801700000040
S31580E4A4C8FC85E380170000000086E380170000001F
S31580E4A4D80486E380170000000886E38017000000FE
S31580E4A4E80C86E380170000001086E38017000000DE
S31580E4A4F81486E380170000001886E38017000000BE
S31580E4A5081C86E380170000002086E380170000009D
S31580E4A5182486E380170000002886E380170000007D
S31580E4A5282C86E380170000003086E380170000005D
S31580E4A5383486E380170000003886E380170000003D
S31580E4A5483C86E380170000004086E380170000001D
S31580E4A5584486E380170000004886E38017000000FD
S31580E4A5684C86E380170000005086E38017000000DD
S31580E4A5785486E380170000005886E38017000000BD
S31580E4A5885C86E380170000006086E380170000009D
S31580E4A5986486E380170000006886E380170000007D
S31580E4A5A86C86E380170000007086E380170000005D
S31580E4A5B87486E380170000007886E380170000003D
S31580E4A5C87C86E380170000008086E380170000001D
S31580E4A5D88486E380170000008886E38017000000FD
S31580E4A5E88C86E380170000009086E38017000000DD
S31580E4A5F89486E380170000009886E38017000000BD
S31580E4A6089C86E38017000000A086E380170000009C
S31580E4A618A486E38017000000A886E380170000007C
S31580E4A628AC86E38017000000B086E380170000005C
S31580E4A638B486E38017000000B886E380170000003C
S31580E4A648BC86E38017000000C086E380170000001C
S31580E4A658C486E38017000000C886E38017000000FC
S31580E4A668CC86E38017000000D086E38017000000DC
S31580E4A678D486E38017000000D886E38017000000BC
S31580E4A688DC86E38017000000E086E380170000009C
S31580E4A698E486E38017000000E886E380170000007C
S31580E4A6A8EC86E38017000000F086E380170000005C
S31580E4A6B8F486E38017000000F886E380170000003C
S31580E4A6C8FC86E380170000000087E380170000001B
S31580E4A6D80487E380170000000887E38017000000FA
S31580E4A6E83C8AE38017000000408AE3801700000074
S31580E4A6F8448AE38017000000488AE3801700000054
S31580E4A7084C8AE38017000000508AE3801700000033
S31580E4A718548AE38017000000588AE3801700000013
S31580E4A7285C8AE38017000000608AE38017000000F3
S31580E4A738648AE38017000000688AE38017000000D3
S31580E4A7486C8AE38017000000788AE38017000000AB
S31580E4A758948AE38017000000B08AE380170000003B
S31580E4A768CC8AE38017000000E88AE38017000000BB
S31580E4A778048BE38017000000208BE3801700000039
S31580E4A7883C8BE38017000000588BE38017000000B9
S31580E4A798748BE38017000000908BE3801700000039
S31580E4A7A8AC8BE38017000000C88BE38017000000B9
S31580E4A7B8E48BE38017000000008CE3801700000038
S31580E4A7C81C8CE38017000000388CE38017000000B7
S31580E4A7D8548CE38017000000708CE3801700000037
S31580E4A7E88C8CE38017000000A88CE38017000000B7
S31580E4A7F8C48CE38017000000E08CE3801700000037
S31580E4A808FC8CE38017000000188DE38017000000B5
S31580E4A818348DE38017000000508DE3801700000034
S31580E4A8286C8DE38017000000888DE38017000000B4
S31580E4A838A48DE38017000000C08DE3801700000034
S31580E4A848DC8DE38017000000F88DE38017000000B4
S31580E4A858148EE38017000000308EE3801700000032
S31580E4A8684C8EE38017000000688EE38017000000B2
S31580E4A878848EE38017000000A08EE3801700000032
S31580E4A888BC8EE38017000000D88EE38017000000B2
S31580E4A898F48EE38017000000108FE3801700000031
S31580E4A8A82C8FE38017000000488FE38017000000B0
S31580E4A8B8648FE38017000000808FE3801700000030
S31580E4A8C89C8FE38017000000B88FE38017000000B0
S31580E4A8D8D48FE38017000000F08FE3801700000030
S31580E4A8E80C90E380170000002890E38017000000AE
S31580E4A8F84490E380170000006090E380170000002E
S31580E4A9087C90E380170000009890E38017000000AD
S31580E4A918B490E38017000000D090E380170000002D
S31580E4A928EC90E380170000000891E38017000000AC
S31580E4A9382491E380170000004091E380170000002B
S31580E4A9485C91E380170000007891E38017000000AB
S31580E4A9589491E38017000000B091E380170000002B
S31580E4A968CC91E38017000000E891E38017000000AB
S31580E4A9780492E380170000002092E3801700000029
S31580E4A9883C92E380170000005892E38017000000A9
S31580E4A9987492E380170000009092E3801700000029
S31580E4A9A8AC92E38017000000C892E38017000000A9
S31580E4A9B8E492E380170000000093E3801700000028
S31580E4A9C81C93E380170000003893E38017000000A7
S31580E4A9D85493E380170000007093E3801700000027
S31580E4A9E88C93E38017000000A893E38017000000A7
S31580E4A9F8AC93E38017000000B093E380170000006F
S31580E4AA08B493E38017000000C093E3801700000046
S31580E4AA18C893E38017000000CC93E3801700000016
S31580E4AA28D493E38017000000D893E38017000000EE
S31580E4AA38E093E38017000000E493E38017000000C6
S31580E4AA48EC93E38017000000F093E380170000009E
S31580E4AA58F893E38017000000FC93E3801700000076
S31580E4AA680494E380170000000894E380170000004C
S31580E4AA781094E380170000001494E3801700000024
S31580E4AA881C94E380170000002094E38017000000FC
S31580E4AA982894E380170000002C94E38017000000D4
S31580E4AAA83494E380170000003894E38017000000AC
S31580E4AAB84094E380170000004494E3801700000084
S31580E4AAC84C94E380170000005094E380170000005C
S31580E4AAD85894E380170000005C94E3801700000034
S31580E4AAE86494E380170000006894E380170000000C
S31580E4AAF87094E380170000007494E38017000000E4
S31580E4AB087C94E380170000008094E38017000000BB
S31580E4AB188894E380170000008C94E3801700000093
S31580E4AB289494E380170000009894E380170000006B
S31580E4AB38A094E38017000000A494E3801700000043
S31580E4AB48AC94E38017000000B094E380170000001B
S31580E4AB58B894E38017000000BC94E38017000000F3
S31580E4AB68C494E38017000000C894E38017000000CB
S31580E4AB78D094E38017000000D494E38017000000A3
S31580E4AB88DC94E38017000000E094E380170000007B
S31580E4AB98E894E38017000000EC94E3801700000053
S31580E4ABA8F494E38017000000F894E380170000002B
S31580E4ABB80095E380170000000495E3801700000001
S31580E4ABC81095E380170000001895E38017000000CD
S31580E4ABD81C95E380170000002495E38017000000A5
S31580E4ABE82895E380170000003095E380170000007D
S31580E4ABF83495E380170000003C95E3801700000055
S31580E4AC084095E380170000004895E380170000002C
S31580E4AC184C95E380170000005495E3801700000004
S31580E4AC285895E380170000006095E38017000000DC
S31580E4AC386495E380170000006C95E38017000000B4
S31580E4AC487095E380170000007895E380170000008C
S31580E4AC587C95E380170000008495E3801700000064
S31580E4AC688895E380170000009095E380170000003C
S31580E4AC789495E380170000009C95E3801700000014
S31580E4AC88A095E38017000000A895E38017000000EC
S31580E4AC98AC95E38017000000B495E38017000000C4
S31580E4ACA8B895E38017000000C095E380170000009C
S31580E4ACB8C495E38017000000D095E3801700000070
S31580E4ACC8D895E38017000000DC95E3801700000040
S31580E4ACD8E495E38017000000E895E3801700000018
S31580E4ACE8F095E38017000000F495E38017000000F0
S31580E4ACF8FC95E380170000000096E38017000000C7
S31580E4AD080896E380170000000C96E380170000009D
S31580E4AD181496E380170000001896E3801700000075
S31580E4AD282096E380170000002496E380170000004D
S31580E4AD382C96E380170000003096E3801700000025
S31580E4AD483896E380170000003C96E38017000000FD
S31580E4AD58DC38E48017000000E038E480170000005F
S31580E4AD68E438E48017000000E838E480170000003F
S31580E4AD78EC38E48017000000F038E480170000001F
S31580E4AD88F438E48017000000F838E48017000000FF
S31580E4AD98FC38E480170000000039E48017000000DE
S31580E4ADA80439E48017000000983CE480170000002A
S31580E4ADB8A83CE48017000000AC3CE480170000005F
S31580E4ADC8B43CE48017000000C43CE480170000002B
S31580E4ADD8C83CE48017000000D03CE48017000000FB
S31580E4ADE8E03CE48017000000E43CE48017000000BF
S31580E4ADF8EC3CE48017000000FC3CE480170000008B
S31580E4AE08003DE48017000000083DE4801700000058
S31580E4AE18183DE480170000001C3DE480170000001C
S31580E4AE28243DE48017000000343DE48017000000E8
S31580E4AE38383DE48017000000403DE48017000000B8
S31580E4AE48503DE48017000000543DE480170000007C
S31580E4AE585C3DE480170000006C3DE4801700000048
S31580E4AE68703DE48017000000783DE4801700000018
S31580E4AE78883DE480170000008C3DE48017000000DC
S31580E4AE886C4AE48017000000784AE48017000000E2
S31580E4AE987C4AE48017000000804AE48017000000BA
S31580E4AEA8884AE48017000000944AE480170000008A
S31580E4AEB8984AE480170000009C4AE4801700000062
S31580E4AEC8A44AE48017000000B04AE4801700000032
S31580E4AED8B44AE48017000000B84AE480170000000A
S31580E4AEE8C04AE48017000000CC4AE48017000000DA
S31580E4AEF8D04AE48017000000D44AE48017000000B2
S31580E4AF08DC4AE48017000000E84AE4801700000081
S31580E4AF18EC4AE48017000000F04AE4801700000059
S31580E4AF28F84AE48017000000044BE4801700000028
S31580E4AF38084BE480170000000C4BE48017000000FF
S31580E4AF48144BE48017000000204BE48017000000CF
S31580E4AF58244BE48017000000284BE48017000000A7
S31580E4AF68304BE480170000003C4BE4801700000077
S31580E4AF78404BE48017000000444BE480170000004F
S31580E4AF88544BE48017000000584BE4801700000017
S31580E4AF985C4BE48017000000604BE48017000000F7
S31580E4AFA8644BE48017000000684BE48017000000D7
S31580E4AFB86C4BE48017000000704BE48017000000B7
S31580E4AFC8744BE48017000000784BE4801700000097
S31580E4AFD87C4BE48017000000804BE4801700000077
S31580E4AFE8844BE48017000000884BE4801700000057
S31580E4AFF88C4BE48017000000904BE4801700000037
S31580E4B008944BE48017000000984BE4801700000016
S31580E4B0189C4BE48017000000A04BE48017000000F6
S31580E4B028A44BE48017000000A84BE48017000000D6
S31580E4B038AC4BE48017000000B04BE48017000000B6
S31580E4B048B44BE48017000000B84BE4801700000096
S31580E4B058BC4BE48017000000C04BE4801700000076
S31580E4B068C44BE48017000000C84BE4801700000056
S31580E4B078CC4BE48017000000D04BE4801700000036
S31580E4B088D44BE48017000000D84BE4801700000016
S31580E4B098DC4BE48017000000E04BE48017000000F6
S31580E4B0A8E44BE48017000000E84BE48017000000D6
S31580E4B0B8EC4BE48017000000F04BE48017000000B6
S31580E4B0C8F44BE48017000000F84BE4801700000096
S31580E4B0D8FC4BE48017000000004CE4801700000075
S31580E4B0E8044CE48017000000084CE4801700000054
S31580E4B0F80C4CE48017000000104CE4801700000034
S31580E4B108144CE48017000000184CE4801700000013
S31580E4B1181C4CE48017000000204CE48017000000F3
S31580E4B128244CE48017000000284CE48017000000D3
S31580E4B1382C4CE48017000000304CE48017000000B3
S31580E4B148344CE48017000000384CE4801700000093
S31580E4B1583C4CE48017000000404CE4801700000073
S31580E4B168444CE48017000000484CE4801700000053
S31580E4B1784C4CE48017000000504CE4801700000033
S31580E4B188544CE48017000000584CE4801700000013
S31580E4B1985C4CE48017000000604CE48017000000F3
S31580E4B1A8644CE48017000000684CE48017000000D3
S31580E4B1B86C4CE48017000000704CE48017000000B3
S31580E4B1C8744CE48017000000784CE4801700000093
S31580E4B1D87C4CE48017000000804CE4801700000073
S31580E4B1E8844CE48017000000884CE4801700000053
S31580E4B1F88C4CE48017000000904CE4801700000033
S31580E4B208944CE48017000000984CE4801700000012
S31580E4B2189C4CE48017000000A04CE48017000000F2
S31580E4B228A44CE48017000000A84CE48017000000D2
S31580E4B238AC4CE48017000000B04CE48017000000B2
S31580E4B248B44CE48017000000B84CE4801700000092
S31580E4B258BC4CE48017000000C04CE4801700000072
S31580E4B268C44CE48017000000C84CE4801700000052
S31580E4B278CC4CE48017000000D04CE4801700000032
S31580E4B288D44CE48017000000D84CE4801700000012
S31580E4B298DC4CE48017000000E04CE48017000000F2
S31580E4B2A8E44CE48017000000E84CE48017000000D2
S31580E4B2B8EC4CE48017000000F04CE48017000000B2
S31580E4B2C8F44CE48017000000F84CE4801700000092
S31580E4B2D8FC4CE48017000000004DE4801700000071
S31580E4B2E8044DE48017000000084DE4801700000050
S31580E4B2F80C4DE48017000000104DE4801700000030
S31580E4B308144DE48017000000184DE480170000000F
S31580E4B3181C4DE48017000000204DE48017000000EF
S31580E4B328244DE48017000000284DE48017000000CF
S31580E4B3382C4DE48017000000304DE48017000000AF
S31580E4B348344DE48017000000384DE480170000008F
S31580E4B3583C4DE48017000000404DE480170000006F
S31580E4B368444DE48017000000484DE480170000004F
S31580E4B3784C4DE48017000000504DE480170000002F
S31580E4B388544DE48017000000584DE480170000000F
S31580E4B3985C4DE48017000000604DE48017000000EF
S31580E4B3A8644DE48017000000684DE48017000000CF
S31580E4B3B86C4DE48017000000704DE48017000000AF
S31580E4B3C8744DE48017000000784DE480170000008F
S31580E4B3D87C4DE48017000000804DE480170000006F
S31580E4B3E8844DE48017000000884DE480170000004F
S31580E4B3F88C4DE48017000000904DE480170000002F
S31580E4B408944DE48017000000984DE480170000000E
S31580E4B4189C4DE48017000000A04DE48017000000EE
S31580E4B428A44DE48017000000A84DE48017000000CE
S31580E4B438AC4DE48017000000B04DE48017000000AE
S31580E4B448B44DE48017000000B84DE480170000008E
S31580E4B458BC4DE48017000000C04DE480170000006E
S31580E4B468C44DE48017000000C84DE480170000004E
S31580E4B478CC4DE48017000000D04DE480170000002E
S31580E4B488D44DE48017000000D84DE480170000000E
S31580E4B498DC4DE48017000000E04DE48017000000EE
S31580E4B4A8E44DE48017000000E84DE48017000000CE
S31580E4B4B8EC4DE48017000000F04DE48017000000AE
S31580E4B4C8F44DE48017000000F84DE480170000008E
S31580E4B4D8FC4DE48017000000004EE480170000006D
S31580E4B4E8044EE48017000000084EE480170000004C
S31580E4B4F80C4EE48017000000104EE480170000002C
S31580E4B508144EE48017000000184EE480170000000B
S31580E4B5181C4EE48017000000204EE48017000000EB
S31580E4B528244EE48017000000284EE48017000000CB
S31580E4B5382C4EE48017000000304EE48017000000AB
S31580E4B548344EE48017000000384EE480170000008B
S31580E4B5583C4EE48017000000404EE480170000006B
S31580E4B568444EE48017000000484EE480170000004B
S31580E4B5784C4EE48017000000504EE480170000002B
S31580E4B588544EE48017000000584EE480170000000B
S31580E4B5985C4EE48017000000604EE48017000000EB
S31580E4B5A8644EE48017000000684EE48017000000CB
S31580E4B5B86C4EE48017000000704EE48017000000AB
S31580E4B5C8744EE48017000000784EE480170000008B
S31580E4B5D87C4EE48017000000804EE480170000006B
S31580E4B5E8844EE48017000000884EE480170000004B
S31580E4B5F88C4EE48017000000904EE480170000002B
S31580E4B608944EE48017000000984EE480170000000A
S31580E4B6189C4EE48017000000A04EE48017000000EA
S31580E4B628A44EE48017000000A84EE48017000000CA
S31580E4B638AC4EE48017000000B04EE48017000000AA
S31580E4B648B44EE48017000000B84EE480170000008A
S31580E4B658BC4EE48017000000C04EE480170000006A
S31580E4B668C44EE48017000000C84EE480170000004A
S31580E4B678CC4EE48017000000D04EE480170000002A
S31580E4B688D44EE48017000000D84EE480170000000A
S31580E4B698DC4EE48017000000E04EE48017000000EA
S31580E4B6A8E44EE48017000000E84EE48017000000CA
S31580E4B6B8EC4EE48017000000F04EE48017000000AA
S31580E4B6C8F44EE48017000000F84EE480170000008A
S31580E4B6D8FC4EE48017000000004FE4801700000069
S31580E4B6E8044FE48017000000084FE4801700000048
S31580E4B6F80C4FE48017000000104FE4801700000028
S31580E4B708144FE48017000000184FE4801700000007
S31580E4B7181C4FE48017000000204FE48017000000E7
S31580E4B728244FE48017000000284FE48017000000C7
S31580E4B7382C4FE48017000000304FE48017000000A7
S31580E4B748344FE48017000000384FE4801700000087
S31580E4B7583C4FE48017000000404FE4801700000067
S31580E4B768444FE48017000000484FE4801700000047
S31580E4B7784C4FE48017000000504FE4801700000027
S31580E4B788684FE48017000000744FE48017000000D7
S31580E4B798784FE480170000007C4FE48017000000AF
S31580E4B7A80455E480170000000855E480170000007B
S31580E4B7B81C55E480170000002055E480170000003B
S31580E4B7C83455E480170000003855E48017000000FB
S31580E4B7D84C55E480170000005055E48017000000BB
S31580E4B7E86455E480170000006855E480170000007B
S31580E4B7F87C55E480170000008055E480170000003B
S31580E4B8089455E480170000009855E48017000000FA
S31580E4B818AC55E48017000000B055E48017000000BA
S31580E4B828C455E48017000000C855E480170000007A
S31580E4B838DC55E48017000000E055E480170000003A
S31580E4B848F455E48017000000F855E48017000000FA
S31580E4B8580C56E480170000001056E48017000000B8
S31580E4B8682456E480170000002856E4801700000078
S31580E4B8783C56E480170000004056E4801700000038
S31580E4B8885456E480170000005856E48017000000F8
S31580E4B8986C56E480170000007056E48017000000B8
S31580E4B8A88456E480170000008856E4801700000078
S31580E4B8B89C56E48017000000A056E4801700000038
S31580E4B8C8B456E48017000000B856E48017000000F8
S31580E4B8D8CC56E48017000000D056E48017000000B8
S31580E4B8E8E456E48017000000E856E4801700000078
S31580E4B8F8FC56E480170000000057E4801700000037
S31580E4B9081457E480170000001857E48017000000F5
S31580E4B9182C57E480170000003057E48017000000B5
S31580E4B9284457E480170000004857E4801700000075
S31580E4B9385C57E480170000006057E4801700000035
S31580E4B9487457E480170000007857E48017000000F5
S31580E4B9588C57E480170000009057E48017000000B5
S31580E4B968A457E48017000000A857E4801700000075
S31580E4B978BC57E48017000000C057E4801700000035
S31580E4B988A458E48017000000AC58E480170000004F
S31580E4B998B058E48017000000B458E480170000002B
S31580E4B9A8B858E48017000000BC58E480170000000B
S31580E4B9B8D458E48017000000DC58E48017000000BF
S31580E4B9C8E058E48017000000E458E480170000009B
S31580E4B9D8E858E48017000000EC58E480170000007B
S31580E4B9E86459E480170000006859E4801700000071
S31580E4B9F86C59E480170000007459E480170000004D
S31580E4BA087C59E480170000008059E4801700000020
S31580E4BA188459E480170000008859E4801700000000
S31580E4BA288C59E48017000000C059E48017000000B0
S31580E4BA38CC59E48017000000D059E4801700000050
S31580E4BA48D459E48017000000DC59E480170000002C
S31580E4BA58E859E48017000000EC59E48017000000F8
S31580E4BA68F059E48017000000F859E48017000000D4
S31580E4BA78045AE48017000000085AE480170000009E
S31580E4BA880C5AE48017000000145AE480170000007A
S31580E4BA98205AE48017000000245AE4801700000046
S31580E4BAA8285AE48017000000305AE4801700000022
S31580E4BAB83C5AE48017000000405AE48017000000EE
S31580E4BAC8445AE480170000004C5AE48017000000CA
S31580E4BAD8585AE480170000005C5AE4801700000096
S31580E4BAE8605AE48017000000685AE4801700000072
S31580E4BAF8745AE48017000000785AE480170000003E
S31580E4BB087C5AE48017000000845AE4801700000019
S31580E4BB18905AE48017000000945AE48017000000E5
S31580E4BB28985AE48017000000A05AE48017000000C1
S31580E4BB38AC5AE48017000000B05AE480170000008D
S31580E4BB48B45AE48017000000BC5AE4801700000069
S31580E4BB58C85AE48017000000CC5AE4801700000035
S31580E4BB68D05AE48017000000D85AE4801700000011
S31580E4BB78E45AE48017000000E85AE48017000000DD
S31580E4BB88EC5AE48017000000F45AE48017000000B9
S31580E4BB98005BE48017000000045BE4801700000083
S31580E4BBA8085BE48017000000105BE480170000005F
S31580E4BBB81C5BE48017000000205BE480170000002B
S31580E4BBC8245BE480170000002C5BE4801700000007
S31580E4BBD8385BE480170000003C5BE48017000000D3
S31580E4BBE8405BE48017000000485BE48017000000AF
S31580E4BBF8545BE48017000000585BE480170000007B
S31580E4BC085C5BE48017000000645BE4801700000056
S31580E4BC18705BE48017000000745BE4801700000022
S31580E4BC28785BE48017000000805BE48017000000FE
S31580E4BC388C5BE48017000000905BE48017000000CA
S31580E4BC48945BE480170000009C5BE48017000000A6
S31580E4BC58A85BE48017000000AC5BE4801700000072
S31580E4BC68B05BE48017000000B85BE480170000004E
S31580E4BC78C45BE48017000000C85BE480170000001A
S31580E4BC88CC5BE48017000000D45BE48017000000F6
S31580E4BC98E05BE48017000000E45BE48017000000C2
S31580E4BCA8E85BE48017000000F05BE480170000009E
S31580E4BCB8FC5BE48017000000005CE4801700000069
S31580E4BCC8045CE480170000000C5CE4801700000044
S31580E4BCD8185CE480170000001C5CE4801700000010
S31580E4BCE8205CE48017000000285CE48017000000EC
S31580E4BCF8345CE48017000000385CE48017000000B8
S31580E4BD083C5CE48017000000445CE4801700000093
S31580E4BD18505CE48017000000545CE480170000005F
S31580E4BD28585CE48017000000605CE480170000003B
S31580E4BD386C5CE48017000000705CE4801700000007
S31580E4BD48745CE48017000000785CE48017000000E7
S31580E4BD587C5CE48017000000885CE48017000000BF
S31580E4BD688C5CE48017000000905CE4801700000097
S31580E4BD78985CE48017000000A45CE4801700000067
S31580E4BD88A85CE48017000000AC5CE480170000003F
S31580E4BD98B45CE48017000000C05CE480170000000F
S31580E4BDA8C45CE48017000000C85CE48017000000E7
S31580E4BDB8CC5CE48017000000D05CE48017000000C7
S31580E4BDC8DC5CE48017000000E05CE4801700000097
S31580E4BDD8E45CE48017000000EC5CE4801700000073
S31580E4BDE8F85CE48017000000FC5CE480170000003F
S31580E4BDF8005DE48017000000085DE4801700000019
S31580E4BE08145DE48017000000185DE48017000000E4
S31580E4BE181C5DE48017000000205DE48017000000C4
S31580E4BE28245DE48017000000305DE480170000009C
S31580E4BE38345DE48017000000385DE4801700000074
S31580E4BE48405DE480170000004C5DE4801700000044
S31580E4BE58505DE48017000000545DE480170000001C
S31580E4BE685C5DE48017000000685DE48017000000EC
S31580E4BE786C5DE48017000000705DE48017000000C4
S31580E4BE88785DE480170000007C5DE480170000009C
S31580E4BE98805DE48017000000845DE480170000007C
S31580E4BEA8885DE480170000008C5DE480170000005C
S31580E4BEB8905DE48017000000945DE480170000003C
S31580E4BEC8985DE480170000009C5DE480170000001C
S31580E4BED8A05DE48017000000A45DE48017000000FC
S70580DFFE009D
